timestamp,user_id,action_type,ip_location_mismatch,download_count_last_1h,failed_logins_last_1h,bytes_transferred_last_1h,label_anomaly
1775704226,af8ebf32-c726-48e0-b053-6e07e853a46c,login,0,2,0,99357,0
1775704244,fd0692da-82f4-4c34-a563-b3e73b085db8,login,0,2,0,908692,0
1775704232,15dbe71f-eca0-41d6-8a3a-e5fd6d2c2fca,upload,0,0,0,281192,0
1775704235,367f1ba0-3a73-4e8c-8daa-67458bf346b5,upload,0,1,0,411603,0
1775704298,0c0ce9ee-9ada-4d72-a3f2-eb9483feabe8,download,0,1,0,1857031,0
1775704296,b49ce9ef-011a-422b-8b81-2506dc0fe127,list,0,0,0,671502,0
1775704292,9b308c90-9a9b-4ab3-be08-0ca6d6041471,list,0,2,0,364264,0
1775704261,ab380f02-12bc-473b-a535-28f832822074,download,1,370,1,119602040,1
1775704258,25a72f32-e37a-4cab-b3f6-77192fc0aa35,list,0,0,0,169314,0
1775704361,3f213bee-6235-480e-9e70-d5e80fd9ddc3,upload,0,1,0,301891,0
1775704276,94ebcab9-38b7-432d-8cff-b96fbc75dfcb,upload,0,0,0,778699,0
1775704314,24981836-1892-4695-a7ba-6ea35f397c4d,download,0,1,0,4538576,0
1775704322,b635daa1-ee9f-43f2-9a34-e1d43caad67b,download,0,2,0,224809,0
1775704343,167a8f34-3eb0-427e-b067-859df37c0547,upload,0,2,0,886736,0
1775704408,4b67bf97-823a-4df1-bde9-f0a99700964b,download,0,5,0,2238285,0
1775704286,f33ea619-379b-4fe8-8607-92f27dba7c4a,upload,0,0,0,450464,0
1775704546,c8fc1656-71fd-4515-acfb-7ef374d44fe6,login,0,1,1,999123,0
1775704549,4b67bf97-823a-4df1-bde9-f0a99700964b,download,0,2,0,3856546,0
1775704424,2778adb7-8d25-4998-840b-d5914a0c3d4c,download,0,1,0,2374312,0
1775704245,15dbe71f-eca0-41d6-8a3a-e5fd6d2c2fca,list,0,1,0,309480,0
1775704506,94ebcab9-38b7-432d-8cff-b96fbc75dfcb,download,0,3,0,5160755,0
1775704646,c89fde94-1c9a-4e8a-90a3-c263cb7eb17e,login,0,1,1,1018172,0
1775704512,c737d5c8-b53d-4464-a1d2-9e2bd7456966,download,0,1,0,3694584,0
1775704594,4bcd6d06-db69-4a40-b976-05c7544a1a2c,upload,0,0,0,861919,0
1775704322,49dda7ce-0e05-4a40-a128-6349450ff1a6,login,0,0,0,499314,0
1775704476,3e43f9fe-09aa-428c-895e-344049e5f0eb,upload,0,0,0,984338,0
1775704590,167a8f34-3eb0-427e-b067-859df37c0547,download,0,2,0,2395423,0
1775704469,8f4bb3f7-7f34-4857-9345-cc7b691ec121,list,0,1,0,238591,0
1775704366,0a847b66-6bdd-4f6c-9e30-f67be2e768e9,download,0,4,0,2597712,0
1775704632,eafb92c7-9925-4cf6-9c62-aaf2d611150b,download,0,3,0,1540671,0
1775704676,16220f75-189c-4d49-b1b9-5a289a9f3df4,download,0,2,0,3679314,0
1775704815,72e59186-4ee7-4a1e-9d41-155f00e06a95,upload,0,2,0,687655,0
1775704418,63ed13fc-16ff-4c73-adea-2135300ae355,list,0,0,0,134966,0
1775704391,3e43f9fe-09aa-428c-895e-344049e5f0eb,list,0,0,0,708157,0
1775704362,49dda7ce-0e05-4a40-a128-6349450ff1a6,list,0,1,0,1023239,0
1775704331,cc6a7b0a-aac4-45a5-89b8-538fccc1db40,upload,0,0,0,139012,0
1775704406,af8ebf32-c726-48e0-b053-6e07e853a46c,login,0,2,1,558627,0
1775704781,f33ea619-379b-4fe8-8607-92f27dba7c4a,list,0,2,0,809144,0
1775704644,8f4bb3f7-7f34-4857-9345-cc7b691ec121,upload,0,0,0,938109,0
1775705006,6ced1eb4-5e32-4d6c-8280-0946d4f05bef,download,0,3,0,3944747,0
1775704906,0c0ce9ee-9ada-4d72-a3f2-eb9483feabe8,download,0,5,0,563038,0
1775704513,6ced1eb4-5e32-4d6c-8280-0946d4f05bef,list,0,0,0,452575,0
1775704772,eafb92c7-9925-4cf6-9c62-aaf2d611150b,download,0,3,0,4749995,0
1775704957,9e93a6a6-b5c3-47bd-9b46-2b2d28bc37f7,download,0,4,0,5219398,0
1775704358,ae00c3fa-f6d5-419b-8612-52db300d9dd9,upload,0,0,0,636125,0
1775704406,12991671-ea7d-4165-971a-36942f3fa1d2,login,0,1,1,328276,0
1775704594,c737d5c8-b53d-4464-a1d2-9e2bd7456966,download,0,1,0,728430,0
1775704931,cc6a7b0a-aac4-45a5-89b8-538fccc1db40,list,0,1,0,11877,0
1775705090,fd0692da-82f4-4c34-a563-b3e73b085db8,login,0,0,1,197526,0
1775704961,9b308c90-9a9b-4ab3-be08-0ca6d6041471,login,0,2,1,1046599,0
1775704776,b49ce9ef-011a-422b-8b81-2506dc0fe127,list,0,0,0,916468,0
1775705195,af8ebf32-c726-48e0-b053-6e07e853a46c,upload,0,0,0,322204,0
1775704954,72e59186-4ee7-4a1e-9d41-155f00e06a95,download,0,2,0,2977904,0
1775705286,2cfa69c9-d3d1-4780-967c-3e5e2ff36998,upload,0,0,0,426843,0
1775704604,ace9ed8f-794e-41b0-ab66-c2ba52f19d0f,upload,0,2,0,10179,0
1775704996,b635daa1-ee9f-43f2-9a34-e1d43caad67b,download,0,4,0,699696,0
1775704842,4a209499-fcdb-4d47-9fba-19deb77f4b7b,upload,0,1,0,1027471,0
1775704511,12991671-ea7d-4165-971a-36942f3fa1d2,download,0,2,0,4937279,0
1775705386,0a847b66-6bdd-4f6c-9e30-f67be2e768e9,list,0,1,0,586618,0
1775704816,8dfb3116-3ac3-4112-be98-a2662c81ae72,list,0,0,0,989938,0
1775704706,4bcd6d06-db69-4a40-b976-05c7544a1a2c,login,0,2,0,448518,0
1775704958,2cfa69c9-d3d1-4780-967c-3e5e2ff36998,login,0,0,0,549200,0
1775704846,4a209499-fcdb-4d47-9fba-19deb77f4b7b,login,0,2,1,721321,0
1775705108,ab380f02-12bc-473b-a535-28f832822074,download,1,152,1,549543802,1
1775705378,6ced1eb4-5e32-4d6c-8280-0946d4f05bef,login,0,1,0,172448,0
1775704811,0c0ce9ee-9ada-4d72-a3f2-eb9483feabe8,login,0,0,0,847149,0
1775705216,7019fef8-eee1-4780-8866-3cf355f39326,list,0,2,0,619128,0
1775704561,2cfa69c9-d3d1-4780-967c-3e5e2ff36998,upload,0,2,0,360571,0
1775705382,24981836-1892-4695-a7ba-6ea35f397c4d,login,0,1,0,1022081,0
1775705606,eafb92c7-9925-4cf6-9c62-aaf2d611150b,login,0,0,0,636855,0
1775705486,b635daa1-ee9f-43f2-9a34-e1d43caad67b,login,0,1,1,147550,0
1775704794,3e43f9fe-09aa-428c-895e-344049e5f0eb,login,0,2,1,887009,0
1775704514,c89fde94-1c9a-4e8a-90a3-c263cb7eb17e,upload,0,2,0,748632,0
1775705102,49dda7ce-0e05-4a40-a128-6349450ff1a6,upload,0,0,0,421728,0
1775705188,b49ce9ef-011a-422b-8b81-2506dc0fe127,upload,0,2,0,1025537,0
1775704976,12991671-ea7d-4165-971a-36942f3fa1d2,login,0,1,0,982378,0
1775704606,2778adb7-8d25-4998-840b-d5914a0c3d4c,list,0,0,0,513952,0
1775704919,6ced1eb4-5e32-4d6c-8280-0946d4f05bef,download,0,5,0,3485991,0
1775704616,6ced1eb4-5e32-4d6c-8280-0946d4f05bef,login,0,0,1,351442,0
1775705411,16220f75-189c-4d49-b1b9-5a289a9f3df4,upload,0,2,0,385594,0
1775704866,0a847b66-6bdd-4f6c-9e30-f67be2e768e9,upload,0,2,0,364675,0
1775704874,c74fcfdf-af81-457e-a423-f6336477d65e,login,0,0,1,90633,0
1775705620,0c0ce9ee-9ada-4d72-a3f2-eb9483feabe8,download,0,5,0,2864474,0
1775704807,c74fcfdf-af81-457e-a423-f6336477d65e,login,0,2,1,1048310,0
1775704814,167a8f34-3eb0-427e-b067-859df37c0547,login,0,0,1,572171,0
1775705246,e26907cb-e617-4ac2-b726-bea132470922,download,0,2,0,1929462,0
1775705000,c89fde94-1c9a-4e8a-90a3-c263cb7eb17e,login,0,2,0,467264,0
1775705444,15dbe71f-eca0-41d6-8a3a-e5fd6d2c2fca,download,0,3,0,2451812,0
1775704842,2cfa69c9-d3d1-4780-967c-3e5e2ff36998,download,0,5,0,1185367,0
1775704938,12991671-ea7d-4165-971a-36942f3fa1d2,list,0,2,0,1025490,0
1775704496,3797b81a-52e7-4e52-b1c1-6a9fc51bf6c4,list,0,0,0,948000,0
1775704408,2778adb7-8d25-4998-840b-d5914a0c3d4c,list,0,1,0,44013,0
1775704778,b635daa1-ee9f-43f2-9a34-e1d43caad67b,login,0,2,0,720341,0
1775704784,ab380f02-12bc-473b-a535-28f832822074,download,1,99,0,907947628,1
1775704790,4bcd6d06-db69-4a40-b976-05c7544a1a2c,list,0,1,0,60976,0
1775704321,032b1a57-8090-46a1-b4e2-919eecba5a54,upload,0,2,0,297159,0
1775706146,c8fc1656-71fd-4515-acfb-7ef374d44fe6,download,0,5,0,257016,0
1775705487,6ced1eb4-5e32-4d6c-8280-0946d4f05bef,list,0,0,0,91552,0
1775705892,3f213bee-6235-480e-9e70-d5e80fd9ddc3,login,0,2,0,203729,0
1775705612,ab380f02-12bc-473b-a535-28f832822074,download,1,182,2,894763994,1
1775705726,3797b81a-52e7-4e52-b1c1-6a9fc51bf6c4,upload,0,1,0,522724,0
1775706145,63ed13fc-16ff-4c73-adea-2135300ae355,upload,0,1,0,102510,0
1775705450,16220f75-189c-4d49-b1b9-5a289a9f3df4,login,0,1,1,297593,0
1775705874,167a8f34-3eb0-427e-b067-859df37c0547,login,0,1,1,903244,0
1775704746,b49ce9ef-011a-422b-8b81-2506dc0fe127,download,0,3,0,4621519,0
1775704961,ab380f02-12bc-473b-a535-28f832822074,download,1,65,1,887714534,1
1775705392,cfeed54f-cb0f-4fcb-a16f-f26aa8f69416,list,0,2,0,902106,0
1775706259,67b0661e-1123-49dd-9aab-466dbffefb05,list,0,2,0,790806,0
1775704982,8dfb3116-3ac3-4112-be98-a2662c81ae72,list,0,1,0,267360,0
1775705098,3797b81a-52e7-4e52-b1c1-6a9fc51bf6c4,download,0,2,0,3493106,0
1775705656,ab380f02-12bc-473b-a535-28f832822074,upload,0,2,0,673688,0
1775704337,0a847b66-6bdd-4f6c-9e30-f67be2e768e9,upload,0,1,0,944697,0
1775704898,72e59186-4ee7-4a1e-9d41-155f00e06a95,upload,0,2,0,578233,0
1775704339,bf43f002-7707-4271-b479-7bd6660b6627,download,0,2,0,5094239,0
1775705138,b49ce9ef-011a-422b-8b81-2506dc0fe127,list,0,2,0,307241,0
1775706296,49dda7ce-0e05-4a40-a128-6349450ff1a6,list,0,2,0,781662,0
1775704922,94ebcab9-38b7-432d-8cff-b96fbc75dfcb,download,0,3,0,436859,0
1775705279,6ced1eb4-5e32-4d6c-8280-0946d4f05bef,login,0,2,0,931941,0
1775706114,3f213bee-6235-480e-9e70-d5e80fd9ddc3,download,0,5,0,2409302,0
1775705773,4bcd6d06-db69-4a40-b976-05c7544a1a2c,upload,0,2,0,387297,0
1775705786,94ebcab9-38b7-432d-8cff-b96fbc75dfcb,upload,0,2,0,961351,0
1775704589,cfeed54f-cb0f-4fcb-a16f-f26aa8f69416,upload,0,0,0,902465,0
1775705080,3797b81a-52e7-4e52-b1c1-6a9fc51bf6c4,download,0,5,0,193796,0
1775705210,3797b81a-52e7-4e52-b1c1-6a9fc51bf6c4,list,0,2,0,961741,0
1775705466,ab380f02-12bc-473b-a535-28f832822074,download,1,142,1,281062438,1
1775705726,3797b81a-52e7-4e52-b1c1-6a9fc51bf6c4,upload,0,2,0,962005,0
1775706368,cc6a7b0a-aac4-45a5-89b8-538fccc1db40,list,0,0,0,975595,0
1775706258,ae00c3fa-f6d5-419b-8612-52db300d9dd9,download,0,3,0,2303671,0
1775705506,ab380f02-12bc-473b-a535-28f832822074,download,1,372,0,780790416,1
1775705258,bf43f002-7707-4271-b479-7bd6660b6627,login,0,0,1,1024042,0
1775706566,367f1ba0-3a73-4e8c-8daa-67458bf346b5,list,0,1,0,998841,0
1775706191,72e59186-4ee7-4a1e-9d41-155f00e06a95,upload,0,0,0,206012,0
1775706074,c8fc1656-71fd-4515-acfb-7ef374d44fe6,list,0,2,0,1028370,0
1775705157,3e43f9fe-09aa-428c-895e-344049e5f0eb,download,0,2,0,4149481,0
1775705566,e26907cb-e617-4ac2-b726-bea132470922,login,0,0,1,102145,0
1775706116,c8fc1656-71fd-4515-acfb-7ef374d44fe6,upload,0,1,0,416710,0
1775706130,9b308c90-9a9b-4ab3-be08-0ca6d6041471,login,0,0,0,361192,0
1775705596,ab380f02-12bc-473b-a535-28f832822074,download,0,2,0,5174946,0
1775706434,6ced1eb4-5e32-4d6c-8280-0946d4f05bef,login,0,0,1,12721,0
1775706311,ad53681e-c36e-4b3f-a8ad-22cf2bd4a765,list,0,0,0,457815,0
1775704786,ab380f02-12bc-473b-a535-28f832822074,download,1,79,1,1004518664,1
1775705777,fd0692da-82f4-4c34-a563-b3e73b085db8,upload,0,2,0,422501,0
1775706072,2778adb7-8d25-4998-840b-d5914a0c3d4c,download,0,2,0,2822840,0
1775705084,9e93a6a6-b5c3-47bd-9b46-2b2d28bc37f7,download,0,4,0,3248779,0
1775704802,16220f75-189c-4d49-b1b9-5a289a9f3df4,upload,0,1,0,141949,0
1775705241,16220f75-189c-4d49-b1b9-5a289a9f3df4,download,0,2,0,3425493,0
1775706708,49dda7ce-0e05-4a40-a128-6349450ff1a6,upload,0,0,0,231026,0
1775704814,9e0ad054-903f-4afb-93ab-d3f19bcb3be2,list,0,1,0,474902,0
1775706890,16220f75-189c-4d49-b1b9-5a289a9f3df4,login,0,0,0,18699,0
1775704673,c74fcfdf-af81-457e-a423-f6336477d65e,download,0,5,0,392563,0
1775705126,2cfa69c9-d3d1-4780-967c-3e5e2ff36998,upload,0,0,0,717213,0
1775705283,c737d5c8-b53d-4464-a1d2-9e2bd7456966,list,0,1,0,547471,0
1775705290,c74fcfdf-af81-457e-a423-f6336477d65e,login,0,2,1,681511,0
1775705144,167a8f34-3eb0-427e-b067-859df37c0547,upload,0,2,0,797124,0
1775705458,167a8f34-3eb0-427e-b067-859df37c0547,download,0,1,0,2800379,0
1775705311,ab380f02-12bc-473b-a535-28f832822074,download,1,261,2,417641638,1
1775704382,3e43f9fe-09aa-428c-895e-344049e5f0eb,download,0,3,0,3677201,0
1775705953,8f4bb3f7-7f34-4857-9345-cc7b691ec121,list,0,2,0,746053,0
1775704542,e26907cb-e617-4ac2-b726-bea132470922,download,0,5,0,2703504,0
1775707247,2cfa69c9-d3d1-4780-967c-3e5e2ff36998,download,0,3,0,2499645,0
1775706786,3797b81a-52e7-4e52-b1c1-6a9fc51bf6c4,list,0,2,0,682767,0
1775706319,15dbe71f-eca0-41d6-8a3a-e5fd6d2c2fca,list,0,1,0,322979,0
1775705846,fd0692da-82f4-4c34-a563-b3e73b085db8,download,0,3,0,3733819,0
1775707323,ae00c3fa-f6d5-419b-8612-52db300d9dd9,download,0,4,0,1681396,0
1775706194,25a72f32-e37a-4cab-b3f6-77192fc0aa35,list,0,0,0,574745,0
1775706701,2778adb7-8d25-4998-840b-d5914a0c3d4c,login,0,2,0,258738,0
1775704392,3f213bee-6235-480e-9e70-d5e80fd9ddc3,upload,0,2,0,468238,0
1775706898,15dbe71f-eca0-41d6-8a3a-e5fd6d2c2fca,upload,0,0,0,982421,0
1775707082,2cfa69c9-d3d1-4780-967c-3e5e2ff36998,download,0,5,0,1036184,0
1775705747,9e93a6a6-b5c3-47bd-9b46-2b2d28bc37f7,list,0,2,0,197852,0
1775705756,6ced1eb4-5e32-4d6c-8280-0946d4f05bef,upload,0,1,0,229769,0
1775704568,c8fc1656-71fd-4515-acfb-7ef374d44fe6,list,0,0,0,407278,0
1775707494,49dda7ce-0e05-4a40-a128-6349450ff1a6,login,0,1,1,5895,0
1775704399,ab380f02-12bc-473b-a535-28f832822074,download,1,425,2,280505365,1
1775705966,94ebcab9-38b7-432d-8cff-b96fbc75dfcb,login,0,2,0,681435,0
1775705451,e26907cb-e617-4ac2-b726-bea132470922,login,0,1,0,434531,0
1775706514,ab380f02-12bc-473b-a535-28f832822074,login,0,0,1,283638,0
1775706173,0a847b66-6bdd-4f6c-9e30-f67be2e768e9,download,0,4,0,2685428,0
1775704760,3797b81a-52e7-4e52-b1c1-6a9fc51bf6c4,upload,0,1,0,488658,0
1775706016,9b308c90-9a9b-4ab3-be08-0ca6d6041471,login,0,0,1,764886,0
1775706746,ae00c3fa-f6d5-419b-8612-52db300d9dd9,login,0,0,1,1018219,0
1775705674,8dfb3116-3ac3-4112-be98-a2662c81ae72,login,0,0,0,448724,0
1775707320,eafb92c7-9925-4cf6-9c62-aaf2d611150b,download,0,3,0,302189,0
1775707337,c737d5c8-b53d-4464-a1d2-9e2bd7456966,login,0,1,1,592655,0
1775704410,25a72f32-e37a-4cab-b3f6-77192fc0aa35,upload,0,1,0,839905,0
1775705336,9e0ad054-903f-4afb-93ab-d3f19bcb3be2,list,0,1,0,710266,0
1775706458,c74fcfdf-af81-457e-a423-f6336477d65e,login,0,1,0,828011,0
1775704787,ae00c3fa-f6d5-419b-8612-52db300d9dd9,upload,0,1,0,484451,0
1775707610,f33ea619-379b-4fe8-8607-92f27dba7c4a,upload,0,2,0,43999,0
1775704415,bf43f002-7707-4271-b479-7bd6660b6627,upload,0,0,0,764714,0
1775707266,eafb92c7-9925-4cf6-9c62-aaf2d611150b,list,0,1,0,823400,0
1775706518,9e93a6a6-b5c3-47bd-9b46-2b2d28bc37f7,download,0,4,0,3487136,0
1775707874,eafb92c7-9925-4cf6-9c62-aaf2d611150b,download,0,2,0,3982197,0
1775706349,9b308c90-9a9b-4ab3-be08-0ca6d6041471,login,0,1,1,723239,0
1775705390,67b0661e-1123-49dd-9aab-466dbffefb05,list,0,2,0,154537,0
1775706371,67b0661e-1123-49dd-9aab-466dbffefb05,list,0,0,0,552115,0
1775706382,4a209499-fcdb-4d47-9fba-19deb77f4b7b,login,0,0,0,44155,0
1775707575,3797b81a-52e7-4e52-b1c1-6a9fc51bf6c4,upload,0,2,0,836981,0
1775705414,2cfa69c9-d3d1-4780-967c-3e5e2ff36998,upload,0,0,0,16307,0
1775705818,6ced1eb4-5e32-4d6c-8280-0946d4f05bef,download,0,1,0,3098880,0
1775708026,4b67bf97-823a-4df1-bde9-f0a99700964b,upload,0,1,0,733144,0
1775706839,63ed13fc-16ff-4c73-adea-2135300ae355,login,0,1,0,952303,0
1775706246,2778adb7-8d25-4998-840b-d5914a0c3d4c,login,0,1,1,250594,0
1775704835,bb5a333e-d631-4644-91cc-88c161a23399,login,0,1,0,840862,0
1775704634,4a209499-fcdb-4d47-9fba-19deb77f4b7b,upload,0,2,0,156774,0
1775704431,ace9ed8f-794e-41b0-ab66-c2ba52f19d0f,login,0,0,0,116245,0
1775705050,ab380f02-12bc-473b-a535-28f832822074,list,0,0,0,602774,0
1775707538,3e43f9fe-09aa-428c-895e-344049e5f0eb,download,0,2,0,2346496,0
1775706514,3e43f9fe-09aa-428c-895e-344049e5f0eb,list,0,1,0,936723,0
1775708406,67b0661e-1123-49dd-9aab-466dbffefb05,download,0,3,0,3462394,0
1775707166,bb5a333e-d631-4644-91cc-88c161a23399,login,0,0,1,892549,0
1775706969,4a209499-fcdb-4d47-9fba-19deb77f4b7b,download,0,3,0,5167764,0
1775706558,24981836-1892-4695-a7ba-6ea35f397c4d,download,0,5,0,4715927,0
1775706356,f33ea619-379b-4fe8-8607-92f27dba7c4a,list,0,2,0,346367,0
1775704654,9e93a6a6-b5c3-47bd-9b46-2b2d28bc37f7,login,0,1,1,55394,0
1775705946,3f213bee-6235-480e-9e70-d5e80fd9ddc3,download,0,1,0,4816019,0
1775707466,fd0692da-82f4-4c34-a563-b3e73b085db8,upload,0,1,0,472362,0
1775704443,fc4fad76-16bc-401b-88b4-73eedb5baf39,upload,0,0,0,882669,0
1775707932,e26907cb-e617-4ac2-b726-bea132470922,download,0,5,0,3736034,0
1775705102,fd0692da-82f4-4c34-a563-b3e73b085db8,upload,0,1,0,1002023,0
1775707306,af8ebf32-c726-48e0-b053-6e07e853a46c,list,0,2,0,385316,0
1775706657,b49ce9ef-011a-422b-8b81-2506dc0fe127,download,0,1,0,2480610,0
1775705336,fc4fad76-16bc-401b-88b4-73eedb5baf39,upload,0,2,0,136804,0
1775704672,94ebcab9-38b7-432d-8cff-b96fbc75dfcb,login,0,1,0,882741,0
1775708482,e26907cb-e617-4ac2-b726-bea132470922,download,0,2,0,698195,0
1775708051,af8ebf32-c726-48e0-b053-6e07e853a46c,upload,0,2,0,611175,0
1775705356,67b0661e-1123-49dd-9aab-466dbffefb05,download,0,4,0,480890,0
1775704453,fd0692da-82f4-4c34-a563-b3e73b085db8,download,0,2,0,3925046,0
1775704454,bf43f002-7707-4271-b479-7bd6660b6627,download,0,3,0,4687946,0
1775705142,ab380f02-12bc-473b-a535-28f832822074,download,1,454,1,585623459,1
1775704456,9e93a6a6-b5c3-47bd-9b46-2b2d28bc37f7,login,0,2,1,570090,0
1775708615,8f4bb3f7-7f34-4857-9345-cc7b691ec121,login,0,2,0,440675,0
1775707706,032b1a57-8090-46a1-b4e2-919eecba5a54,download,0,1,0,2041050,0
1775708653,b635daa1-ee9f-43f2-9a34-e1d43caad67b,login,0,0,1,692638,0
1775708672,0c0ce9ee-9ada-4d72-a3f2-eb9483feabe8,download,0,3,0,2105334,0
1775705871,2778adb7-8d25-4998-840b-d5914a0c3d4c,list,0,0,0,815535,0
1775708002,0a847b66-6bdd-4f6c-9e30-f67be2e768e9,list,0,2,0,924243,0
1775705174,ab380f02-12bc-473b-a535-28f832822074,download,1,69,2,734456914,1
1775708748,bf43f002-7707-4271-b479-7bd6660b6627,download,0,2,0,729364,0
1775707094,b49ce9ef-011a-422b-8b81-2506dc0fe127,upload,0,2,0,230212,0
1775707826,fd0692da-82f4-4c34-a563-b3e73b085db8,login,0,2,0,701606,0
1775708564,15dbe71f-eca0-41d6-8a3a-e5fd6d2c2fca,download,0,5,0,4646359,0
1775707130,67b0661e-1123-49dd-9aab-466dbffefb05,download,0,1,0,3860224,0
1775705441,b635daa1-ee9f-43f2-9a34-e1d43caad67b,list,0,2,0,205811,0
1775706422,4a209499-fcdb-4d47-9fba-19deb77f4b7b,list,0,1,0,426403,0
1775708636,ae00c3fa-f6d5-419b-8612-52db300d9dd9,list,0,1,0,77385,0
1775708408,0c0ce9ee-9ada-4d72-a3f2-eb9483feabe8,login,0,1,0,142955,0
1775705214,4bcd6d06-db69-4a40-b976-05c7544a1a2c,download,0,2,0,3851845,0
1775706954,9e93a6a6-b5c3-47bd-9b46-2b2d28bc37f7,login,0,1,1,80574,0
1775708210,ace9ed8f-794e-41b0-ab66-c2ba52f19d0f,list,0,2,0,847511,0
1775706476,367f1ba0-3a73-4e8c-8daa-67458bf346b5,list,0,0,0,224222,0
1775706234,8f4bb3f7-7f34-4857-9345-cc7b691ec121,upload,0,2,0,206062,0
1775707250,cfeed54f-cb0f-4fcb-a16f-f26aa8f69416,list,0,1,0,704305,0
1775706503,c89fde94-1c9a-4e8a-90a3-c263cb7eb17e,login,0,2,0,323638,0
1775708798,b49ce9ef-011a-422b-8b81-2506dc0fe127,login,0,1,0,686330,0
1775704991,6ced1eb4-5e32-4d6c-8280-0946d4f05bef,upload,0,1,0,578746,0
1775707810,ab380f02-12bc-473b-a535-28f832822074,download,1,67,0,684164833,1
1775705254,9b308c90-9a9b-4ab3-be08-0ca6d6041471,list,0,1,0,362934,0
1775706290,63ed13fc-16ff-4c73-adea-2135300ae355,upload,0,2,0,667910,0
1775707075,4b67bf97-823a-4df1-bde9-f0a99700964b,upload,0,1,0,768702,0
1775709166,032b1a57-8090-46a1-b4e2-919eecba5a54,upload,0,0,0,806351,0
1775705792,6ced1eb4-5e32-4d6c-8280-0946d4f05bef,login,0,0,0,583996,0
1775706060,cc6a7b0a-aac4-45a5-89b8-538fccc1db40,upload,0,0,0,62824,0
1775708697,ab380f02-12bc-473b-a535-28f832822074,login,0,2,1,62494,0
1775708450,9e0ad054-903f-4afb-93ab-d3f19bcb3be2,upload,0,1,0,363209,0
1775706081,0c0ce9ee-9ada-4d72-a3f2-eb9483feabe8,list,0,0,0,233770,0
1775709014,c89fde94-1c9a-4e8a-90a3-c263cb7eb17e,download,0,2,0,55764,0
1775707430,367f1ba0-3a73-4e8c-8daa-67458bf346b5,list,0,0,0,89042,0
1775705566,cc6a7b0a-aac4-45a5-89b8-538fccc1db40,list,0,2,0,1009589,0
1775705840,25a72f32-e37a-4cab-b3f6-77192fc0aa35,login,0,1,1,903531,0
1775709356,49dda7ce-0e05-4a40-a128-6349450ff1a6,login,0,1,0,289225,0
1775706936,4a209499-fcdb-4d47-9fba-19deb77f4b7b,download,0,5,0,1097646,0
1775704498,4bcd6d06-db69-4a40-b976-05c7544a1a2c,download,0,2,0,2520978,0
1775704499,ae00c3fa-f6d5-419b-8612-52db300d9dd9,download,0,4,0,2241319,0
1775706692,12991671-ea7d-4165-971a-36942f3fa1d2,login,0,1,0,393061,0
1775706701,2cfa69c9-d3d1-4780-967c-3e5e2ff36998,login,0,1,0,341972,0
1775705882,c74fcfdf-af81-457e-a423-f6336477d65e,upload,0,1,0,369513,0
1775704503,ace9ed8f-794e-41b0-ab66-c2ba52f19d0f,list,0,2,0,494521,0
1775708952,12991671-ea7d-4165-971a-36942f3fa1d2,upload,0,1,0,681225,0
1775709806,4a209499-fcdb-4d47-9fba-19deb77f4b7b,login,0,1,0,581661,0
1775706746,8f4bb3f7-7f34-4857-9345-cc7b691ec121,download,0,1,0,4749729,0
1775705912,bf43f002-7707-4271-b479-7bd6660b6627,upload,0,1,0,291177,0
1775706200,12991671-ea7d-4165-971a-36942f3fa1d2,upload,0,0,0,248082,0
1775708754,16220f75-189c-4d49-b1b9-5a289a9f3df4,login,0,0,0,279023,0
1775706498,b635daa1-ee9f-43f2-9a34-e1d43caad67b,download,0,4,0,4229369,0
1775708786,eafb92c7-9925-4cf6-9c62-aaf2d611150b,upload,0,0,0,748177,0
1775707086,ab380f02-12bc-473b-a535-28f832822074,download,0,395,1,744635585,1
1775706522,ace9ed8f-794e-41b0-ab66-c2ba52f19d0f,login,0,2,1,272528,0
1775706530,c8fc1656-71fd-4515-acfb-7ef374d44fe6,download,0,2,0,4306902,0
1775706249,63ed13fc-16ff-4c73-adea-2135300ae355,list,0,2,0,42247,0
1775704516,3797b81a-52e7-4e52-b1c1-6a9fc51bf6c4,download,0,4,0,1831891,0
1775705390,2778adb7-8d25-4998-840b-d5914a0c3d4c,upload,0,0,0,596340,0
1775709774,9b308c90-9a9b-4ab3-be08-0ca6d6041471,login,0,0,1,698107,0
1775707742,e26907cb-e617-4ac2-b726-bea132470922,download,0,2,0,4160365,0
1775710106,367f1ba0-3a73-4e8c-8daa-67458bf346b5,list,0,0,0,624633,0
1775704816,fd0692da-82f4-4c34-a563-b3e73b085db8,upload,0,1,0,942401,0
1775706002,9b308c90-9a9b-4ab3-be08-0ca6d6041471,upload,0,1,0,442023,0
1775705414,167a8f34-3eb0-427e-b067-859df37c0547,login,0,2,0,109477,0
1775708398,4bcd6d06-db69-4a40-b976-05c7544a1a2c,download,0,4,0,4284490,0
1775705422,ab380f02-12bc-473b-a535-28f832822074,download,1,237,2,585426912,1
1775706926,25a72f32-e37a-4cab-b3f6-77192fc0aa35,login,0,0,0,135495,0
1775706032,e26907cb-e617-4ac2-b726-bea132470922,download,0,5,0,3869872,0
1775708152,f33ea619-379b-4fe8-8607-92f27dba7c4a,login,0,0,1,121262,0
1775706347,49dda7ce-0e05-4a40-a128-6349450ff1a6,list,0,0,0,760778,0
1775707874,6ced1eb4-5e32-4d6c-8280-0946d4f05bef,download,0,4,0,2306321,0
1775708496,16220f75-189c-4d49-b1b9-5a289a9f3df4,download,0,1,0,5124462,0
1775710040,bf43f002-7707-4271-b479-7bd6660b6627,download,0,1,0,273671,0
1775707910,9b308c90-9a9b-4ab3-be08-0ca6d6041471,list,0,0,0,426355,0
1775710386,63ed13fc-16ff-4c73-adea-2135300ae355,download,0,2,0,3202837,0
1775705462,8dfb3116-3ac3-4112-be98-a2662c81ae72,download,0,2,0,3123638,0
1775705776,25a72f32-e37a-4cab-b3f6-77192fc0aa35,download,0,1,0,552601,0
1775709202,15dbe71f-eca0-41d6-8a3a-e5fd6d2c2fca,download,0,3,0,2258124,0
1775710154,c8fc1656-71fd-4515-acfb-7ef374d44fe6,upload,0,0,0,357323,0
1775708921,cfeed54f-cb0f-4fcb-a16f-f26aa8f69416,login,0,0,0,649105,0
1775708936,8dfb3116-3ac3-4112-be98-a2662c81ae72,download,0,3,0,4436140,0
1775708006,bf43f002-7707-4271-b479-7bd6660b6627,download,0,5,0,4806073,0
1775709282,2778adb7-8d25-4998-840b-d5914a0c3d4c,login,0,2,0,360412,0
1775704543,72e59186-4ee7-4a1e-9d41-155f00e06a95,download,0,5,0,5008970,0
1775708360,367f1ba0-3a73-4e8c-8daa-67458bf346b5,list,0,0,0,473204,0
1775706778,0a847b66-6bdd-4f6c-9e30-f67be2e768e9,download,0,4,0,3303855,0
1775707746,72e59186-4ee7-4a1e-9d41-155f00e06a95,list,0,1,0,821085,0
1775707115,16220f75-189c-4d49-b1b9-5a289a9f3df4,download,0,5,0,3985481,0
1775706802,cfeed54f-cb0f-4fcb-a16f-f26aa8f69416,upload,0,2,0,799777,0
1775708425,fc4fad76-16bc-401b-88b4-73eedb5baf39,download,0,2,0,3513460,0
1775707466,3797b81a-52e7-4e52-b1c1-6a9fc51bf6c4,upload,0,2,0,38984,0
1775704876,ace9ed8f-794e-41b0-ab66-c2ba52f19d0f,list,0,0,0,213292,0
1775708138,367f1ba0-3a73-4e8c-8daa-67458bf346b5,login,0,0,0,718887,0
1775707169,e26907cb-e617-4ac2-b726-bea132470922,upload,0,1,0,947949,0
1775706194,49dda7ce-0e05-4a40-a128-6349450ff1a6,list,0,2,0,26043,0
1775709490,af8ebf32-c726-48e0-b053-6e07e853a46c,upload,0,2,0,241839,0
1775708186,c8fc1656-71fd-4515-acfb-7ef374d44fe6,download,0,5,0,4606973,0
1775710184,ab380f02-12bc-473b-a535-28f832822074,download,1,466,2,560383337,1
1775708874,ad53681e-c36e-4b3f-a8ad-22cf2bd4a765,upload,0,0,0,574911,0
1775706224,2cfa69c9-d3d1-4780-967c-3e5e2ff36998,download,0,3,0,3930956,0
1775704894,ab380f02-12bc-473b-a535-28f832822074,download,0,1,0,2086382,0
1775705231,3f213bee-6235-480e-9e70-d5e80fd9ddc3,download,0,2,0,1943961,0
1775707586,bb5a333e-d631-4644-91cc-88c161a23399,login,0,0,1,647090,0
1775710966,9e93a6a6-b5c3-47bd-9b46-2b2d28bc37f7,download,0,1,0,4130355,0
1775706592,72e59186-4ee7-4a1e-9d41-155f00e06a95,download,0,5,0,3206070,0
1775709650,94ebcab9-38b7-432d-8cff-b96fbc75dfcb,download,0,4,0,949935,0
1775709666,c89fde94-1c9a-4e8a-90a3-c263cb7eb17e,upload,0,1,0,928932,0
1775708318,c737d5c8-b53d-4464-a1d2-9e2bd7456966,login,0,2,1,704069,0
1775710724,25a72f32-e37a-4cab-b3f6-77192fc0aa35,download,0,3,0,2954093,0
1775709714,3797b81a-52e7-4e52-b1c1-6a9fc51bf6c4,login,0,1,0,708614,0
1775710762,4b67bf97-823a-4df1-bde9-f0a99700964b,upload,0,2,0,917512,0
1775704916,bf43f002-7707-4271-b479-7bd6660b6627,login,0,0,1,379741,0
1775705610,0c0ce9ee-9ada-4d72-a3f2-eb9483feabe8,login,0,1,1,56796,0
1775708043,4bcd6d06-db69-4a40-b976-05c7544a1a2c,login,0,1,0,50622,0
1775706662,3f213bee-6235-480e-9e70-d5e80fd9ddc3,list,0,0,0,151702,0
1775708414,ab380f02-12bc-473b-a535-28f832822074,download,0,1,0,4641903,0
1775705276,ad53681e-c36e-4b3f-a8ad-22cf2bd4a765,download,0,1,0,766837,0
1775706683,ab380f02-12bc-473b-a535-28f832822074,download,1,59,2,536080352,1
1775708802,15dbe71f-eca0-41d6-8a3a-e5fd6d2c2fca,login,0,2,0,1024697,0
1775704932,fc4fad76-16bc-401b-88b4-73eedb5baf39,download,0,2,0,1426993,0
1775711306,bf43f002-7707-4271-b479-7bd6660b6627,list,0,0,0,771516,0
1775706001,367f1ba0-3a73-4e8c-8daa-67458bf346b5,download,0,2,0,836031,0
1775710634,67b0661e-1123-49dd-9aab-466dbffefb05,download,0,3,0,3656946,0
1775707082,af8ebf32-c726-48e0-b053-6e07e853a46c,login,0,2,1,861940,0
1775710670,367f1ba0-3a73-4e8c-8daa-67458bf346b5,download,0,3,0,591173,0
1775709970,af8ebf32-c726-48e0-b053-6e07e853a46c,download,0,2,0,3832145,0
1775705306,0c0ce9ee-9ada-4d72-a3f2-eb9483feabe8,download,0,4,0,196470,0
1775705309,ab380f02-12bc-473b-a535-28f832822074,download,1,342,0,282266757,1
1775704588,fd0692da-82f4-4c34-a563-b3e73b085db8,login,0,0,0,653777,0
1775705678,9b308c90-9a9b-4ab3-be08-0ca6d6041471,upload,0,2,0,352769,0
1775706774,ad53681e-c36e-4b3f-a8ad-22cf2bd4a765,upload,0,2,0,67702,0
1775709701,ad53681e-c36e-4b3f-a8ad-22cf2bd4a765,list,0,2,0,804668,0
1775711180,12991671-ea7d-4165-971a-36942f3fa1d2,download,0,5,0,109931,0
1775706061,3f213bee-6235-480e-9e70-d5e80fd9ddc3,download,0,2,0,4584342,0
1775711586,2cfa69c9-d3d1-4780-967c-3e5e2ff36998,upload,0,0,0,741260,0
1775710868,15dbe71f-eca0-41d6-8a3a-e5fd6d2c2fca,download,0,3,0,1660875,0
1775710516,0a847b66-6bdd-4f6c-9e30-f67be2e768e9,download,0,4,0,5177732,0
1775710904,bf43f002-7707-4271-b479-7bd6660b6627,upload,0,2,0,799511,0
1775706458,f33ea619-379b-4fe8-8607-92f27dba7c4a,upload,0,1,0,1030385,0
1775706837,7019fef8-eee1-4780-8866-3cf355f39326,list,0,1,0,698808,0
1775711706,c74fcfdf-af81-457e-a423-f6336477d65e,upload,0,0,0,492785,0
1775709851,4b67bf97-823a-4df1-bde9-f0a99700964b,list,0,0,0,650795,0
1775710994,cc6a7b0a-aac4-45a5-89b8-538fccc1db40,upload,0,1,0,836069,0
1775711766,16220f75-189c-4d49-b1b9-5a289a9f3df4,download,0,1,0,2783303,0
1775707628,8dfb3116-3ac3-4112-be98-a2662c81ae72,list,0,1,0,664019,0
1775707637,8dfb3116-3ac3-4112-be98-a2662c81ae72,upload,0,1,0,889038,0
1775708026,bb5a333e-d631-4644-91cc-88c161a23399,login,0,0,0,297655,0
1775706131,49dda7ce-0e05-4a40-a128-6349450ff1a6,upload,0,1,0,996164,0
1775707282,49dda7ce-0e05-4a40-a128-6349450ff1a6,list,0,0,0,400231,0
1775706524,eafb92c7-9925-4cf6-9c62-aaf2d611150b,download,0,5,0,4012152,0
1775707682,cfeed54f-cb0f-4fcb-a16f-f26aa8f69416,download,0,4,0,2607518,0
1775711156,25a72f32-e37a-4cab-b3f6-77192fc0aa35,login,0,0,1,760867,0
1775706156,ab380f02-12bc-473b-a535-28f832822074,download,0,5,0,358750,0
1775711192,3797b81a-52e7-4e52-b1c1-6a9fc51bf6c4,login,0,1,1,410588,0
1775709658,24981836-1892-4695-a7ba-6ea35f397c4d,list,0,2,0,689377,0
1775711617,4b67bf97-823a-4df1-bde9-f0a99700964b,login,0,0,0,801292,0
1775705786,eafb92c7-9925-4cf6-9c62-aaf2d611150b,list,0,2,0,783429,0
1775712046,4a209499-fcdb-4d47-9fba-19deb77f4b7b,login,0,1,0,710704,0
1775710498,c737d5c8-b53d-4464-a1d2-9e2bd7456966,download,0,3,0,1726293,0
1775704619,367f1ba0-3a73-4e8c-8daa-67458bf346b5,list,0,1,0,861011,0
1775706984,12991671-ea7d-4165-971a-36942f3fa1d2,list,0,1,0,741963,0
1775712126,63ed13fc-16ff-4c73-adea-2135300ae355,upload,0,0,0,252006,0
1775708978,2778adb7-8d25-4998-840b-d5914a0c3d4c,list,0,1,0,923106,0
1775711769,4a209499-fcdb-4d47-9fba-19deb77f4b7b,login,0,1,1,594324,0
1775712186,94ebcab9-38b7-432d-8cff-b96fbc75dfcb,download,0,3,0,423973,0
1775709812,12991671-ea7d-4165-971a-36942f3fa1d2,login,0,0,1,673156,0
1775710226,c74fcfdf-af81-457e-a423-f6336477d65e,download,0,5,0,1654605,0
1775711845,67b0661e-1123-49dd-9aab-466dbffefb05,upload,0,2,0,1043619,0
1775710658,c737d5c8-b53d-4464-a1d2-9e2bd7456966,list,0,0,0,22195,0
1775705435,3e43f9fe-09aa-428c-895e-344049e5f0eb,login,0,1,0,43483,0
1775710690,ace9ed8f-794e-41b0-ab66-c2ba52f19d0f,login,0,0,1,78050,0
1775705441,8dfb3116-3ac3-4112-be98-a2662c81ae72,upload,0,1,0,607862,0
1775708286,12991671-ea7d-4165-971a-36942f3fa1d2,login,0,0,1,409367,0
1775705040,b49ce9ef-011a-422b-8b81-2506dc0fe127,login,0,0,0,42500,0
1775710754,63ed13fc-16ff-4c73-adea-2135300ae355,login,0,2,1,270364,0
1775709952,e26907cb-e617-4ac2-b726-bea132470922,login,0,2,0,955360,0
1775709146,6ced1eb4-5e32-4d6c-8280-0946d4f05bef,download,0,3,0,4458039,0
1775712446,ab380f02-12bc-473b-a535-28f832822074,download,1,474,0,790221262,1
1775709582,4bcd6d06-db69-4a40-b976-05c7544a1a2c,download,0,5,0,197310,0
1775705052,c8fc1656-71fd-4515-acfb-7ef374d44fe6,login,0,2,1,987612,0
1775711678,ad53681e-c36e-4b3f-a8ad-22cf2bd4a765,login,0,0,1,376011,0
1775712111,c89fde94-1c9a-4e8a-90a3-c263cb7eb17e,download,0,4,0,2097777,0
1775705474,ab380f02-12bc-473b-a535-28f832822074,download,1,482,2,908801133,1
1775712149,4bcd6d06-db69-4a40-b976-05c7544a1a2c,download,0,4,0,1695322,0
1775712168,3e43f9fe-09aa-428c-895e-344049e5f0eb,upload,0,0,0,888601,0
1775707578,94ebcab9-38b7-432d-8cff-b96fbc75dfcb,login,0,0,0,115460,0
1775707586,032b1a57-8090-46a1-b4e2-919eecba5a54,login,0,0,1,367879,0
1775712646,ab380f02-12bc-473b-a535-28f832822074,download,1,390,1,231873531,1
1775712666,0c0ce9ee-9ada-4d72-a3f2-eb9483feabe8,download,0,3,0,3787928,0
1775708879,bf43f002-7707-4271-b479-7bd6660b6627,upload,0,2,0,200788,0
1775709314,c737d5c8-b53d-4464-a1d2-9e2bd7456966,upload,0,2,0,81068,0
1775707626,16220f75-189c-4d49-b1b9-5a289a9f3df4,upload,0,0,0,885752,0
1775711468,3f213bee-6235-480e-9e70-d5e80fd9ddc3,login,0,0,1,565957,0
1775705934,ab380f02-12bc-473b-a535-28f832822074,download,1,417,2,112430065,1
1775709362,0c0ce9ee-9ada-4d72-a3f2-eb9483feabe8,upload,0,1,0,913152,0
1775706800,7019fef8-eee1-4780-8866-3cf355f39326,login,0,1,1,105362,0
1775708526,4b67bf97-823a-4df1-bde9-f0a99700964b,download,0,1,0,4308280,0
1775707674,12991671-ea7d-4165-971a-36942f3fa1d2,upload,0,2,0,862140,0
1775712002,4b67bf97-823a-4df1-bde9-f0a99700964b,download,0,5,0,2163177,0
1775710721,67b0661e-1123-49dd-9aab-466dbffefb05,list,0,0,0,979674,0
1775705528,bb5a333e-d631-4644-91cc-88c161a23399,list,0,2,0,777794,0
1775709011,8dfb3116-3ac3-4112-be98-a2662c81ae72,download,0,4,0,262575,0
1775710330,c737d5c8-b53d-4464-a1d2-9e2bd7456966,download,0,4,0,2676045,0
1775710781,c74fcfdf-af81-457e-a423-f6336477d65e,list,0,0,0,498423,0
1775709920,12991671-ea7d-4165-971a-36942f3fa1d2,upload,0,1,0,640533,0
1775706860,2778adb7-8d25-4998-840b-d5914a0c3d4c,upload,0,1,0,122900,0
1775708626,7019fef8-eee1-4780-8866-3cf355f39326,download,0,1,0,4165328,0
1775712164,af8ebf32-c726-48e0-b053-6e07e853a46c,list,0,2,0,443689,0
1775711740,3e43f9fe-09aa-428c-895e-344049e5f0eb,download,0,3,0,3639589,0
1775712643,ab380f02-12bc-473b-a535-28f832822074,download,1,137,1,205997232,1
1775709554,3f213bee-6235-480e-9e70-d5e80fd9ddc3,login,0,1,0,301026,0
1775706451,4a209499-fcdb-4d47-9fba-19deb77f4b7b,list,0,2,0,587952,0
1775705564,9e0ad054-903f-4afb-93ab-d3f19bcb3be2,list,0,2,0,336405,0
1775708696,6ced1eb4-5e32-4d6c-8280-0946d4f05bef,upload,0,1,0,849527,0
1775710050,cfeed54f-cb0f-4fcb-a16f-f26aa8f69416,list,0,1,0,1025329,0
1775709165,2778adb7-8d25-4998-840b-d5914a0c3d4c,login,0,0,0,71986,0
1775705126,367f1ba0-3a73-4e8c-8daa-67458bf346b5,upload,0,1,0,718353,0
1775710991,24981836-1892-4695-a7ba-6ea35f397c4d,download,0,3,0,497258,0
1775704678,c8fc1656-71fd-4515-acfb-7ef374d44fe6,download,0,3,0,1476306,0
1775709662,f33ea619-379b-4fe8-8607-92f27dba7c4a,upload,0,0,0,805880,0
1775705134,24981836-1892-4695-a7ba-6ea35f397c4d,login,0,0,1,474316,0
1775707866,8f4bb3f7-7f34-4857-9345-cc7b691ec121,download,0,3,0,350879,0
1775708786,c737d5c8-b53d-4464-a1d2-9e2bd7456966,list,1,2,0,637052,0
1775712452,49dda7ce-0e05-4a40-a128-6349450ff1a6,list,0,2,0,254457,0
1775707432,3797b81a-52e7-4e52-b1c1-6a9fc51bf6c4,list,0,1,0,417287,0
1775712488,3797b81a-52e7-4e52-b1c1-6a9fc51bf6c4,download,0,3,0,793518,0
1775707906,ae00c3fa-f6d5-419b-8612-52db300d9dd9,list,0,1,0,737476,0
1775707914,4bcd6d06-db69-4a40-b976-05c7544a1a2c,login,0,2,0,105493,0
1775711618,2778adb7-8d25-4998-840b-d5914a0c3d4c,list,0,1,0,541042,0
1775710245,9e93a6a6-b5c3-47bd-9b46-2b2d28bc37f7,list,0,2,0,229674,0
1775705618,4a209499-fcdb-4d47-9fba-19deb77f4b7b,login,0,2,1,510452,0
1775709341,72e59186-4ee7-4a1e-9d41-155f00e06a95,download,0,2,0,1397148,0
1775707022,15dbe71f-eca0-41d6-8a3a-e5fd6d2c2fca,upload,0,0,0,704906,0
1775705160,0a847b66-6bdd-4f6c-9e30-f67be2e768e9,login,0,0,0,806013,0
1775713118,7019fef8-eee1-4780-8866-3cf355f39326,list,0,1,0,721262,0
1775709854,fd0692da-82f4-4c34-a563-b3e73b085db8,list,0,0,0,20884,0
1775709866,15dbe71f-eca0-41d6-8a3a-e5fd6d2c2fca,login,0,1,0,918621,0
1775712704,bf43f002-7707-4271-b479-7bd6660b6627,upload,0,1,0,81357,0
1775710362,67b0661e-1123-49dd-9aab-466dbffefb05,download,0,1,0,2758013,0
1775706591,7019fef8-eee1-4780-8866-3cf355f39326,download,0,4,0,1073210,0
1775712284,eafb92c7-9925-4cf6-9c62-aaf2d611150b,download,0,2,0,2504686,0
1775713726,16220f75-189c-4d49-b1b9-5a289a9f3df4,login,0,2,0,524508,0
1775713746,ae00c3fa-f6d5-419b-8612-52db300d9dd9,list,0,1,0,256355,0
1775708996,2cfa69c9-d3d1-4780-967c-3e5e2ff36998,upload,0,2,0,321641,0
1775705660,67b0661e-1123-49dd-9aab-466dbffefb05,login,0,2,0,783806,0
1775706621,cc6a7b0a-aac4-45a5-89b8-538fccc1db40,list,0,1,0,269187,0
1775713346,f33ea619-379b-4fe8-8607-92f27dba7c4a,list,0,2,0,600878,0
1775710479,2778adb7-8d25-4998-840b-d5914a0c3d4c,login,0,2,1,122277,0
1775709046,0a847b66-6bdd-4f6c-9e30-f67be2e768e9,login,0,0,0,289563,0
1775704709,9b308c90-9a9b-4ab3-be08-0ca6d6041471,upload,0,2,0,280962,0
1775711970,ab380f02-12bc-473b-a535-28f832822074,download,1,311,0,813089110,1
1775713441,4a209499-fcdb-4d47-9fba-19deb77f4b7b,download,0,4,0,514820,0
1775712488,c74fcfdf-af81-457e-a423-f6336477d65e,list,0,0,0,989680,0
1775712992,3797b81a-52e7-4e52-b1c1-6a9fc51bf6c4,upload,0,2,0,666112,0
1775712522,9b308c90-9a9b-4ab3-be08-0ca6d6041471,upload,0,1,0,935471,0
1775705693,25a72f32-e37a-4cab-b3f6-77192fc0aa35,list,0,1,0,966220,0
1775712066,367f1ba0-3a73-4e8c-8daa-67458bf346b5,download,0,3,0,2788706,0
1775709627,af8ebf32-c726-48e0-b053-6e07e853a46c,upload,0,2,0,393791,0
1775714066,3797b81a-52e7-4e52-b1c1-6a9fc51bf6c4,login,0,2,1,920737,0
1775704719,6ced1eb4-5e32-4d6c-8280-0946d4f05bef,list,0,2,0,834654,0
1775708672,3797b81a-52e7-4e52-b1c1-6a9fc51bf6c4,list,0,1,0,756129,0
1775709176,2778adb7-8d25-4998-840b-d5914a0c3d4c,list,0,2,0,296623,0
1775714146,fc4fad76-16bc-401b-88b4-73eedb5baf39,download,0,5,0,834462,0
1775712178,12991671-ea7d-4165-971a-36942f3fa1d2,upload,0,0,0,360403,0
1775711696,4bcd6d06-db69-4a40-b976-05c7544a1a2c,upload,0,2,0,287104,0
1775706721,2cfa69c9-d3d1-4780-967c-3e5e2ff36998,upload,0,2,0,57864,0
1775711226,e26907cb-e617-4ac2-b726-bea132470922,upload,0,1,0,806887,0
1775713745,25a72f32-e37a-4cab-b3f6-77192fc0aa35,upload,0,1,0,436412,0
1775708744,12991671-ea7d-4165-971a-36942f3fa1d2,login,0,1,1,94877,0
1775705735,c74fcfdf-af81-457e-a423-f6336477d65e,download,0,3,0,3591208,0
1775709266,032b1a57-8090-46a1-b4e2-919eecba5a54,login,0,1,1,452861,0
1775706246,167a8f34-3eb0-427e-b067-859df37c0547,upload,0,2,0,322668,0
1775704732,12991671-ea7d-4165-971a-36942f3fa1d2,download,0,3,0,4358438,0
1775711324,4a209499-fcdb-4d47-9fba-19deb77f4b7b,list,0,0,0,591357,0
1775710830,bf43f002-7707-4271-b479-7bd6660b6627,download,0,3,0,1041320,0
1775707280,72e59186-4ee7-4a1e-9d41-155f00e06a95,login,0,0,0,356333,0
1775713916,cc6a7b0a-aac4-45a5-89b8-538fccc1db40,upload,0,0,0,522605,0
1775705759,eafb92c7-9925-4cf6-9c62-aaf2d611150b,login,0,0,0,275864,0
1775710370,4bcd6d06-db69-4a40-b976-05c7544a1a2c,login,0,0,0,866176,0
1775711921,9b308c90-9a9b-4ab3-be08-0ca6d6041471,download,0,3,0,4027441,0
1775705768,c8fc1656-71fd-4515-acfb-7ef374d44fe6,list,0,0,0,52140,0
1775709376,167a8f34-3eb0-427e-b067-859df37c0547,upload,0,0,0,99809,0
1775711966,4b67bf97-823a-4df1-bde9-f0a99700964b,login,0,0,0,480622,0
1775710947,4bcd6d06-db69-4a40-b976-05c7544a1a2c,list,0,2,0,185234,0
1775711478,bb5a333e-d631-4644-91cc-88c161a23399,login,0,2,1,665488,0
1775711492,2cfa69c9-d3d1-4780-967c-3e5e2ff36998,download,0,1,0,976937,0
1775713066,ace9ed8f-794e-41b0-ab66-c2ba52f19d0f,download,0,3,0,4269611,0
1775705789,fc4fad76-16bc-401b-88b4-73eedb5baf39,download,0,5,0,1122233,0
1775711534,9e0ad054-903f-4afb-93ab-d3f19bcb3be2,upload,0,0,0,104309,0
1775709979,c737d5c8-b53d-4464-a1d2-9e2bd7456966,login,0,0,1,16220,0
1775706322,167a8f34-3eb0-427e-b067-859df37c0547,login,0,0,1,570658,0
1775708426,49dda7ce-0e05-4a40-a128-6349450ff1a6,download,0,5,0,1216105,0
1775714746,cfeed54f-cb0f-4fcb-a16f-f26aa8f69416,upload,0,1,0,264823,0
1775706861,16220f75-189c-4d49-b1b9-5a289a9f3df4,download,0,4,0,1761442,0
1775706338,367f1ba0-3a73-4e8c-8daa-67458bf346b5,upload,0,2,0,397306,0
1775709516,16220f75-189c-4d49-b1b9-5a289a9f3df4,list,0,0,0,576581,0
1775704756,c737d5c8-b53d-4464-a1d2-9e2bd7456966,download,0,3,0,522991,0
1775709005,9b308c90-9a9b-4ab3-be08-0ca6d6041471,list,0,0,0,235069,0
1775713270,3f213bee-6235-480e-9e70-d5e80fd9ddc3,upload,0,0,0,2521,0
1775713820,ad53681e-c36e-4b3f-a8ad-22cf2bd4a765,list,0,1,0,67934,0
1775708498,e26907cb-e617-4ac2-b726-bea132470922,list,0,2,0,625792,0
1775714391,ad53681e-c36e-4b3f-a8ad-22cf2bd4a765,login,0,0,1,204478,0
1775713874,367f1ba0-3a73-4e8c-8daa-67458bf346b5,download,0,5,0,2957699,0
1775714966,c89fde94-1c9a-4e8a-90a3-c263cb7eb17e,upload,0,2,0,17377,0
1775711758,16220f75-189c-4d49-b1b9-5a289a9f3df4,download,0,2,0,2097439,0
1775708538,ae00c3fa-f6d5-419b-8612-52db300d9dd9,download,0,4,0,2232643,0
1775705306,12991671-ea7d-4165-971a-36942f3fa1d2,download,0,5,0,145900,0
1775711259,4bcd6d06-db69-4a40-b976-05c7544a1a2c,list,0,2,0,1041030,0
1775712898,ab380f02-12bc-473b-a535-28f832822074,download,1,440,0,1050052697,1
1775709113,fc4fad76-16bc-401b-88b4-73eedb5baf39,list,0,0,0,549216,0
1775707490,367f1ba0-3a73-4e8c-8daa-67458bf346b5,login,0,1,1,900975,0
1775710221,b49ce9ef-011a-422b-8b81-2506dc0fe127,download,0,3,0,4413837,0
1775706410,fd0692da-82f4-4c34-a563-b3e73b085db8,upload,0,2,0,151532,0
1775710790,0a847b66-6bdd-4f6c-9e30-f67be2e768e9,download,0,2,0,4768555,0
1775715186,2cfa69c9-d3d1-4780-967c-3e5e2ff36998,download,0,4,0,775747,0
1775705324,ab380f02-12bc-473b-a535-28f832822074,upload,0,0,0,644223,0
1775707526,fd0692da-82f4-4c34-a563-b3e73b085db8,upload,0,0,0,396684,0
1775712491,bf43f002-7707-4271-b479-7bd6660b6627,list,0,2,0,625668,0
1775710298,9e0ad054-903f-4afb-93ab-d3f19bcb3be2,upload,0,2,0,221749,0
1775710862,15dbe71f-eca0-41d6-8a3a-e5fd6d2c2fca,list,0,1,0,556447,0
1775705888,16220f75-189c-4d49-b1b9-5a289a9f3df4,upload,0,2,0,692489,0
1775708111,16220f75-189c-4d49-b1b9-5a289a9f3df4,list,0,0,0,348315,0
1775712566,3797b81a-52e7-4e52-b1c1-6a9fc51bf6c4,list,0,0,0,867423,0
1775707568,25a72f32-e37a-4cab-b3f6-77192fc0aa35,upload,0,1,0,651873,0
1775707016,4b67bf97-823a-4df1-bde9-f0a99700964b,download,0,2,0,1710190,0
1775714847,b49ce9ef-011a-422b-8b81-2506dc0fe127,list,0,1,0,652793,0
1775704786,e26907cb-e617-4ac2-b726-bea132470922,download,0,1,0,119327,0
1775706470,ace9ed8f-794e-41b0-ab66-c2ba52f19d0f,list,0,0,0,475934,0
1775715466,ae00c3fa-f6d5-419b-8612-52db300d9dd9,upload,0,0,0,84927,0
1775704789,367f1ba0-3a73-4e8c-8daa-67458bf346b5,upload,0,0,0,940210,0
1775709866,c89fde94-1c9a-4e8a-90a3-c263cb7eb17e,login,0,0,1,440785,0
1775714961,bb5a333e-d631-4644-91cc-88c161a23399,login,0,2,0,332893,0
1775712716,032b1a57-8090-46a1-b4e2-919eecba5a54,login,0,2,0,310937,0
1775714999,24981836-1892-4695-a7ba-6ea35f397c4d,upload,0,1,0,281766,0
1775711042,3f213bee-6235-480e-9e70-d5e80fd9ddc3,upload,0,1,0,535834,0
1775709916,bf43f002-7707-4271-b479-7bd6660b6627,download,0,2,0,1701436,0
1775714486,e26907cb-e617-4ac2-b726-bea132470922,list,0,1,0,855574,0
1775709365,ab380f02-12bc-473b-a535-28f832822074,download,1,342,2,536263451,1
1775713950,ad53681e-c36e-4b3f-a8ad-22cf2bd4a765,upload,0,1,0,138554,0
1775704799,ae00c3fa-f6d5-419b-8612-52db300d9dd9,login,0,0,0,525703,0
1775709966,c737d5c8-b53d-4464-a1d2-9e2bd7456966,download,0,3,0,47248,0
1775705376,fd0692da-82f4-4c34-a563-b3e73b085db8,download,0,5,0,4914887,0
1775710562,ad53681e-c36e-4b3f-a8ad-22cf2bd4a765,login,0,0,0,735070,0
1775709996,2778adb7-8d25-4998-840b-d5914a0c3d4c,download,0,5,0,776105,0
1775712896,bf43f002-7707-4271-b479-7bd6660b6627,login,0,2,1,599528,0
1775712332,3f213bee-6235-480e-9e70-d5e80fd9ddc3,list,0,0,0,719197,0
1775712346,3f213bee-6235-480e-9e70-d5e80fd9ddc3,list,0,2,0,92519,0
1775708874,25a72f32-e37a-4cab-b3f6-77192fc0aa35,download,0,5,0,66454,0
1775705390,8f4bb3f7-7f34-4857-9345-cc7b691ec121,login,0,1,0,311828,0
1775710639,49dda7ce-0e05-4a40-a128-6349450ff1a6,login,0,0,0,1016916,0
1775707730,4bcd6d06-db69-4a40-b976-05c7544a1a2c,list,0,1,0,1009289,0
1775715926,25a72f32-e37a-4cab-b3f6-77192fc0aa35,login,0,0,1,98949,0
1775713602,c74fcfdf-af81-457e-a423-f6336477d65e,download,0,1,0,1062803,0
1775713031,8f4bb3f7-7f34-4857-9345-cc7b691ec121,upload,0,2,0,636066,0
1775707754,24981836-1892-4695-a7ba-6ea35f397c4d,login,0,0,0,1008532,0
1775715417,ae00c3fa-f6d5-419b-8612-52db300d9dd9,login,0,0,1,105073,0
1775713076,25a72f32-e37a-4cab-b3f6-77192fc0aa35,download,0,1,0,3858459,0
1775713682,63ed13fc-16ff-4c73-adea-2135300ae355,download,0,1,0,4996529,0
1775706002,af8ebf32-c726-48e0-b053-6e07e853a46c,list,0,0,0,121047,0
1775711342,b49ce9ef-011a-422b-8b81-2506dc0fe127,download,0,4,0,3255820,0
1775710760,167a8f34-3eb0-427e-b067-859df37c0547,list,0,1,0,168993,0
1775708391,24981836-1892-4695-a7ba-6ea35f397c4d,upload,0,0,0,61455,0
1775708994,9e93a6a6-b5c3-47bd-9b46-2b2d28bc37f7,list,0,1,0,378615,0
1775706017,ab380f02-12bc-473b-a535-28f832822074,download,1,475,2,665535560,1
1775712598,bf43f002-7707-4271-b479-7bd6660b6627,download,0,3,0,2558928,0
1775715607,b49ce9ef-011a-422b-8b81-2506dc0fe127,download,0,4,0,2292179,0
1775712026,3f213bee-6235-480e-9e70-d5e80fd9ddc3,login,0,1,1,398256,0
1775713241,8f4bb3f7-7f34-4857-9345-cc7b691ec121,download,0,3,0,1246104,0
1775705430,4bcd6d06-db69-4a40-b976-05c7544a1a2c,list,0,2,0,1011151,0
1775710859,367f1ba0-3a73-4e8c-8daa-67458bf346b5,upload,0,0,0,452678,0
1775706642,3f213bee-6235-480e-9e70-d5e80fd9ddc3,list,0,2,0,670777,0
1775714511,4bcd6d06-db69-4a40-b976-05c7544a1a2c,list,0,2,0,273585,0
1775707862,2778adb7-8d25-4998-840b-d5914a0c3d4c,login,0,1,1,292563,0
1775715152,ae00c3fa-f6d5-419b-8612-52db300d9dd9,login,0,1,1,179020,0
1775715778,25a72f32-e37a-4cab-b3f6-77192fc0aa35,login,0,0,1,813685,0
1775705444,0a847b66-6bdd-4f6c-9e30-f67be2e768e9,list,0,1,0,829845,0
1775712156,367f1ba0-3a73-4e8c-8daa-67458bf346b5,upload,0,2,0,167919,0
1775712780,ace9ed8f-794e-41b0-ab66-c2ba52f19d0f,login,0,2,1,341068,0
1775707286,4b67bf97-823a-4df1-bde9-f0a99700964b,upload,0,1,0,1031269,0
1775715260,ab380f02-12bc-473b-a535-28f832822074,download,1,497,1,988968373,1
1775709138,af8ebf32-c726-48e0-b053-6e07e853a46c,login,0,0,0,203482,0
1775710991,16220f75-189c-4d49-b1b9-5a289a9f3df4,download,0,2,0,423933,0
1775707922,12991671-ea7d-4165-971a-36942f3fa1d2,upload,0,2,0,1008650,0
1775706694,167a8f34-3eb0-427e-b067-859df37c0547,download,0,5,0,466268,0
1775706698,3797b81a-52e7-4e52-b1c1-6a9fc51bf6c4,upload,0,0,0,332567,0
1775709178,ab380f02-12bc-473b-a535-28f832822074,list,0,0,0,759016,0
1775709186,3f213bee-6235-480e-9e70-d5e80fd9ddc3,upload,0,1,0,933769,0
1775716646,94ebcab9-38b7-432d-8cff-b96fbc75dfcb,list,0,1,0,490783,0
1775706092,0c0ce9ee-9ada-4d72-a3f2-eb9483feabe8,upload,0,0,0,454515,0
1775707341,c737d5c8-b53d-4464-a1d2-9e2bd7456966,list,0,1,0,541905,0
1775708594,ab380f02-12bc-473b-a535-28f832822074,download,1,383,2,369017901,1
1775711726,c74fcfdf-af81-457e-a423-f6336477d65e,login,1,0,1,30069,0
1775714242,c737d5c8-b53d-4464-a1d2-9e2bd7456966,download,0,1,0,2844068,0
1775713631,6ced1eb4-5e32-4d6c-8280-0946d4f05bef,download,0,2,0,1749243,0
1775716786,c737d5c8-b53d-4464-a1d2-9e2bd7456966,login,0,1,0,618809,0
1775704855,24981836-1892-4695-a7ba-6ea35f397c4d,upload,0,2,0,495149,0
1775712416,cfeed54f-cb0f-4fcb-a16f-f26aa8f69416,upload,0,2,0,467222,0
1775708012,ae00c3fa-f6d5-419b-8612-52db300d9dd9,download,0,2,0,737498,0
1775716234,e26907cb-e617-4ac2-b726-bea132470922,download,0,5,0,1105702,0
1775708657,cfeed54f-cb0f-4fcb-a16f-f26aa8f69416,upload,0,1,0,276790,0
1775709298,3797b81a-52e7-4e52-b1c1-6a9fc51bf6c4,login,0,1,1,651361,0
1775707401,0a847b66-6bdd-4f6c-9e30-f67be2e768e9,download,0,4,0,1888305,0
1775713766,0c0ce9ee-9ada-4d72-a3f2-eb9483feabe8,list,0,2,0,416608,0
1775709959,ace9ed8f-794e-41b0-ab66-c2ba52f19d0f,login,0,1,0,72163,0
1775705502,167a8f34-3eb0-427e-b067-859df37c0547,download,0,1,0,3259488,0
1775713172,63ed13fc-16ff-4c73-adea-2135300ae355,upload,0,1,0,534731,0
1775709986,c89fde94-1c9a-4e8a-90a3-c263cb7eb17e,login,0,0,0,456658,0
1775712559,ab380f02-12bc-473b-a535-28f832822074,download,1,315,2,1050868955,1
1775710004,bf43f002-7707-4271-b479-7bd6660b6627,upload,0,0,0,417329,0
1775715157,25a72f32-e37a-4cab-b3f6-77192fc0aa35,download,0,4,0,247516,0
1775712598,8dfb3116-3ac3-4112-be98-a2662c81ae72,list,0,1,0,317393,0
1775707451,c8fc1656-71fd-4515-acfb-7ef374d44fe6,upload,0,2,0,1013252,0
1775706810,c74fcfdf-af81-457e-a423-f6336477d65e,download,0,2,0,2292550,0
1775710696,367f1ba0-3a73-4e8c-8daa-67458bf346b5,download,0,1,0,1250185,0
1775705522,c74fcfdf-af81-457e-a423-f6336477d65e,upload,0,0,0,590700,0
1775708120,cc6a7b0a-aac4-45a5-89b8-538fccc1db40,download,0,4,0,1022844,0
1775706826,9b308c90-9a9b-4ab3-be08-0ca6d6041471,upload,0,0,0,449148,0
1775708783,ad53681e-c36e-4b3f-a8ad-22cf2bd4a765,upload,0,0,0,894291,0
1775706182,cfeed54f-cb0f-4fcb-a16f-f26aa8f69416,list,0,2,0,848574,0
1775706185,8f4bb3f7-7f34-4857-9345-cc7b691ec121,login,0,0,0,736397,0
1775717306,4a209499-fcdb-4d47-9fba-19deb77f4b7b,upload,0,1,0,956015,0
1775709466,ab380f02-12bc-473b-a535-28f832822074,download,1,65,2,263547073,1
1775713410,0a847b66-6bdd-4f6c-9e30-f67be2e768e9,upload,0,2,0,686319,0
1775708825,6ced1eb4-5e32-4d6c-8280-0946d4f05bef,list,0,2,0,576154,0
1775705542,9e0ad054-903f-4afb-93ab-d3f19bcb3be2,login,0,2,0,24611,0
1775709498,24981836-1892-4695-a7ba-6ea35f397c4d,upload,0,0,0,1043045,0
1775704886,12991671-ea7d-4165-971a-36942f3fa1d2,download,0,2,0,1156667,0
1775711497,e26907cb-e617-4ac2-b726-bea132470922,list,0,1,0,836348,0
1775705550,ab380f02-12bc-473b-a535-28f832822074,download,1,407,0,595524460,1
1775717486,2778adb7-8d25-4998-840b-d5914a0c3d4c,list,0,0,0,749704,0
1775715514,b49ce9ef-011a-422b-8b81-2506dc0fe127,download,0,4,0,3534626,0
1775704891,ab380f02-12bc-473b-a535-28f832822074,download,1,246,0,856670245,1
1775714216,63ed13fc-16ff-4c73-adea-2135300ae355,download,0,4,0,620509,0
1775712897,ae00c3fa-f6d5-419b-8612-52db300d9dd9,upload,0,2,0,384120,0
1775714914,9b308c90-9a9b-4ab3-be08-0ca6d6041471,login,0,2,0,293062,0
1775708909,24981836-1892-4695-a7ba-6ea35f397c4d,login,0,1,1,27355,0
1775716286,c8fc1656-71fd-4515-acfb-7ef374d44fe6,login,0,2,0,821601,0
1775706910,94ebcab9-38b7-432d-8cff-b96fbc75dfcb,upload,0,0,0,989837,0
1775712290,c74fcfdf-af81-457e-a423-f6336477d65e,upload,0,0,0,303592,0
1775705572,63ed13fc-16ff-4c73-adea-2135300ae355,list,0,2,0,574697,0
1775708270,25a72f32-e37a-4cab-b3f6-77192fc0aa35,list,0,0,0,456553,0
1775713676,0c0ce9ee-9ada-4d72-a3f2-eb9483feabe8,login,0,1,1,296198,0
1775717070,c89fde94-1c9a-4e8a-90a3-c263cb7eb17e,download,0,2,0,3197260,0
1775717089,fc4fad76-16bc-401b-88b4-73eedb5baf39,upload,0,0,0,160969,0
1775709650,3e43f9fe-09aa-428c-895e-344049e5f0eb,upload,0,2,0,900221,0
1775715769,fd0692da-82f4-4c34-a563-b3e73b085db8,download,0,2,0,5068083,0
1775713746,c8fc1656-71fd-4515-acfb-7ef374d44fe6,login,0,2,0,629526,0
1775715122,25a72f32-e37a-4cab-b3f6-77192fc0aa35,login,0,0,0,40286,0
1775704908,b49ce9ef-011a-422b-8b81-2506dc0fe127,upload,0,2,0,681434,0
1775715837,ace9ed8f-794e-41b0-ab66-c2ba52f19d0f,login,0,0,0,562521,0
1775713802,16220f75-189c-4d49-b1b9-5a289a9f3df4,list,0,2,0,835084,0
1775707651,c89fde94-1c9a-4e8a-90a3-c263cb7eb17e,download,0,4,0,3885805,0
1775717946,c74fcfdf-af81-457e-a423-f6336477d65e,download,0,3,0,4497019,0
1775716592,032b1a57-8090-46a1-b4e2-919eecba5a54,upload,0,1,0,588489,0
1775705602,94ebcab9-38b7-432d-8cff-b96fbc75dfcb,list,0,1,0,379462,0
1775706293,0a847b66-6bdd-4f6c-9e30-f67be2e768e9,upload,0,1,0,284075,0
1775709056,94ebcab9-38b7-432d-8cff-b96fbc75dfcb,login,0,0,1,136204,0
1775711827,ad53681e-c36e-4b3f-a8ad-22cf2bd4a765,list,0,0,0,993944,0
1775709070,2778adb7-8d25-4998-840b-d5914a0c3d4c,login,0,2,1,841580,0
1775708384,9e93a6a6-b5c3-47bd-9b46-2b2d28bc37f7,upload,0,0,0,984440,0
1775711860,ad53681e-c36e-4b3f-a8ad-22cf2bd4a765,list,0,1,0,416762,0
1775711871,12991671-ea7d-4165-971a-36942f3fa1d2,download,0,1,0,5055241,0
1775716058,c74fcfdf-af81-457e-a423-f6336477d65e,list,0,2,0,852561,0
1775711893,6ced1eb4-5e32-4d6c-8280-0946d4f05bef,upload,0,1,0,380464,0
1775711904,4bcd6d06-db69-4a40-b976-05c7544a1a2c,download,0,2,0,762564,0
1775710517,8dfb3116-3ac3-4112-be98-a2662c81ae72,download,0,5,0,4664239,0
1775710526,3f213bee-6235-480e-9e70-d5e80fd9ddc3,login,0,1,1,554233,0
1775714040,cfeed54f-cb0f-4fcb-a16f-f26aa8f69416,upload,0,0,0,550488,0
1775711246,15dbe71f-eca0-41d6-8a3a-e5fd6d2c2fca,list,0,0,0,598609,0
1775707038,4bcd6d06-db69-4a40-b976-05c7544a1a2c,upload,0,2,0,32933,0
1775705634,c89fde94-1c9a-4e8a-90a3-c263cb7eb17e,login,0,2,1,1008613,0
1775716211,67b0661e-1123-49dd-9aab-466dbffefb05,login,0,1,1,895449,0
1775715522,25a72f32-e37a-4cab-b3f6-77192fc0aa35,download,0,2,0,1399298,0
1775715538,eafb92c7-9925-4cf6-9c62-aaf2d611150b,upload,0,1,0,308628,0
1775710598,3f213bee-6235-480e-9e70-d5e80fd9ddc3,list,0,1,0,403274,0
1775707771,8dfb3116-3ac3-4112-be98-a2662c81ae72,login,0,0,0,246077,0
1775714876,3f213bee-6235-480e-9e70-d5e80fd9ddc3,download,0,4,0,4744421,0
1775704937,8dfb3116-3ac3-4112-be98-a2662c81ae72,list,0,1,0,164179,0
1775707074,3f213bee-6235-480e-9e70-d5e80fd9ddc3,list,0,1,0,5455,0
1775717773,8dfb3116-3ac3-4112-be98-a2662c81ae72,login,0,1,0,322419,0
1775714936,367f1ba0-3a73-4e8c-8daa-67458bf346b5,login,0,0,0,1002530,0
1775705656,cfeed54f-cb0f-4fcb-a16f-f26aa8f69416,login,0,1,0,799861,0
1775709238,eafb92c7-9925-4cf6-9c62-aaf2d611150b,login,0,2,1,634879,0
1775705660,ab380f02-12bc-473b-a535-28f832822074,download,1,234,1,927225320,1
1775708534,eafb92c7-9925-4cf6-9c62-aaf2d611150b,login,0,0,1,781247,0
1775716449,7019fef8-eee1-4780-8866-3cf355f39326,upload,0,1,0,767113,0
1775718626,3f213bee-6235-480e-9e70-d5e80fd9ddc3,download,0,4,0,3976127,0
1775714320,ae00c3fa-f6d5-419b-8612-52db300d9dd9,list,0,0,0,528399,0
1775705670,25a72f32-e37a-4cab-b3f6-77192fc0aa35,login,0,2,1,148907,0
1775716517,24981836-1892-4695-a7ba-6ea35f397c4d,upload,0,1,0,859713,0
1775707122,0a847b66-6bdd-4f6c-9e30-f67be2e768e9,list,1,2,0,594721,0
1775708576,0a847b66-6bdd-4f6c-9e30-f67be2e768e9,list,0,1,0,297161,0
1775717294,12991671-ea7d-4165-971a-36942f3fa1d2,login,0,2,0,582603,0
1775711496,f33ea619-379b-4fe8-8607-92f27dba7c4a,list,0,0,0,262595,0
1775718058,3797b81a-52e7-4e52-b1c1-6a9fc51bf6c4,list,0,1,0,529724,0
1775710787,fc4fad76-16bc-401b-88b4-73eedb5baf39,login,0,2,0,254096,0
1775718826,16220f75-189c-4d49-b1b9-5a289a9f3df4,list,0,2,0,1029385,0
1775715922,c8fc1656-71fd-4515-acfb-7ef374d44fe6,download,0,1,0,3729102,0
1775711546,367f1ba0-3a73-4e8c-8daa-67458bf346b5,upload,0,2,0,805678,0
1775713755,7019fef8-eee1-4780-8866-3cf355f39326,upload,0,0,0,151732,0
1775709364,367f1ba0-3a73-4e8c-8daa-67458bf346b5,login,0,0,1,847334,0
1775707166,ace9ed8f-794e-41b0-ab66-c2ba52f19d0f,list,0,0,0,897782,0
1775707170,63ed13fc-16ff-4c73-adea-2135300ae355,login,0,0,0,953524,0
1775709385,167a8f34-3eb0-427e-b067-859df37c0547,upload,0,0,0,2537,0
1775712344,ab380f02-12bc-473b-a535-28f832822074,download,0,371,2,1025614872,1
1775706443,fc4fad76-16bc-401b-88b4-73eedb5baf39,upload,0,2,0,55070,0
1775709406,ab380f02-12bc-473b-a535-28f832822074,download,1,497,2,358098287,1
1775711636,7019fef8-eee1-4780-8866-3cf355f39326,upload,0,2,0,568594,0
1775717582,f33ea619-379b-4fe8-8607-92f27dba7c4a,download,0,2,0,1034134,0
1775712399,3e43f9fe-09aa-428c-895e-344049e5f0eb,download,0,4,0,4943730,0
1775704970,8f4bb3f7-7f34-4857-9345-cc7b691ec121,list,0,0,0,250608,0
1775713166,c737d5c8-b53d-4464-a1d2-9e2bd7456966,login,0,0,0,174591,0
1775716908,16220f75-189c-4d49-b1b9-5a289a9f3df4,list,0,2,0,536029,0
1775711696,3e43f9fe-09aa-428c-895e-344049e5f0eb,upload,0,0,0,829743,0
1775705722,4b67bf97-823a-4df1-bde9-f0a99700964b,upload,0,1,0,769076,0
1775718457,8f4bb3f7-7f34-4857-9345-cc7b691ec121,login,0,0,1,174691,0
1775718476,c737d5c8-b53d-4464-a1d2-9e2bd7456966,download,0,2,0,2927047,0
1775712487,ae00c3fa-f6d5-419b-8612-52db300d9dd9,download,0,1,0,326235,0
1775709490,167a8f34-3eb0-427e-b067-859df37c0547,login,0,1,1,291534,0
1775714768,24981836-1892-4695-a7ba-6ea35f397c4d,login,0,2,0,135083,0
1775704980,12991671-ea7d-4165-971a-36942f3fa1d2,login,0,1,0,278894,0
1775718571,12991671-ea7d-4165-971a-36942f3fa1d2,login,0,1,1,447979,0
1775708762,ab380f02-12bc-473b-a535-28f832822074,upload,0,1,0,273742,0
1775718609,72e59186-4ee7-4a1e-9d41-155f00e06a95,upload,0,2,0,480488,0
1775718628,6ced1eb4-5e32-4d6c-8280-0946d4f05bef,list,0,0,0,228589,0
1775708780,eafb92c7-9925-4cf6-9c62-aaf2d611150b,list,0,0,0,408315,0
1775714866,24981836-1892-4695-a7ba-6ea35f397c4d,login,0,1,0,471138,0
1775715641,367f1ba0-3a73-4e8c-8daa-67458bf346b5,upload,0,1,0,472335,0
1775706512,032b1a57-8090-46a1-b4e2-919eecba5a54,upload,0,1,0,233294,0
1775714145,4b67bf97-823a-4df1-bde9-f0a99700964b,download,0,3,0,221315,0
1775706518,032b1a57-8090-46a1-b4e2-919eecba5a54,login,0,2,1,656276,0
1775714936,9e0ad054-903f-4afb-93ab-d3f19bcb3be2,login,0,0,0,761296,0
1775718780,c74fcfdf-af81-457e-a423-f6336477d65e,upload,0,0,0,778925,0
1775716498,c89fde94-1c9a-4e8a-90a3-c263cb7eb17e,download,0,4,0,1217536,0
1775718818,c8fc1656-71fd-4515-acfb-7ef374d44fe6,list,0,1,0,470759,0
1775713454,bf43f002-7707-4271-b479-7bd6660b6627,download,0,1,0,2161648,0
1775713466,2cfa69c9-d3d1-4780-967c-3e5e2ff36998,download,0,3,0,1914426,0
1775718875,0a847b66-6bdd-4f6c-9e30-f67be2e768e9,list,0,1,0,913501,0
1775705770,4a209499-fcdb-4d47-9fba-19deb77f4b7b,upload,0,1,0,792837,0
1775718140,9e93a6a6-b5c3-47bd-9b46-2b2d28bc37f7,login,0,0,1,126563,0
1775714288,9e0ad054-903f-4afb-93ab-d3f19bcb3be2,download,0,1,0,3929651,0
1775706551,24981836-1892-4695-a7ba-6ea35f397c4d,list,0,2,0,761507,0
1775711210,24981836-1892-4695-a7ba-6ea35f397c4d,login,0,1,0,589299,0
1775708888,c737d5c8-b53d-4464-a1d2-9e2bd7456966,upload,0,0,0,515234,0
1775706560,7019fef8-eee1-4780-8866-3cf355f39326,download,0,3,0,3457361,0
1775716690,4a209499-fcdb-4d47-9fba-19deb77f4b7b,upload,0,0,0,759696,0
1775719046,ad53681e-c36e-4b3f-a8ad-22cf2bd4a765,list,0,2,0,723708,0
1775715941,9b308c90-9a9b-4ab3-be08-0ca6d6041471,download,0,2,0,759231,0
1775715956,24981836-1892-4695-a7ba-6ea35f397c4d,upload,0,1,0,968035,0
1775711273,c737d5c8-b53d-4464-a1d2-9e2bd7456966,download,0,4,0,220027,0
1775715986,0c0ce9ee-9ada-4d72-a3f2-eb9483feabe8,download,0,5,0,3097318,0
1775716786,c89fde94-1c9a-4e8a-90a3-c263cb7eb17e,list,0,0,0,664229,0
1775714444,3797b81a-52e7-4e52-b1c1-6a9fc51bf6c4,upload,0,0,0,1747,0
1775713670,49dda7ce-0e05-4a40-a128-6349450ff1a6,upload,0,0,0,369539,0
1775711318,72e59186-4ee7-4a1e-9d41-155f00e06a95,login,0,0,1,992800,0
1775712905,67b0661e-1123-49dd-9aab-466dbffefb05,download,0,5,0,2743952,0
1775717656,2cfa69c9-d3d1-4780-967c-3e5e2ff36998,list,0,1,0,252646,0
1775710554,4b67bf97-823a-4df1-bde9-f0a99700964b,login,0,0,1,621798,0
1775710562,167a8f34-3eb0-427e-b067-859df37c0547,upload,0,1,0,690947,0
1775708191,c74fcfdf-af81-457e-a423-f6336477d65e,upload,0,2,0,708193,0
1775711372,c89fde94-1c9a-4e8a-90a3-c263cb7eb17e,upload,1,0,0,597234,0
1775708201,cc6a7b0a-aac4-45a5-89b8-538fccc1db40,list,0,0,0,347323,0
1775709002,12991671-ea7d-4165-971a-36942f3fa1d2,login,0,0,0,760948,0
1775715384,cc6a7b0a-aac4-45a5-89b8-538fccc1db40,upload,0,2,0,302063,0
1775720186,ab380f02-12bc-473b-a535-28f832822074,download,1,228,1,665408012,1
1775712216,49dda7ce-0e05-4a40-a128-6349450ff1a6,upload,0,1,0,941862,0
1775716226,94ebcab9-38b7-432d-8cff-b96fbc75dfcb,list,0,1,0,165956,0
1775713838,032b1a57-8090-46a1-b4e2-919eecba5a54,upload,0,0,0,842903,0
1775705028,ab380f02-12bc-473b-a535-28f832822074,download,1,425,1,869818339,1
1775719483,4bcd6d06-db69-4a40-b976-05c7544a1a2c,download,0,1,0,2284802,0
1775708246,c89fde94-1c9a-4e8a-90a3-c263cb7eb17e,download,0,5,0,1979971,0
1775708251,c737d5c8-b53d-4464-a1d2-9e2bd7456966,login,0,0,1,255129,0
1775716316,0c0ce9ee-9ada-4d72-a3f2-eb9483feabe8,login,0,0,1,738200,0
1775709875,63ed13fc-16ff-4c73-adea-2135300ae355,login,0,2,1,831021,0
1775709074,f33ea619-379b-4fe8-8607-92f27dba7c4a,download,0,2,0,1837620,0
1775716361,c8fc1656-71fd-4515-acfb-7ef374d44fe6,login,0,0,1,198430,0
1775713136,cc6a7b0a-aac4-45a5-89b8-538fccc1db40,download,0,1,0,1883743,0
1775708281,12991671-ea7d-4165-971a-36942f3fa1d2,list,0,1,0,629117,0
1775717218,3e43f9fe-09aa-428c-895e-344049e5f0eb,download,0,3,0,2004334,0
1775706665,15dbe71f-eca0-41d6-8a3a-e5fd6d2c2fca,list,0,1,0,254480,0
1775709110,e26907cb-e617-4ac2-b726-bea132470922,upload,0,2,0,81568,0
1775709116,2cfa69c9-d3d1-4780-967c-3e5e2ff36998,list,0,2,0,930071,0
1775707490,ab380f02-12bc-473b-a535-28f832822074,download,1,158,1,888456926,1
1775711579,3e43f9fe-09aa-428c-895e-344049e5f0eb,login,0,0,1,512971,0
1775710770,f33ea619-379b-4fe8-8607-92f27dba7c4a,upload,0,0,0,771165,0
1775718149,f33ea619-379b-4fe8-8607-92f27dba7c4a,login,0,2,1,12553,0
1775717346,94ebcab9-38b7-432d-8cff-b96fbc75dfcb,list,0,1,0,318136,0
1775705868,eafb92c7-9925-4cf6-9c62-aaf2d611150b,upload,0,1,0,412531,0
1775705048,63ed13fc-16ff-4c73-adea-2135300ae355,list,0,1,0,439456,0
1775715748,72e59186-4ee7-4a1e-9d41-155f00e06a95,list,0,0,0,311012,0
1775705050,032b1a57-8090-46a1-b4e2-919eecba5a54,upload,0,0,0,512822,0
1775714126,4b67bf97-823a-4df1-bde9-f0a99700964b,login,0,2,1,416972,0
1775705052,b635daa1-ee9f-43f2-9a34-e1d43caad67b,login,0,0,0,788872,0
1775710015,c8fc1656-71fd-4515-acfb-7ef374d44fe6,list,0,0,0,691261,0
1775710850,16220f75-189c-4d49-b1b9-5a289a9f3df4,login,0,2,1,465941,0
1775715003,16220f75-189c-4d49-b1b9-5a289a9f3df4,list,0,0,0,731299,0
1775715016,67b0661e-1123-49dd-9aab-466dbffefb05,login,0,2,1,338805,0
1775714198,c74fcfdf-af81-457e-a423-f6336477d65e,login,0,0,1,452402,0
1775713378,7019fef8-eee1-4780-8866-3cf355f39326,list,0,1,0,268919,0
1775708391,eafb92c7-9925-4cf6-9c62-aaf2d611150b,download,0,3,0,2738843,0
1775718404,7019fef8-eee1-4780-8866-3cf355f39326,download,0,1,0,5050125,0
1775706731,25a72f32-e37a-4cab-b3f6-77192fc0aa35,login,0,1,0,534509,0
1775709242,ace9ed8f-794e-41b0-ab66-c2ba52f19d0f,upload,0,2,0,10521,0
1775708411,af8ebf32-c726-48e0-b053-6e07e853a46c,download,0,3,0,2061025,0
1775716796,c737d5c8-b53d-4464-a1d2-9e2bd7456966,upload,0,1,0,941522,0
1775716811,bb5a333e-d631-4644-91cc-88c161a23399,list,0,1,0,1035655,0
1775710106,94ebcab9-38b7-432d-8cff-b96fbc75dfcb,download,0,1,0,4669307,0
1775719364,cfeed54f-cb0f-4fcb-a16f-f26aa8f69416,upload,0,0,0,38649,0
1775708436,49dda7ce-0e05-4a40-a128-6349450ff1a6,download,0,5,0,3732472,0
1775716871,8dfb3116-3ac3-4112-be98-a2662c81ae72,download,0,3,0,5233856,0
1775708446,3f213bee-6235-480e-9e70-d5e80fd9ddc3,upload,0,1,0,634517,0
1775709296,ab380f02-12bc-473b-a535-28f832822074,download,1,66,0,300343165,1
1775712686,f33ea619-379b-4fe8-8607-92f27dba7c4a,login,0,1,1,852336,0
1775710155,2778adb7-8d25-4998-840b-d5914a0c3d4c,download,0,5,0,1249171,0
1775708466,8dfb3116-3ac3-4112-be98-a2662c81ae72,upload,0,2,0,350139,0
1775715263,8f4bb3f7-7f34-4857-9345-cc7b691ec121,login,0,1,1,2781,0
1775705076,ab380f02-12bc-473b-a535-28f832822074,login,0,1,0,620021,0
1775705928,c737d5c8-b53d-4464-a1d2-9e2bd7456966,login,0,2,0,574107,0
1775718710,6ced1eb4-5e32-4d6c-8280-0946d4f05bef,login,0,0,0,788667,0
1775715315,367f1ba0-3a73-4e8c-8daa-67458bf346b5,upload,0,0,0,952050,0
1775712766,ad53681e-c36e-4b3f-a8ad-22cf2bd4a765,upload,0,1,0,549978,0
1775709356,bb5a333e-d631-4644-91cc-88c161a23399,login,0,1,0,471609,0
1775711074,94ebcab9-38b7-432d-8cff-b96fbc75dfcb,list,0,2,0,991102,0
1775720509,63ed13fc-16ff-4c73-adea-2135300ae355,download,0,5,0,2732853,0
1775720528,bb5a333e-d631-4644-91cc-88c161a23399,login,0,2,1,265123,0
1775705944,2778adb7-8d25-4998-840b-d5914a0c3d4c,download,0,4,0,959446,0
1775712826,72e59186-4ee7-4a1e-9d41-155f00e06a95,upload,0,1,0,245095,0
1775718002,ab380f02-12bc-473b-a535-28f832822074,download,1,118,1,605528555,1
1775715432,ad53681e-c36e-4b3f-a8ad-22cf2bd4a765,upload,0,0,0,896401,0
1775717171,ab380f02-12bc-473b-a535-28f832822074,download,1,358,2,440147017,1
1775717186,c89fde94-1c9a-4e8a-90a3-c263cb7eb17e,list,0,1,0,146348,0
1775713741,3e43f9fe-09aa-428c-895e-344049e5f0eb,upload,0,1,0,620157,0
1775717216,cc6a7b0a-aac4-45a5-89b8-538fccc1db40,download,0,2,0,1040510,0
1775709428,cc6a7b0a-aac4-45a5-89b8-538fccc1db40,login,0,0,0,638990,0
1775712038,49dda7ce-0e05-4a40-a128-6349450ff1a6,download,0,5,0,2846099,0
1775717261,ab380f02-12bc-473b-a535-28f832822074,download,1,440,1,123508042,1
1775709446,3797b81a-52e7-4e52-b1c1-6a9fc51bf6c4,download,0,4,0,27751,0
1775715549,72e59186-4ee7-4a1e-9d41-155f00e06a95,upload,0,2,0,547923,0
1775712946,94ebcab9-38b7-432d-8cff-b96fbc75dfcb,list,0,0,0,738245,0
1775705099,f33ea619-379b-4fe8-8607-92f27dba7c4a,list,0,1,0,937251,0
1775705974,367f1ba0-3a73-4e8c-8daa-67458bf346b5,list,0,1,0,664844,0
1775710351,167a8f34-3eb0-427e-b067-859df37c0547,login,0,1,0,120625,0
1775720870,c89fde94-1c9a-4e8a-90a3-c263cb7eb17e,upload,0,1,0,498758,0
1775721766,16220f75-189c-4d49-b1b9-5a289a9f3df4,download,0,3,0,1585776,0
1775708616,cfeed54f-cb0f-4fcb-a16f-f26aa8f69416,login,1,2,0,198405,0
1775713016,16220f75-189c-4d49-b1b9-5a289a9f3df4,upload,0,2,0,63354,0
1775713026,c74fcfdf-af81-457e-a423-f6336477d65e,list,0,1,0,566201,0
1775713036,67b0661e-1123-49dd-9aab-466dbffefb05,upload,0,0,0,307309,0
1775718338,167a8f34-3eb0-427e-b067-859df37c0547,list,0,2,0,216318,0
1775707758,16220f75-189c-4d49-b1b9-5a289a9f3df4,upload,0,0,0,1010262,0
1775711298,c89fde94-1c9a-4e8a-90a3-c263cb7eb17e,login,0,2,1,359204,0
1775717501,c89fde94-1c9a-4e8a-90a3-c263cb7eb17e,login,0,1,1,863292,0
1775715744,e26907cb-e617-4ac2-b726-bea132470922,upload,0,2,0,887129,0
1775711322,ab380f02-12bc-473b-a535-28f832822074,download,1,369,1,608405131,1
1775706002,0a847b66-6bdd-4f6c-9e30-f67be2e768e9,download,0,4,0,3003159,0
1775722006,c89fde94-1c9a-4e8a-90a3-c263cb7eb17e,login,0,2,1,222509,0
1775718466,c8fc1656-71fd-4515-acfb-7ef374d44fe6,download,0,3,0,1732152,0
1775717591,eafb92c7-9925-4cf6-9c62-aaf2d611150b,download,0,1,0,817514,0
1775720282,ab380f02-12bc-473b-a535-28f832822074,upload,0,0,0,152853,0
1775718514,6ced1eb4-5e32-4d6c-8280-0946d4f05bef,download,0,1,0,1390731,0
1775707802,f33ea619-379b-4fe8-8607-92f27dba7c4a,upload,0,1,0,359490,0
1775717651,24981836-1892-4695-a7ba-6ea35f397c4d,list,0,1,0,174046,0
1775705122,25a72f32-e37a-4cab-b3f6-77192fc0aa35,login,0,1,1,293344,0
1775706020,4bcd6d06-db69-4a40-b976-05c7544a1a2c,download,0,2,0,3575993,0
1775715900,c74fcfdf-af81-457e-a423-f6336477d65e,upload,0,2,0,902605,0
1775713216,ae00c3fa-f6d5-419b-8612-52db300d9dd9,login,0,0,1,146409,0
1775712326,8dfb3116-3ac3-4112-be98-a2662c81ae72,upload,0,2,0,898279,0
1775706028,0a847b66-6bdd-4f6c-9e30-f67be2e768e9,download,0,1,0,2851138,0
1775713246,ace9ed8f-794e-41b0-ab66-c2ba52f19d0f,upload,0,2,0,827654,0
1775717771,c737d5c8-b53d-4464-a1d2-9e2bd7456966,upload,0,1,0,580652,0
1775711458,8f4bb3f7-7f34-4857-9345-cc7b691ec121,list,0,2,0,66230,0
1775720516,ab380f02-12bc-473b-a535-28f832822074,download,1,277,0,735125237,1
1775715098,2cfa69c9-d3d1-4780-967c-3e5e2ff36998,download,0,1,0,674451,0
1775708761,67b0661e-1123-49dd-9aab-466dbffefb05,upload,0,1,0,264759,0
1775706042,3f213bee-6235-480e-9e70-d5e80fd9ddc3,upload,0,1,0,224182,0
1775711498,c74fcfdf-af81-457e-a423-f6336477d65e,login,0,1,0,1039533,0
1775706956,4a209499-fcdb-4d47-9fba-19deb77f4b7b,login,0,1,0,167756,0
1775706048,ad53681e-c36e-4b3f-a8ad-22cf2bd4a765,login,0,0,1,795057,0
1775715170,2cfa69c9-d3d1-4780-967c-3e5e2ff36998,download,0,5,0,4656238,0
1775705139,9e93a6a6-b5c3-47bd-9b46-2b2d28bc37f7,download,0,1,0,3802547,0
1775721592,8f4bb3f7-7f34-4857-9345-cc7b691ec121,login,0,1,1,525995,0
1775717036,0c0ce9ee-9ada-4d72-a3f2-eb9483feabe8,download,0,3,0,3577046,0
1775709722,3797b81a-52e7-4e52-b1c1-6a9fc51bf6c4,upload,0,2,0,650637,0
1775707894,fc4fad76-16bc-401b-88b4-73eedb5baf39,login,0,0,0,351774,0
1775706062,7019fef8-eee1-4780-8866-3cf355f39326,list,0,1,0,864425,0
1775719849,ab380f02-12bc-473b-a535-28f832822074,download,1,358,1,341182990,1
1775706986,c8fc1656-71fd-4515-acfb-7ef374d44fe6,upload,0,0,0,9731,0
1775720804,4a209499-fcdb-4d47-9fba-19deb77f4b7b,login,0,2,0,548828,0
1775722666,16220f75-189c-4d49-b1b9-5a289a9f3df4,login,0,2,1,728176,0
1775706072,bf43f002-7707-4271-b479-7bd6660b6627,list,0,1,0,152985,0
1775705150,b635daa1-ee9f-43f2-9a34-e1d43caad67b,download,0,4,0,1367672,0
1775714401,3e43f9fe-09aa-428c-895e-344049e5f0eb,list,0,1,0,646089,0
1775711634,c8fc1656-71fd-4515-acfb-7ef374d44fe6,download,0,5,0,3226518,0
1775719058,c89fde94-1c9a-4e8a-90a3-c263cb7eb17e,login,0,2,1,142797,0
1775716290,c737d5c8-b53d-4464-a1d2-9e2bd7456966,list,0,2,0,380655,0
1775711658,6ced1eb4-5e32-4d6c-8280-0946d4f05bef,upload,0,2,0,384625,0
1775713526,bb5a333e-d631-4644-91cc-88c161a23399,list,0,0,0,726785,0
1775717260,16220f75-189c-4d49-b1b9-5a289a9f3df4,list,0,0,0,184958,0
1775710750,c89fde94-1c9a-4e8a-90a3-c263cb7eb17e,login,0,1,0,603217,0
1775710757,b49ce9ef-011a-422b-8b81-2506dc0fe127,login,0,2,1,172736,0
1775711698,ab380f02-12bc-473b-a535-28f832822074,download,1,249,0,975309320,1
1775711706,9e0ad054-903f-4afb-93ab-d3f19bcb3be2,download,0,1,0,4844496,0
1775711714,8f4bb3f7-7f34-4857-9345-cc7b691ec121,download,0,1,0,5171399,0
1775720155,af8ebf32-c726-48e0-b053-6e07e853a46c,login,0,1,1,632012,0
1775720172,8f4bb3f7-7f34-4857-9345-cc7b691ec121,list,0,1,0,459021,0
1775720189,3e43f9fe-09aa-428c-895e-344049e5f0eb,login,1,2,1,748424,0
1775719266,af8ebf32-c726-48e0-b053-6e07e853a46c,login,0,1,0,486205,0
1775719282,7019fef8-eee1-4780-8866-3cf355f39326,download,0,4,0,4254374,0
1775715530,12991671-ea7d-4165-971a-36942f3fa1d2,upload,0,2,0,72808,0
1775713656,bf43f002-7707-4271-b479-7bd6660b6627,list,0,2,0,962202,0
1775710834,032b1a57-8090-46a1-b4e2-919eecba5a54,download,0,2,0,2423879,0
1775719346,16220f75-189c-4d49-b1b9-5a289a9f3df4,upload,0,0,0,376353,0
1775713686,63ed13fc-16ff-4c73-adea-2135300ae355,login,0,1,1,509992,0
1775710855,ad53681e-c36e-4b3f-a8ad-22cf2bd4a765,login,0,1,0,546132,0
1775717498,67b0661e-1123-49dd-9aab-466dbffefb05,upload,0,2,0,999171,0
1775723206,fd0692da-82f4-4c34-a563-b3e73b085db8,download,0,5,0,2835493,0
1775722276,bb5a333e-d631-4644-91cc-88c161a23399,list,0,2,0,584191,0
1775705177,ab380f02-12bc-473b-a535-28f832822074,download,0,471,2,335883449,1
1775709938,4bcd6d06-db69-4a40-b976-05c7544a1a2c,download,0,4,0,838447,0
1775718521,ad53681e-c36e-4b3f-a8ad-22cf2bd4a765,download,0,5,0,426999,0
1775717582,ab380f02-12bc-473b-a535-28f832822074,login,0,2,1,735860,0
1775721416,8f4bb3f7-7f34-4857-9345-cc7b691ec121,upload,0,2,0,620218,0
1775710918,ad53681e-c36e-4b3f-a8ad-22cf2bd4a765,download,0,2,0,4261149,0
1775723366,9e0ad054-903f-4afb-93ab-d3f19bcb3be2,download,0,3,0,4503343,0
1775723386,9e93a6a6-b5c3-47bd-9b46-2b2d28bc37f7,list,0,1,0,851189,0
1775720529,12991671-ea7d-4165-971a-36942f3fa1d2,list,0,1,0,141931,0
1775709026,4bcd6d06-db69-4a40-b976-05c7544a1a2c,download,1,1,0,316381,0
1775713836,4bcd6d06-db69-4a40-b976-05c7544a1a2c,list,0,1,0,778961,0
1775706150,4a209499-fcdb-4d47-9fba-19deb77f4b7b,upload,0,0,0,398332,0
1775716745,3e43f9fe-09aa-428c-895e-344049e5f0eb,login,0,1,1,491838,0
1775722542,3f213bee-6235-480e-9e70-d5e80fd9ddc3,upload,0,1,0,802422,0
1775717736,24981836-1892-4695-a7ba-6ea35f397c4d,download,0,3,0,3050156,0
1775723546,4bcd6d06-db69-4a40-b976-05c7544a1a2c,upload,1,1,0,388289,0
1775705193,4b67bf97-823a-4df1-bde9-f0a99700964b,login,0,0,1,868335,0
1775722618,ae00c3fa-f6d5-419b-8612-52db300d9dd9,login,0,2,1,1038936,0
1775708102,16220f75-189c-4d49-b1b9-5a289a9f3df4,login,0,2,1,681709,0
1775714896,24981836-1892-4695-a7ba-6ea35f397c4d,download,0,1,0,1207843,0
1775711023,b635daa1-ee9f-43f2-9a34-e1d43caad67b,download,0,2,0,2712223,0
1775714918,ad53681e-c36e-4b3f-a8ad-22cf2bd4a765,login,0,2,0,620168,0
1775714929,0c0ce9ee-9ada-4d72-a3f2-eb9483feabe8,list,0,2,0,122570,0
1775714940,49dda7ce-0e05-4a40-a128-6349450ff1a6,upload,0,2,0,868838,0
1775717876,9e93a6a6-b5c3-47bd-9b46-2b2d28bc37f7,list,0,1,0,784839,0
1775723746,3f213bee-6235-480e-9e70-d5e80fd9ddc3,login,0,2,1,294875,0
1775723766,9b308c90-9a9b-4ab3-be08-0ca6d6041471,login,0,0,0,714061,0
1775713028,cfeed54f-cb0f-4fcb-a16f-f26aa8f69416,list,0,0,0,575429,0
1775718911,6ced1eb4-5e32-4d6c-8280-0946d4f05bef,upload,0,2,0,358992,0
1775716966,49dda7ce-0e05-4a40-a128-6349450ff1a6,download,0,5,0,4478447,0
1775715017,24981836-1892-4695-a7ba-6ea35f397c4d,list,0,0,0,717033,0
1775709136,b635daa1-ee9f-43f2-9a34-e1d43caad67b,login,0,1,0,835749,0
1775713073,ab380f02-12bc-473b-a535-28f832822074,download,0,422,1,379342211,1
1775707178,ab380f02-12bc-473b-a535-28f832822074,upload,0,2,0,352273,0
1775714076,eafb92c7-9925-4cf6-9c62-aaf2d611150b,list,0,1,0,243635,0
1775719016,af8ebf32-c726-48e0-b053-6e07e853a46c,list,0,2,0,506937,0
1775722979,fc4fad76-16bc-401b-88b4-73eedb5baf39,list,0,0,0,100390,0
1775718058,4a209499-fcdb-4d47-9fba-19deb77f4b7b,login,0,1,1,431835,0
1775717083,7019fef8-eee1-4780-8866-3cf355f39326,download,0,1,0,4631939,0
1775721056,ab380f02-12bc-473b-a535-28f832822074,list,0,1,0,82378,0
1775714136,cc6a7b0a-aac4-45a5-89b8-538fccc1db40,upload,0,1,0,768655,0
1775709186,67b0661e-1123-49dd-9aab-466dbffefb05,list,0,2,0,618990,0
1775717135,2cfa69c9-d3d1-4780-967c-3e5e2ff36998,download,0,3,0,3848088,0
1775717148,12991671-ea7d-4165-971a-36942f3fa1d2,upload,0,0,0,606526,0
1775705221,72e59186-4ee7-4a1e-9d41-155f00e06a95,login,0,0,1,569425,0
1775712194,2cfa69c9-d3d1-4780-967c-3e5e2ff36998,list,0,2,0,420383,0
1775720178,e26907cb-e617-4ac2-b726-bea132470922,login,0,0,0,67083,0
1775709216,f33ea619-379b-4fe8-8607-92f27dba7c4a,download,0,1,0,4784221,0
1775709221,af8ebf32-c726-48e0-b053-6e07e853a46c,download,0,1,0,3184699,0
1775716226,ab380f02-12bc-473b-a535-28f832822074,upload,0,0,0,311666,0
1775711233,94ebcab9-38b7-432d-8cff-b96fbc75dfcb,list,0,2,0,138362,0
1775717252,16220f75-189c-4d49-b1b9-5a289a9f3df4,login,0,1,0,238347,0
1775714256,4b67bf97-823a-4df1-bde9-f0a99700964b,login,0,1,0,741870,0
1775721294,cc6a7b0a-aac4-45a5-89b8-538fccc1db40,download,0,3,0,2312270,0
1775720306,6ced1eb4-5e32-4d6c-8280-0946d4f05bef,upload,0,1,0,767590,0
1775716298,b49ce9ef-011a-422b-8b81-2506dc0fe127,login,0,1,1,485565,0
1775720338,b635daa1-ee9f-43f2-9a34-e1d43caad67b,upload,0,0,0,991609,0
1775717330,3797b81a-52e7-4e52-b1c1-6a9fc51bf6c4,upload,0,2,0,648521,0
1775719361,9e0ad054-903f-4afb-93ab-d3f19bcb3be2,download,0,5,0,1047571,0
1775714326,9b308c90-9a9b-4ab3-be08-0ca6d6041471,upload,0,1,0,154804,0
1775720402,2778adb7-8d25-4998-840b-d5914a0c3d4c,list,0,2,0,164724,0
1775712322,ae00c3fa-f6d5-419b-8612-52db300d9dd9,list,0,1,0,756966,0
1775705239,2cfa69c9-d3d1-4780-967c-3e5e2ff36998,login,0,0,1,303712,0
1775708282,12991671-ea7d-4165-971a-36942f3fa1d2,login,0,0,1,173672,0
1775714376,b49ce9ef-011a-422b-8b81-2506dc0fe127,upload,0,1,0,735729,0
1775721498,9b308c90-9a9b-4ab3-be08-0ca6d6041471,list,0,0,0,862136,0
1775718464,b49ce9ef-011a-422b-8b81-2506dc0fe127,upload,0,2,0,139147,0
1775716442,f33ea619-379b-4fe8-8607-92f27dba7c4a,download,0,1,0,3338614,0
1775717473,ab380f02-12bc-473b-a535-28f832822074,download,1,385,2,945762358,1
1775707286,0c0ce9ee-9ada-4d72-a3f2-eb9483feabe8,login,0,0,1,460452,0
1775720562,b635daa1-ee9f-43f2-9a34-e1d43caad67b,download,0,1,0,5225227,0
1775710358,8dfb3116-3ac3-4112-be98-a2662c81ae72,upload,0,0,0,638116,0
1775715479,c8fc1656-71fd-4515-acfb-7ef374d44fe6,download,0,3,0,4928134,0
1775711394,15dbe71f-eca0-41d6-8a3a-e5fd6d2c2fca,upload,0,2,0,671690,0
1775722676,eafb92c7-9925-4cf6-9c62-aaf2d611150b,list,0,1,0,224293,0
1775713460,af8ebf32-c726-48e0-b053-6e07e853a46c,login,1,2,1,784289,0
1775720658,c737d5c8-b53d-4464-a1d2-9e2bd7456966,upload,0,0,0,795138,0
1775713478,8f4bb3f7-7f34-4857-9345-cc7b691ec121,login,0,2,1,576956,0
1775705255,49dda7ce-0e05-4a40-a128-6349450ff1a6,login,0,0,1,714050,0
1775717616,032b1a57-8090-46a1-b4e2-919eecba5a54,upload,0,2,0,582688,0
1775721753,16220f75-189c-4d49-b1b9-5a289a9f3df4,list,0,1,0,880396,0
1775711450,15dbe71f-eca0-41d6-8a3a-e5fd6d2c2fca,upload,0,1,0,547907,0
1775715589,ab380f02-12bc-473b-a535-28f832822074,download,0,491,1,223546567,1
1775707328,63ed13fc-16ff-4c73-adea-2135300ae355,login,0,0,1,656360,0
1775710436,ace9ed8f-794e-41b0-ab66-c2ba52f19d0f,list,0,2,0,398051,0
1775714586,0a847b66-6bdd-4f6c-9e30-f67be2e768e9,download,0,1,0,5188460,0
1775710448,af8ebf32-c726-48e0-b053-6e07e853a46c,upload,0,1,0,943871,0
1775719796,12991671-ea7d-4165-971a-36942f3fa1d2,login,0,0,1,987903,0
1775714616,72e59186-4ee7-4a1e-9d41-155f00e06a95,login,0,1,0,666488,0
1775717746,6ced1eb4-5e32-4d6c-8280-0946d4f05bef,list,0,2,0,139638,0
1775722964,25a72f32-e37a-4cab-b3f6-77192fc0aa35,list,0,1,0,743560,0
1775705268,ad53681e-c36e-4b3f-a8ad-22cf2bd4a765,login,0,0,0,562007,0
1775711527,67b0661e-1123-49dd-9aab-466dbffefb05,upload,0,2,0,158571,0
1775725106,4a209499-fcdb-4d47-9fba-19deb77f4b7b,list,0,0,0,1014160,0
1775720946,bb5a333e-d631-4644-91cc-88c161a23399,login,0,0,1,375545,0
1775705272,9b308c90-9a9b-4ab3-be08-0ca6d6041471,download,0,4,0,2482795,0
1775709461,ab380f02-12bc-473b-a535-28f832822074,download,1,231,1,683047117,1
1775713658,fd0692da-82f4-4c34-a563-b3e73b085db8,upload,0,1,0,815130,0
1775711569,c8fc1656-71fd-4515-acfb-7ef374d44fe6,list,0,0,0,541403,0
1775705276,3e43f9fe-09aa-428c-895e-344049e5f0eb,list,0,0,0,205602,0
1775717889,bf43f002-7707-4271-b479-7bd6660b6627,login,0,0,0,487036,0
1775715798,ace9ed8f-794e-41b0-ab66-c2ba52f19d0f,list,0,1,0,17876,0
1775711597,9e93a6a6-b5c3-47bd-9b46-2b2d28bc37f7,login,0,1,1,336719,0
1775720036,2778adb7-8d25-4998-840b-d5914a0c3d4c,download,0,3,0,377491,0
1775713721,b635daa1-ee9f-43f2-9a34-e1d43caad67b,login,0,2,0,963041,0
1775710562,8dfb3116-3ac3-4112-be98-a2662c81ae72,login,0,1,1,4850,0
1775709511,f33ea619-379b-4fe8-8607-92f27dba7c4a,list,0,1,0,51153,0
1775711632,c74fcfdf-af81-457e-a423-f6336477d65e,login,0,0,1,765054,0
1775705285,ab380f02-12bc-473b-a535-28f832822074,download,1,94,1,546835119,1
1775709526,7019fef8-eee1-4780-8866-3cf355f39326,login,0,0,1,960731,0
1775719080,67b0661e-1123-49dd-9aab-466dbffefb05,upload,0,1,0,438273,0
1775719094,72e59186-4ee7-4a1e-9d41-155f00e06a95,list,0,0,0,625265,0
1775722297,9e93a6a6-b5c3-47bd-9b46-2b2d28bc37f7,list,0,1,0,198098,0
1775714866,fd0692da-82f4-4c34-a563-b3e73b085db8,login,0,2,0,24636,0
1775717006,15dbe71f-eca0-41d6-8a3a-e5fd6d2c2fca,upload,0,1,0,934459,0
1775722348,49dda7ce-0e05-4a40-a128-6349450ff1a6,download,0,3,0,2557093,0
1775725566,9e93a6a6-b5c3-47bd-9b46-2b2d28bc37f7,upload,0,0,0,649466,0
1775706362,3e43f9fe-09aa-428c-895e-344049e5f0eb,upload,0,2,0,893271,0
1775707433,ab380f02-12bc-473b-a535-28f832822074,download,1,85,0,970705444,1
1775725626,15dbe71f-eca0-41d6-8a3a-e5fd6d2c2fca,list,0,2,0,333994,0
1775707439,b49ce9ef-011a-422b-8b81-2506dc0fe127,login,0,1,1,386333,0
1775710658,c74fcfdf-af81-457e-a423-f6336477d65e,list,0,2,0,654975,0
1775716029,ae00c3fa-f6d5-419b-8612-52db300d9dd9,login,0,2,0,428351,0
1775707448,25a72f32-e37a-4cab-b3f6-77192fc0aa35,list,0,0,0,599191,0
1775714976,9e93a6a6-b5c3-47bd-9b46-2b2d28bc37f7,download,0,2,0,1583826,0
1775719290,af8ebf32-c726-48e0-b053-6e07e853a46c,login,0,1,1,155931,0
1775722535,c8fc1656-71fd-4515-acfb-7ef374d44fe6,download,0,5,0,2215762,0
1775707460,bb5a333e-d631-4644-91cc-88c161a23399,download,0,3,0,1254140,0
1775709621,3797b81a-52e7-4e52-b1c1-6a9fc51bf6c4,login,0,2,1,415685,0
1775725826,4b67bf97-823a-4df1-bde9-f0a99700964b,download,0,1,0,2439411,0
1775707469,c89fde94-1c9a-4e8a-90a3-c263cb7eb17e,upload,0,1,0,431982,0
1775708554,0a847b66-6bdd-4f6c-9e30-f67be2e768e9,list,0,1,0,153051,0
1775709641,0c0ce9ee-9ada-4d72-a3f2-eb9483feabe8,upload,0,0,0,612198,0
1775721570,c737d5c8-b53d-4464-a1d2-9e2bd7456966,list,0,2,0,1030206,0
1775713991,eafb92c7-9925-4cf6-9c62-aaf2d611150b,upload,0,0,0,987010,0
1775719430,ab380f02-12bc-473b-a535-28f832822074,download,1,195,2,521537867,1
1775723792,ab380f02-12bc-473b-a535-28f832822074,download,1,411,0,767771466,1
1775719458,16220f75-189c-4d49-b1b9-5a289a9f3df4,download,0,5,0,66857,0
1775716205,c74fcfdf-af81-457e-a423-f6336477d65e,list,0,2,0,351097,0
1775715126,c89fde94-1c9a-4e8a-90a3-c263cb7eb17e,list,0,1,0,401040,0
1775709681,167a8f34-3eb0-427e-b067-859df37c0547,download,0,2,0,4504535,0
1775726066,9e93a6a6-b5c3-47bd-9b46-2b2d28bc37f7,download,0,4,0,3888148,0
1775705319,8f4bb3f7-7f34-4857-9345-cc7b691ec121,upload,0,2,0,357689,0
1775712978,2cfa69c9-d3d1-4780-967c-3e5e2ff36998,upload,0,1,0,495892,0
1775710796,72e59186-4ee7-4a1e-9d41-155f00e06a95,upload,0,0,0,145897,0
1775709706,cfeed54f-cb0f-4fcb-a16f-f26aa8f69416,download,0,4,0,3702924,0
1775706420,49dda7ce-0e05-4a40-a128-6349450ff1a6,login,0,1,1,54330,0
1775715206,15dbe71f-eca0-41d6-8a3a-e5fd6d2c2fca,login,0,1,1,33791,0
1775714117,ae00c3fa-f6d5-419b-8612-52db300d9dd9,download,0,4,0,2903827,0
1775726226,24981836-1892-4695-a7ba-6ea35f397c4d,download,0,5,0,1831381,0
1775713034,49dda7ce-0e05-4a40-a128-6349450ff1a6,upload,0,1,0,950507,0
1775710838,0c0ce9ee-9ada-4d72-a3f2-eb9483feabe8,upload,0,2,0,921509,0
1775705329,ace9ed8f-794e-41b0-ab66-c2ba52f19d0f,login,0,1,0,892549,0
1775715266,24981836-1892-4695-a7ba-6ea35f397c4d,upload,0,1,0,989981,0
1775713066,c74fcfdf-af81-457e-a423-f6336477d65e,login,0,2,0,206867,0
1775708650,b49ce9ef-011a-422b-8b81-2506dc0fe127,login,0,1,1,81304,0
1775717510,eafb92c7-9925-4cf6-9c62-aaf2d611150b,upload,0,1,0,364152,0
1775709766,67b0661e-1123-49dd-9aab-466dbffefb05,download,0,3,0,3567178,0
1775708662,9b308c90-9a9b-4ab3-be08-0ca6d6041471,list,0,1,0,590606,0
1775721986,7019fef8-eee1-4780-8866-3cf355f39326,download,0,3,0,418771,0
1775723113,3f213bee-6235-480e-9e70-d5e80fd9ddc3,list,0,2,0,388950,0
1775706450,67b0661e-1123-49dd-9aab-466dbffefb05,download,0,2,0,3776258,0
1775705339,e26907cb-e617-4ac2-b726-bea132470922,upload,0,0,0,59428,0
1775720936,4b67bf97-823a-4df1-bde9-f0a99700964b,list,0,2,0,508062,0
1775716491,25a72f32-e37a-4cab-b3f6-77192fc0aa35,upload,0,2,0,714207,0
1775705342,ab380f02-12bc-473b-a535-28f832822074,download,1,81,1,207292716,1
1775725449,bb5a333e-d631-4644-91cc-88c161a23399,login,0,1,1,99140,0
1775724350,4a209499-fcdb-4d47-9fba-19deb77f4b7b,upload,0,0,0,444551,0
1775717654,e26907cb-e617-4ac2-b726-bea132470922,download,0,1,0,813696,0
1775718786,fd0692da-82f4-4c34-a563-b3e73b085db8,upload,0,2,0,886434,0
1775722162,3f213bee-6235-480e-9e70-d5e80fd9ddc3,login,0,2,0,35021,0
1775721056,63ed13fc-16ff-4c73-adea-2135300ae355,upload,0,1,0,306128,0
1775719948,167a8f34-3eb0-427e-b067-859df37c0547,upload,0,1,0,245199,0
1775725582,3797b81a-52e7-4e52-b1c1-6a9fc51bf6c4,list,0,0,0,482820,0
1775725601,bb5a333e-d631-4644-91cc-88c161a23399,download,0,3,0,89105,0
1775716612,c737d5c8-b53d-4464-a1d2-9e2bd7456966,download,0,4,0,3898748,0
1775720004,72e59186-4ee7-4a1e-9d41-155f00e06a95,list,0,1,0,894832,0
1775716634,24981836-1892-4695-a7ba-6ea35f397c4d,login,0,1,0,324685,0
1775711000,af8ebf32-c726-48e0-b053-6e07e853a46c,upload,0,1,0,496974,0
1775722306,b49ce9ef-011a-422b-8b81-2506dc0fe127,upload,0,1,0,876917,0
1775712143,fd0692da-82f4-4c34-a563-b3e73b085db8,login,0,2,0,958609,0
1775716678,ab380f02-12bc-473b-a535-28f832822074,upload,0,2,0,864331,0
1775725753,4bcd6d06-db69-4a40-b976-05c7544a1a2c,download,0,3,0,346235,0
1775705360,3e43f9fe-09aa-428c-895e-344049e5f0eb,list,0,1,0,521082,0
1775724656,4b67bf97-823a-4df1-bde9-f0a99700964b,login,0,1,1,1001024,0
1775723538,15dbe71f-eca0-41d6-8a3a-e5fd6d2c2fca,list,0,2,0,250162,0
1775716733,3797b81a-52e7-4e52-b1c1-6a9fc51bf6c4,upload,0,1,0,774844,0
1775722434,63ed13fc-16ff-4c73-adea-2135300ae355,list,0,1,0,216983,0
1775720172,b49ce9ef-011a-422b-8b81-2506dc0fe127,upload,0,0,0,52679,0
1775723606,fc4fad76-16bc-401b-88b4-73eedb5baf39,upload,0,2,0,1025373,0
1775724764,3797b81a-52e7-4e52-b1c1-6a9fc51bf6c4,login,0,2,0,863742,0
1775723640,eafb92c7-9925-4cf6-9c62-aaf2d611150b,download,0,3,0,2625693,0
1775717942,0c0ce9ee-9ada-4d72-a3f2-eb9483feabe8,download,0,1,0,4941513,0
1775709946,8f4bb3f7-7f34-4857-9345-cc7b691ec121,login,0,0,1,862967,0
1775721401,0a847b66-6bdd-4f6c-9e30-f67be2e768e9,login,0,2,1,118129,0
1775719124,6ced1eb4-5e32-4d6c-8280-0946d4f05bef,list,0,0,0,924558,0
1775713402,cc6a7b0a-aac4-45a5-89b8-538fccc1db40,list,0,1,0,639660,0
1775713410,b49ce9ef-011a-422b-8b81-2506dc0fe127,login,0,0,1,207465,0
1775726057,16220f75-189c-4d49-b1b9-5a289a9f3df4,upload,0,1,0,601885,0
1775719176,ab380f02-12bc-473b-a535-28f832822074,login,0,0,0,301060,0
1775721491,032b1a57-8090-46a1-b4e2-919eecba5a54,upload,0,0,0,808012,0
1775722658,b635daa1-ee9f-43f2-9a34-e1d43caad67b,list,0,2,0,281312,0
1775706532,9b308c90-9a9b-4ab3-be08-0ca6d6041471,upload,0,2,0,45600,0
1775724998,12991671-ea7d-4165-971a-36942f3fa1d2,download,0,3,0,4477438,0
1775706536,cc6a7b0a-aac4-45a5-89b8-538fccc1db40,login,0,1,0,980470,0
1775718098,3f213bee-6235-480e-9e70-d5e80fd9ddc3,upload,0,1,0,1012174,0
1775713482,6ced1eb4-5e32-4d6c-8280-0946d4f05bef,login,0,0,1,222616,0
1775727386,ab380f02-12bc-473b-a535-28f832822074,download,1,487,1,801586352,1
1775711180,367f1ba0-3a73-4e8c-8daa-67458bf346b5,download,0,5,0,4498163,0
1775705386,6ced1eb4-5e32-4d6c-8280-0946d4f05bef,upload,0,1,0,442525,0
1775706548,0c0ce9ee-9ada-4d72-a3f2-eb9483feabe8,list,0,0,0,550833,0
1775718170,9b308c90-9a9b-4ab3-be08-0ca6d6041471,download,0,4,0,506086,0
1775727486,c737d5c8-b53d-4464-a1d2-9e2bd7456966,list,0,0,0,856957,0
1775707718,4a209499-fcdb-4d47-9fba-19deb77f4b7b,download,0,3,0,1199111,0
1775707721,c8fc1656-71fd-4515-acfb-7ef374d44fe6,download,0,4,0,586003,0
1775705392,24981836-1892-4695-a7ba-6ea35f397c4d,upload,0,1,0,533069,0
1775721731,94ebcab9-38b7-432d-8cff-b96fbc75dfcb,login,0,0,1,916843,0
1775717074,94ebcab9-38b7-432d-8cff-b96fbc75dfcb,upload,0,2,0,599463,0
1775726437,9e93a6a6-b5c3-47bd-9b46-2b2d28bc37f7,upload,0,1,0,505800,0
1775726456,c74fcfdf-af81-457e-a423-f6336477d65e,upload,0,0,0,288987,0
1775718278,3797b81a-52e7-4e52-b1c1-6a9fc51bf6c4,download,0,1,0,2748464,0
1775719462,49dda7ce-0e05-4a40-a128-6349450ff1a6,login,0,1,0,787430,0
1775708918,9b308c90-9a9b-4ab3-be08-0ca6d6041471,upload,0,0,0,4758,0
1775706574,4b67bf97-823a-4df1-bde9-f0a99700964b,download,0,3,0,3145277,0
1775727726,4a209499-fcdb-4d47-9fba-19deb77f4b7b,download,0,3,0,4798992,0
1775714810,9e0ad054-903f-4afb-93ab-d3f19bcb3be2,upload,0,2,0,792211,0
1775718350,8f4bb3f7-7f34-4857-9345-cc7b691ec121,upload,0,0,0,592667,0
1775727786,ae00c3fa-f6d5-419b-8612-52db300d9dd9,login,0,0,0,194797,0
1775707763,0c0ce9ee-9ada-4d72-a3f2-eb9483feabe8,download,0,4,0,1689034,0
1775719566,eafb92c7-9925-4cf6-9c62-aaf2d611150b,download,0,5,0,1887280,0
1775719579,0a847b66-6bdd-4f6c-9e30-f67be2e768e9,login,0,2,0,219110,0
1775712500,9e0ad054-903f-4afb-93ab-d3f19bcb3be2,login,0,0,0,438608,0
1775721971,fd0692da-82f4-4c34-a563-b3e73b085db8,list,0,1,0,854131,0
1775705410,cc6a7b0a-aac4-45a5-89b8-538fccc1db40,list,0,1,0,893076,0
1775718446,032b1a57-8090-46a1-b4e2-919eecba5a54,upload,0,2,0,758196,0
1775724388,3797b81a-52e7-4e52-b1c1-6a9fc51bf6c4,download,0,2,0,729971,0
1775726779,fd0692da-82f4-4c34-a563-b3e73b085db8,login,0,0,0,471487,0
1775717294,15dbe71f-eca0-41d6-8a3a-e5fd6d2c2fca,login,0,1,1,621487,0
1775714927,63ed13fc-16ff-4c73-adea-2135300ae355,login,0,0,1,771970,0
1775719696,94ebcab9-38b7-432d-8cff-b96fbc75dfcb,login,0,1,1,70729,0
1775720900,4a209499-fcdb-4d47-9fba-19deb77f4b7b,login,0,1,0,611755,0
1775726874,3797b81a-52e7-4e52-b1c1-6a9fc51bf6c4,login,0,0,0,439828,0
1775725700,3e43f9fe-09aa-428c-895e-344049e5f0eb,login,0,1,1,73399,0
1775714972,9e0ad054-903f-4afb-93ab-d3f19bcb3be2,login,0,1,0,490731,0
1775705421,3f213bee-6235-480e-9e70-d5e80fd9ddc3,download,0,4,0,3586400,0
1775723362,167a8f34-3eb0-427e-b067-859df37c0547,upload,0,2,0,147081,0
1775711408,49dda7ce-0e05-4a40-a128-6349450ff1a6,list,0,0,0,658901,0
1775726988,24981836-1892-4695-a7ba-6ea35f397c4d,login,0,2,0,1004655,0
1775723410,ad53681e-c36e-4b3f-a8ad-22cf2bd4a765,login,0,0,1,1036704,0
1775718626,9e93a6a6-b5c3-47bd-9b46-2b2d28bc37f7,list,0,2,0,641304,0
1775705427,bf43f002-7707-4271-b479-7bd6660b6627,download,0,2,0,2375697,0
1775705428,ab380f02-12bc-473b-a535-28f832822074,login,0,1,1,668309,0
1775711444,e26907cb-e617-4ac2-b726-bea132470922,login,0,1,0,986696,0
1775727102,ad53681e-c36e-4b3f-a8ad-22cf2bd4a765,upload,0,1,0,333092,0
1775713866,15dbe71f-eca0-41d6-8a3a-e5fd6d2c2fca,login,0,0,0,430027,0
1775711462,15dbe71f-eca0-41d6-8a3a-e5fd6d2c2fca,upload,0,1,0,94633,0
1775707847,2778adb7-8d25-4998-840b-d5914a0c3d4c,upload,0,0,0,737937,0
1775721138,2778adb7-8d25-4998-840b-d5914a0c3d4c,upload,0,2,0,684128,0
1775722361,eafb92c7-9925-4cf6-9c62-aaf2d611150b,download,0,2,0,2835762,0
1775716326,ab380f02-12bc-473b-a535-28f832822074,download,1,396,1,620124604,1
1775713914,ae00c3fa-f6d5-419b-8612-52db300d9dd9,upload,0,2,0,714069,0
1775711498,25a72f32-e37a-4cab-b3f6-77192fc0aa35,download,0,4,0,1275487,0
1775721208,8dfb3116-3ac3-4112-be98-a2662c81ae72,login,0,0,0,303155,0
1775723650,032b1a57-8090-46a1-b4e2-919eecba5a54,upload,0,1,0,177781,0
1775707871,94ebcab9-38b7-432d-8cff-b96fbc75dfcb,download,0,3,0,514793,0
1775716386,9e0ad054-903f-4afb-93ab-d3f19bcb3be2,list,0,1,0,559316,0
1775711528,7019fef8-eee1-4780-8866-3cf355f39326,list,0,2,0,205592,0
1775707880,c737d5c8-b53d-4464-a1d2-9e2bd7456966,list,0,0,0,27749,0
1775710321,4a209499-fcdb-4d47-9fba-19deb77f4b7b,upload,0,1,0,195126,0
1775728626,af8ebf32-c726-48e0-b053-6e07e853a46c,download,0,4,0,1550771,0
1775724983,72e59186-4ee7-4a1e-9d41-155f00e06a95,download,0,2,0,3291844,0
1775721334,fd0692da-82f4-4c34-a563-b3e73b085db8,upload,0,0,0,579048,0
1775723794,eafb92c7-9925-4cf6-9c62-aaf2d611150b,login,0,2,1,488385,0
1775709122,ab380f02-12bc-473b-a535-28f832822074,download,1,478,0,803628681,1
1775705451,8f4bb3f7-7f34-4857-9345-cc7b691ec121,login,0,2,0,122312,0
1775714034,24981836-1892-4695-a7ba-6ea35f397c4d,login,0,2,0,699401,0
1775714042,032b1a57-8090-46a1-b4e2-919eecba5a54,download,0,3,0,1355595,0
1775706682,bb5a333e-d631-4644-91cc-88c161a23399,upload,0,1,0,677225,0
1775723890,16220f75-189c-4d49-b1b9-5a289a9f3df4,login,0,0,0,522861,0
1775705456,72e59186-4ee7-4a1e-9d41-155f00e06a95,upload,0,1,0,562902,0
1775721460,c8fc1656-71fd-4515-acfb-7ef374d44fe6,login,0,0,1,837306,0
1775725170,cfeed54f-cb0f-4fcb-a16f-f26aa8f69416,login,0,0,0,927536,0
1775725187,ae00c3fa-f6d5-419b-8612-52db300d9dd9,list,0,1,0,386137,0
1775720268,16220f75-189c-4d49-b1b9-5a289a9f3df4,list,0,1,0,356403,0
1775715341,ae00c3fa-f6d5-419b-8612-52db300d9dd9,download,0,1,0,2209444,0
1775726474,ae00c3fa-f6d5-419b-8612-52db300d9dd9,download,0,5,0,4658001,0
1775725255,0c0ce9ee-9ada-4d72-a3f2-eb9483feabe8,login,0,1,1,528023,0
1775705464,4a209499-fcdb-4d47-9fba-19deb77f4b7b,list,0,2,0,614018,0
1775719094,72e59186-4ee7-4a1e-9d41-155f00e06a95,upload,0,2,0,460928,0
1775726546,9e93a6a6-b5c3-47bd-9b46-2b2d28bc37f7,download,0,1,0,3905548,0
1775711672,fd0692da-82f4-4c34-a563-b3e73b085db8,login,0,1,0,832821,0
1775711678,3797b81a-52e7-4e52-b1c1-6a9fc51bf6c4,upload,0,2,0,985264,0
1775716656,16220f75-189c-4d49-b1b9-5a289a9f3df4,upload,0,2,0,1022727,0
1775715422,b49ce9ef-011a-422b-8b81-2506dc0fe127,list,0,0,0,320821,0
1775720411,3f213bee-6235-480e-9e70-d5e80fd9ddc3,download,0,5,0,4353076,0
1775722916,ae00c3fa-f6d5-419b-8612-52db300d9dd9,list,0,0,0,379565,0
1775710461,8dfb3116-3ac3-4112-be98-a2662c81ae72,download,0,1,0,1013328,0
1775726690,7019fef8-eee1-4780-8866-3cf355f39326,list,0,0,0,1039300,0
1775717965,7019fef8-eee1-4780-8866-3cf355f39326,login,0,0,1,941012,0
1775725476,4b67bf97-823a-4df1-bde9-f0a99700964b,upload,0,1,0,76087,0
1775721740,4a209499-fcdb-4d47-9fba-19deb77f4b7b,upload,0,2,0,434615,0
1775710486,f33ea619-379b-4fe8-8607-92f27dba7c4a,download,0,2,0,2102623,0
1775718009,2cfa69c9-d3d1-4780-967c-3e5e2ff36998,login,0,0,1,353262,0
1775723036,63ed13fc-16ff-4c73-adea-2135300ae355,download,0,5,0,4661429,0
1775706736,c8fc1656-71fd-4515-acfb-7ef374d44fe6,list,0,2,0,568076,0
1775718042,9b308c90-9a9b-4ab3-be08-0ca6d6041471,login,0,2,1,798844,0
1775711768,c89fde94-1c9a-4e8a-90a3-c263cb7eb17e,login,0,2,1,919374,0
1775718064,c74fcfdf-af81-457e-a423-f6336477d65e,list,0,2,0,895987,0
1775725629,7019fef8-eee1-4780-8866-3cf355f39326,login,0,0,1,646176,0
1775721866,49dda7ce-0e05-4a40-a128-6349450ff1a6,upload,0,0,0,841766,0
1775711792,4b67bf97-823a-4df1-bde9-f0a99700964b,upload,0,1,0,954113,0
1775710536,f33ea619-379b-4fe8-8607-92f27dba7c4a,download,0,3,0,1358017,0
1775728223,4bcd6d06-db69-4a40-b976-05c7544a1a2c,upload,0,1,0,93830,0
1775710546,4a209499-fcdb-4d47-9fba-19deb77f4b7b,download,0,2,0,1749421,0
1775710551,4b67bf97-823a-4df1-bde9-f0a99700964b,login,0,1,0,1041479,0
1775706758,b49ce9ef-011a-422b-8b81-2506dc0fe127,upload,0,1,0,615725,0
1775729566,167a8f34-3eb0-427e-b067-859df37c0547,login,0,0,0,914202,0
1775706762,4bcd6d06-db69-4a40-b976-05c7544a1a2c,upload,0,2,0,304213,0
1775715647,9e0ad054-903f-4afb-93ab-d3f19bcb3be2,login,0,2,0,500258,0
1775729626,bf43f002-7707-4271-b479-7bd6660b6627,login,0,1,0,950738,0
1775723291,9e0ad054-903f-4afb-93ab-d3f19bcb3be2,upload,0,1,0,464282,0
1775708042,2778adb7-8d25-4998-840b-d5914a0c3d4c,list,0,0,0,51096,0
1775723321,ab380f02-12bc-473b-a535-28f832822074,download,1,249,2,297600035,1
1775723336,cfeed54f-cb0f-4fcb-a16f-f26aa8f69416,upload,0,2,0,978618,0
1775724626,167a8f34-3eb0-427e-b067-859df37c0547,login,0,2,0,514736,0
1775720814,9e0ad054-903f-4afb-93ab-d3f19bcb3be2,download,0,2,0,3633743,0
1775720827,72e59186-4ee7-4a1e-9d41-155f00e06a95,list,0,0,0,214127,0
1775711894,4a209499-fcdb-4d47-9fba-19deb77f4b7b,login,0,2,1,656784,0
1775717016,63ed13fc-16ff-4c73-adea-2135300ae355,upload,0,0,0,834,0
1775720866,0c0ce9ee-9ada-4d72-a3f2-eb9483feabe8,upload,0,1,0,468072,0
1775710631,0c0ce9ee-9ada-4d72-a3f2-eb9483feabe8,upload,0,1,0,697297,0
1775706790,6ced1eb4-5e32-4d6c-8280-0946d4f05bef,login,1,2,1,110204,0
1775717056,b635daa1-ee9f-43f2-9a34-e1d43caad67b,login,0,2,1,263327,0
1775727338,9e0ad054-903f-4afb-93ab-d3f19bcb3be2,upload,0,0,0,731340,0
1775726071,0c0ce9ee-9ada-4d72-a3f2-eb9483feabe8,login,0,0,1,6377,0
1775719658,63ed13fc-16ff-4c73-adea-2135300ae355,download,0,2,0,3012833,0
1775724818,eafb92c7-9925-4cf6-9c62-aaf2d611150b,download,0,2,0,1325339,0
1775723546,8dfb3116-3ac3-4112-be98-a2662c81ae72,download,0,4,0,2447092,0
1775710671,3e43f9fe-09aa-428c-895e-344049e5f0eb,upload,0,1,0,423181,0
1775708096,8dfb3116-3ac3-4112-be98-a2662c81ae72,login,0,1,1,905405,0
1775719718,4bcd6d06-db69-4a40-b976-05c7544a1a2c,download,0,5,0,445784,0
1775708102,9e93a6a6-b5c3-47bd-9b46-2b2d28bc37f7,login,0,0,0,58684,0
1775714570,72e59186-4ee7-4a1e-9d41-155f00e06a95,login,0,1,1,16075,0
1775706814,4b67bf97-823a-4df1-bde9-f0a99700964b,upload,0,1,0,342289,0
1775727536,0a847b66-6bdd-4f6c-9e30-f67be2e768e9,login,0,1,1,875451,0
1775730146,24981836-1892-4695-a7ba-6ea35f397c4d,download,0,1,0,2564144,0
1775712008,ab380f02-12bc-473b-a535-28f832822074,download,1,396,2,271803059,1
1775723696,bf43f002-7707-4271-b479-7bd6660b6627,list,0,1,0,690977,0
1775725010,f33ea619-379b-4fe8-8607-92f27dba7c4a,login,0,1,0,812290,0
1775726326,49dda7ce-0e05-4a40-a128-6349450ff1a6,login,0,1,1,981607,0
1775710731,c737d5c8-b53d-4464-a1d2-9e2bd7456966,list,0,1,0,112554,0
1775708132,ad53681e-c36e-4b3f-a8ad-22cf2bd4a765,login,0,0,0,421847,0
1775715953,167a8f34-3eb0-427e-b067-859df37c0547,download,0,4,0,675242,0
1775727698,f33ea619-379b-4fe8-8607-92f27dba7c4a,login,0,0,0,82632,0
1775710751,3797b81a-52e7-4e52-b1c1-6a9fc51bf6c4,download,0,2,0,2201649,0
1775729040,8f4bb3f7-7f34-4857-9345-cc7b691ec121,download,0,3,0,2876497,0
1775721217,67b0661e-1123-49dd-9aab-466dbffefb05,login,0,2,0,79057,0
1775715998,3797b81a-52e7-4e52-b1c1-6a9fc51bf6c4,download,0,4,0,1031490,0
1775705535,f33ea619-379b-4fe8-8607-92f27dba7c4a,upload,0,2,0,18935,0
1775710776,0c0ce9ee-9ada-4d72-a3f2-eb9483feabe8,login,0,0,1,86826,0
1775722580,ab380f02-12bc-473b-a535-28f832822074,download,1,225,0,998894229,1
1775705538,2778adb7-8d25-4998-840b-d5914a0c3d4c,upload,0,0,0,87000,0
1775726547,49dda7ce-0e05-4a40-a128-6349450ff1a6,login,0,1,1,410492,0
1775716052,cc6a7b0a-aac4-45a5-89b8-538fccc1db40,upload,0,0,0,329811,0
1775705541,0c0ce9ee-9ada-4d72-a3f2-eb9483feabe8,download,0,1,0,523581,0
1775709490,c74fcfdf-af81-457e-a423-f6336477d65e,download,0,3,0,1833305,0
1775713445,bb5a333e-d631-4644-91cc-88c161a23399,download,0,3,0,1944323,0
1775730586,fc4fad76-16bc-401b-88b4-73eedb5baf39,upload,0,1,0,208136,0
1775708183,94ebcab9-38b7-432d-8cff-b96fbc75dfcb,list,0,0,0,1025860,0
1775705546,f33ea619-379b-4fe8-8607-92f27dba7c4a,upload,0,1,0,574343,0
1775722720,ab380f02-12bc-473b-a535-28f832822074,login,0,1,1,474763,0
1775710836,fd0692da-82f4-4c34-a563-b3e73b085db8,login,0,2,0,856264,0
1775726717,0c0ce9ee-9ada-4d72-a3f2-eb9483feabe8,login,0,0,0,327818,0
1775708198,ace9ed8f-794e-41b0-ab66-c2ba52f19d0f,download,0,2,0,4971852,0
1775716151,b49ce9ef-011a-422b-8b81-2506dc0fe127,list,0,0,0,795248,0
1775726768,8dfb3116-3ac3-4112-be98-a2662c81ae72,download,0,2,0,1986120,0
1775729439,4a209499-fcdb-4d47-9fba-19deb77f4b7b,upload,0,0,0,156707,0
1775706882,8f4bb3f7-7f34-4857-9345-cc7b691ec121,list,0,0,0,668761,0
1775726819,ab380f02-12bc-473b-a535-28f832822074,download,1,71,2,296765135,1
1775716196,24981836-1892-4695-a7ba-6ea35f397c4d,download,0,3,0,91529,0
1775726853,94ebcab9-38b7-432d-8cff-b96fbc75dfcb,list,0,1,0,58521,0
1775708222,63ed13fc-16ff-4c73-adea-2135300ae355,login,0,1,1,347299,0
1775718889,c8fc1656-71fd-4515-acfb-7ef374d44fe6,login,0,0,0,978517,0
1775705560,4b67bf97-823a-4df1-bde9-f0a99700964b,download,0,5,0,583938,0
1775721581,ad53681e-c36e-4b3f-a8ad-22cf2bd4a765,upload,0,2,0,215711,0
1775721594,032b1a57-8090-46a1-b4e2-919eecba5a54,list,0,1,0,392977,0
1775705563,8dfb3116-3ac3-4112-be98-a2662c81ae72,upload,0,2,0,655345,0
1775713592,9e0ad054-903f-4afb-93ab-d3f19bcb3be2,list,0,0,0,41800,0
1775718955,ab380f02-12bc-473b-a535-28f832822074,download,1,232,1,734734661,1
1775731026,ae00c3fa-f6d5-419b-8612-52db300d9dd9,list,0,1,0,560803,0
1775706908,3e43f9fe-09aa-428c-895e-344049e5f0eb,list,0,0,0,346817,0
1775717646,24981836-1892-4695-a7ba-6ea35f397c4d,download,0,5,0,5151965,0
1775716313,2cfa69c9-d3d1-4780-967c-3e5e2ff36998,download,0,2,0,1445155,0
1775710946,c8fc1656-71fd-4515-acfb-7ef374d44fe6,upload,0,0,0,246812,0
1775719021,3797b81a-52e7-4e52-b1c1-6a9fc51bf6c4,upload,0,2,0,672760,0
1775731146,72e59186-4ee7-4a1e-9d41-155f00e06a95,download,0,4,0,2446083,0
1775712308,c89fde94-1c9a-4e8a-90a3-c263cb7eb17e,download,0,1,0,3656676,0
1775723098,2cfa69c9-d3d1-4780-967c-3e5e2ff36998,download,0,3,0,3936349,0
1775720414,c8fc1656-71fd-4515-acfb-7ef374d44fe6,list,0,0,0,130594,0
1775706926,4bcd6d06-db69-4a40-b976-05c7544a1a2c,upload,0,2,0,580108,0
1775721789,12991671-ea7d-4165-971a-36942f3fa1d2,login,0,1,1,658412,0
1775731266,c737d5c8-b53d-4464-a1d2-9e2bd7456966,list,0,2,0,837798,0
1775705579,ab380f02-12bc-473b-a535-28f832822074,download,1,292,2,1007374983,1
1775716412,25a72f32-e37a-4cab-b3f6-77192fc0aa35,list,0,2,0,585928,0
1775706936,eafb92c7-9925-4cf6-9c62-aaf2d611150b,list,0,0,0,911992,0
1775724566,b635daa1-ee9f-43f2-9a34-e1d43caad67b,login,0,0,0,525235,0
1775731366,3f213bee-6235-480e-9e70-d5e80fd9ddc3,login,0,2,1,671518,0
1775715090,2cfa69c9-d3d1-4780-967c-3e5e2ff36998,list,0,2,0,97715,0
1775706944,032b1a57-8090-46a1-b4e2-919eecba5a54,login,0,1,0,151895,0
1775712386,ab380f02-12bc-473b-a535-28f832822074,download,1,404,0,1047533457,1
1775712392,ab380f02-12bc-473b-a535-28f832822074,download,0,3,0,289375,0
1775731466,c89fde94-1c9a-4e8a-90a3-c263cb7eb17e,login,0,0,1,562959,0
1775716493,ad53681e-c36e-4b3f-a8ad-22cf2bd4a765,login,0,1,0,514414,0
1775709682,16220f75-189c-4d49-b1b9-5a289a9f3df4,login,0,1,1,107222,0
1775708321,4b67bf97-823a-4df1-bde9-f0a99700964b,upload,0,2,0,756241,0
1775730180,12991671-ea7d-4165-971a-36942f3fa1d2,login,0,0,0,905499,0
1775709694,bf43f002-7707-4271-b479-7bd6660b6627,upload,0,0,0,192499,0
1775706962,16220f75-189c-4d49-b1b9-5a289a9f3df4,upload,0,1,0,840424,0
1775724761,8f4bb3f7-7f34-4857-9345-cc7b691ec121,download,0,2,0,4706744,0
1775711076,63ed13fc-16ff-4c73-adea-2135300ae355,download,0,5,0,4834578,0
1775724791,032b1a57-8090-46a1-b4e2-919eecba5a54,download,0,1,0,3450884,0
1775715202,67b0661e-1123-49dd-9aab-466dbffefb05,login,0,2,1,24007,0
1775709718,0c0ce9ee-9ada-4d72-a3f2-eb9483feabe8,download,0,2,0,5190597,0
1775705600,9e93a6a6-b5c3-47bd-9b46-2b2d28bc37f7,list,0,1,0,501478,0
1775723476,8dfb3116-3ac3-4112-be98-a2662c81ae72,list,0,0,0,537202,0
1775715234,b49ce9ef-011a-422b-8b81-2506dc0fe127,download,0,3,0,1510502,0
1775717996,9e0ad054-903f-4afb-93ab-d3f19bcb3be2,upload,0,2,0,54110,0
1775711116,25a72f32-e37a-4cab-b3f6-77192fc0aa35,download,0,2,0,1318235,0
1775712500,2778adb7-8d25-4998-840b-d5914a0c3d4c,login,0,0,1,292987,0
1775729066,6ced1eb4-5e32-4d6c-8280-0946d4f05bef,download,0,5,0,1582528,0
1775719417,3e43f9fe-09aa-428c-895e-344049e5f0eb,upload,0,0,0,519976,0
1775719428,9e93a6a6-b5c3-47bd-9b46-2b2d28bc37f7,list,0,0,0,549563,0
1775716673,49dda7ce-0e05-4a40-a128-6349450ff1a6,list,0,2,0,785967,0
1775723602,cc6a7b0a-aac4-45a5-89b8-538fccc1db40,upload,0,0,0,1013343,0
1775709766,ace9ed8f-794e-41b0-ab66-c2ba52f19d0f,list,0,2,0,977019,0
1775729174,94ebcab9-38b7-432d-8cff-b96fbc75dfcb,login,0,1,1,608947,0
1775725031,cc6a7b0a-aac4-45a5-89b8-538fccc1db40,download,0,2,0,3332842,0
1775705614,8dfb3116-3ac3-4112-be98-a2662c81ae72,download,0,4,0,1583088,0
1775719505,ae00c3fa-f6d5-419b-8612-52db300d9dd9,download,0,5,0,1841250,0
1775729246,3f213bee-6235-480e-9e70-d5e80fd9ddc3,download,0,4,0,1551230,0
1775726482,f33ea619-379b-4fe8-8607-92f27dba7c4a,download,0,5,0,946907,0
1775719538,0c0ce9ee-9ada-4d72-a3f2-eb9483feabe8,login,0,2,0,790461,0
1775729300,b49ce9ef-011a-422b-8b81-2506dc0fe127,download,0,1,0,3862773,0
1775725136,8dfb3116-3ac3-4112-be98-a2662c81ae72,login,0,0,0,31401,0
1775720966,0c0ce9ee-9ada-4d72-a3f2-eb9483feabe8,download,0,2,0,4222188,0
1775725166,367f1ba0-3a73-4e8c-8daa-67458bf346b5,upload,0,0,0,368974,0
1775729372,c89fde94-1c9a-4e8a-90a3-c263cb7eb17e,upload,0,1,0,264204,0
1775725196,3f213bee-6235-480e-9e70-d5e80fd9ddc3,upload,0,1,0,826371,0
1775728009,ab380f02-12bc-473b-a535-28f832822074,download,1,182,2,379997900,1
1775715426,12991671-ea7d-4165-971a-36942f3fa1d2,list,0,1,0,30313,0
1775725241,9b308c90-9a9b-4ab3-be08-0ca6d6041471,upload,0,0,0,1002976,0
1775708432,4bcd6d06-db69-4a40-b976-05c7544a1a2c,list,0,0,0,288072,0
1775726674,94ebcab9-38b7-432d-8cff-b96fbc75dfcb,download,0,3,0,2214654,0
1775716862,4a209499-fcdb-4d47-9fba-19deb77f4b7b,list,0,2,0,575894,0
1775707036,ab380f02-12bc-473b-a535-28f832822074,download,1,113,1,1030190204,1
1775725316,ace9ed8f-794e-41b0-ab66-c2ba52f19d0f,login,0,1,1,534078,0
1775719703,cfeed54f-cb0f-4fcb-a16f-f26aa8f69416,list,0,0,0,1027035,0
1775715490,7019fef8-eee1-4780-8866-3cf355f39326,login,0,1,0,1007666,0
1775709862,ae00c3fa-f6d5-419b-8612-52db300d9dd9,login,0,0,1,626034,0
1775725376,b49ce9ef-011a-422b-8b81-2506dc0fe127,upload,0,1,0,50728,0
1775722569,c737d5c8-b53d-4464-a1d2-9e2bd7456966,list,0,0,0,939986,0
1775729642,ace9ed8f-794e-41b0-ab66-c2ba52f19d0f,login,0,1,0,427438,0
1775724008,ace9ed8f-794e-41b0-ab66-c2ba52f19d0f,upload,0,0,0,563948,0
1775709882,8dfb3116-3ac3-4112-be98-a2662c81ae72,upload,0,2,0,50922,0
1775722621,c8fc1656-71fd-4515-acfb-7ef374d44fe6,list,0,1,0,179613,0
1775716970,8f4bb3f7-7f34-4857-9345-cc7b691ec121,login,0,0,1,1006167,0
1775714145,3e43f9fe-09aa-428c-895e-344049e5f0eb,download,0,4,0,4717834,0
1775707062,fd0692da-82f4-4c34-a563-b3e73b085db8,upload,0,2,0,792926,0
1775708483,ab380f02-12bc-473b-a535-28f832822074,download,0,312,0,800342003,1
1775722686,15dbe71f-eca0-41d6-8a3a-e5fd6d2c2fca,login,0,1,1,208762,0
1775721278,c8fc1656-71fd-4515-acfb-7ef374d44fe6,upload,0,2,0,335586,0
1775731244,9b308c90-9a9b-4ab3-be08-0ca6d6041471,list,0,0,0,761675,0
1775718456,c8fc1656-71fd-4515-acfb-7ef374d44fe6,login,0,2,1,682634,0
1775717042,032b1a57-8090-46a1-b4e2-919eecba5a54,login,0,0,1,10005,0
1775728451,49dda7ce-0e05-4a40-a128-6349450ff1a6,upload,0,0,0,9577,0
1775712782,9e0ad054-903f-4afb-93ab-d3f19bcb3be2,list,0,1,0,743400,0
1775718496,c89fde94-1c9a-4e8a-90a3-c263cb7eb17e,download,0,5,0,4181082,0
1775718506,f33ea619-379b-4fe8-8607-92f27dba7c4a,download,0,3,0,3402207,0
1775705655,cfeed54f-cb0f-4fcb-a16f-f26aa8f69416,download,0,3,0,82554,0
1775717096,367f1ba0-3a73-4e8c-8daa-67458bf346b5,upload,0,0,0,3065,0
1775729984,bf43f002-7707-4271-b479-7bd6660b6627,login,0,2,1,915483,0
1775712818,67b0661e-1123-49dd-9aab-466dbffefb05,list,0,0,0,911251,0
1775727154,f33ea619-379b-4fe8-8607-92f27dba7c4a,list,0,2,0,63352,0
1775722868,fd0692da-82f4-4c34-a563-b3e73b085db8,upload,0,2,0,170353,0
1775728621,15dbe71f-eca0-41d6-8a3a-e5fd6d2c2fca,login,0,1,1,277861,0
1775731510,4a209499-fcdb-4d47-9fba-19deb77f4b7b,login,0,1,1,625158,0
1775717159,fd0692da-82f4-4c34-a563-b3e73b085db8,list,0,1,0,939010,0
1775720044,eafb92c7-9925-4cf6-9c62-aaf2d611150b,login,0,1,1,276340,0
1775711421,7019fef8-eee1-4780-8866-3cf355f39326,download,0,3,0,3059047,0
1775728706,167a8f34-3eb0-427e-b067-859df37c0547,download,0,3,0,1585328,0
1775712872,63ed13fc-16ff-4c73-adea-2135300ae355,list,0,2,0,318447,0
1775705668,ab380f02-12bc-473b-a535-28f832822074,list,0,1,0,715742,0
1775715770,ab380f02-12bc-473b-a535-28f832822074,upload,0,0,0,791750,0
1775714334,032b1a57-8090-46a1-b4e2-919eecba5a54,download,0,3,0,4700256,0
1775733126,e26907cb-e617-4ac2-b726-bea132470922,download,0,5,0,2745028,0
1775710010,4bcd6d06-db69-4a40-b976-05c7544a1a2c,list,0,1,0,793560,0
1775720143,ab380f02-12bc-473b-a535-28f832822074,download,1,97,2,740344735,1
1775725946,ab380f02-12bc-473b-a535-28f832822074,download,1,94,1,799464721,1
1775731757,fc4fad76-16bc-401b-88b4-73eedb5baf39,login,0,1,1,26544,0
1775725976,f33ea619-379b-4fe8-8607-92f27dba7c4a,download,0,2,0,3135026,0
1775712932,c74fcfdf-af81-457e-a423-f6336477d65e,list,0,2,0,675720,0
1775733266,2cfa69c9-d3d1-4780-967c-3e5e2ff36998,list,0,2,0,448513,0
1775733286,9b308c90-9a9b-4ab3-be08-0ca6d6041471,login,0,2,0,439635,0
1775717312,367f1ba0-3a73-4e8c-8daa-67458bf346b5,upload,0,1,0,561468,0
1775727506,2778adb7-8d25-4998-840b-d5914a0c3d4c,download,0,1,0,277312,0
1775721698,2cfa69c9-d3d1-4780-967c-3e5e2ff36998,login,0,0,0,843622,0
1775733366,af8ebf32-c726-48e0-b053-6e07e853a46c,upload,0,2,0,913684,0
1775723180,367f1ba0-3a73-4e8c-8daa-67458bf346b5,login,0,0,0,676227,0
1775729029,c89fde94-1c9a-4e8a-90a3-c263cb7eb17e,list,0,0,0,524596,0
1775727586,ab380f02-12bc-473b-a535-28f832822074,upload,0,2,0,536850,0
1775730524,63ed13fc-16ff-4c73-adea-2135300ae355,list,0,1,0,1028936,0
1775718846,8dfb3116-3ac3-4112-be98-a2662c81ae72,login,0,1,0,414152,0
1775715930,12991671-ea7d-4165-971a-36942f3fa1d2,login,0,0,1,37649,0
1775724722,8dfb3116-3ac3-4112-be98-a2662c81ae72,list,0,2,0,789543,0
1775730596,2778adb7-8d25-4998-840b-d5914a0c3d4c,upload,0,0,0,829281,0
1775705692,e26907cb-e617-4ac2-b726-bea132470922,upload,0,1,0,661699,0
1775723297,15dbe71f-eca0-41d6-8a3a-e5fd6d2c2fca,list,0,0,0,666784,0
1775732118,4bcd6d06-db69-4a40-b976-05c7544a1a2c,list,0,2,0,805126,0
1775732137,0a847b66-6bdd-4f6c-9e30-f67be2e768e9,download,0,1,0,2532609,0
1775705696,12991671-ea7d-4165-971a-36942f3fa1d2,login,0,0,1,484537,0
1775724820,bf43f002-7707-4271-b479-7bd6660b6627,list,0,1,0,561113,0
1775716002,9e93a6a6-b5c3-47bd-9b46-2b2d28bc37f7,list,0,2,0,158469,0
1775708645,ab380f02-12bc-473b-a535-28f832822074,download,1,418,2,405401474,1
1775729284,ab380f02-12bc-473b-a535-28f832822074,list,0,0,0,191616,0
1775721926,b635daa1-ee9f-43f2-9a34-e1d43caad67b,login,0,1,0,72273,0
1775729318,ab380f02-12bc-473b-a535-28f832822074,upload,0,1,0,419022,0
1775729335,fc4fad76-16bc-401b-88b4-73eedb5baf39,login,0,2,0,220881,0
1775720484,bf43f002-7707-4271-b479-7bd6660b6627,upload,0,2,0,517263,0
1775719016,3f213bee-6235-480e-9e70-d5e80fd9ddc3,list,0,0,0,288708,0
1775716066,9e0ad054-903f-4afb-93ab-d3f19bcb3be2,download,0,5,0,1378138,0
1775713112,2778adb7-8d25-4998-840b-d5914a0c3d4c,list,0,0,0,964717,0
1775727938,8dfb3116-3ac3-4112-be98-a2662c81ae72,list,0,1,0,477961,0
1775730920,4bcd6d06-db69-4a40-b976-05c7544a1a2c,download,0,2,0,4433443,0
1775733906,0a847b66-6bdd-4f6c-9e30-f67be2e768e9,login,0,0,0,602519,0
1775708681,032b1a57-8090-46a1-b4e2-919eecba5a54,login,0,2,0,625612,0
1775732460,ab380f02-12bc-473b-a535-28f832822074,download,1,349,2,426183917,1
1775729505,167a8f34-3eb0-427e-b067-859df37c0547,list,0,1,0,384966,0
1775729522,b49ce9ef-011a-422b-8b81-2506dc0fe127,download,0,3,0,3759788,0
1775726561,15dbe71f-eca0-41d6-8a3a-e5fd6d2c2fca,list,0,2,0,937997,0
1775714656,3f213bee-6235-480e-9e70-d5e80fd9ddc3,download,0,2,0,3557184,0
1775726591,eafb92c7-9925-4cf6-9c62-aaf2d611150b,login,0,1,1,477942,0
1775707210,c89fde94-1c9a-4e8a-90a3-c263cb7eb17e,upload,0,1,0,598861,0
1775729607,e26907cb-e617-4ac2-b726-bea132470922,download,0,1,0,3388312,0
1775720660,6ced1eb4-5e32-4d6c-8280-0946d4f05bef,list,0,2,0,441393,0
1775719176,ae00c3fa-f6d5-419b-8612-52db300d9dd9,login,1,2,1,452295,0
1775734146,c74fcfdf-af81-457e-a423-f6336477d65e,download,0,3,0,5227402,0
1775720693,2778adb7-8d25-4998-840b-d5914a0c3d4c,upload,0,1,0,229003,0
1775711716,8dfb3116-3ac3-4112-be98-a2662c81ae72,list,0,2,0,433381,0
1775713220,63ed13fc-16ff-4c73-adea-2135300ae355,download,0,5,0,3110800,0
1775713226,9e93a6a6-b5c3-47bd-9b46-2b2d28bc37f7,download,0,1,0,3441594,0
1775725240,15dbe71f-eca0-41d6-8a3a-e5fd6d2c2fca,login,0,2,1,498191,0
1775714740,367f1ba0-3a73-4e8c-8daa-67458bf346b5,login,0,2,0,230397,0
1775708735,9e93a6a6-b5c3-47bd-9b46-2b2d28bc37f7,upload,0,0,0,923261,0
1775734306,ab380f02-12bc-473b-a535-28f832822074,download,1,287,2,428039981,1
1775713256,8f4bb3f7-7f34-4857-9345-cc7b691ec121,list,0,1,0,688875,0
1775716274,c89fde94-1c9a-4e8a-90a3-c263cb7eb17e,download,0,4,0,1479321,0
1775722310,8f4bb3f7-7f34-4857-9345-cc7b691ec121,download,0,2,0,2801910,0
1775722322,af8ebf32-c726-48e0-b053-6e07e853a46c,list,0,0,0,592264,0
1775734406,bb5a333e-d631-4644-91cc-88c161a23399,upload,0,2,0,81241,0
1775726876,fd0692da-82f4-4c34-a563-b3e73b085db8,login,0,1,1,887643,0
1775734446,c737d5c8-b53d-4464-a1d2-9e2bd7456966,download,0,3,0,2343154,0
1775710274,25a72f32-e37a-4cab-b3f6-77192fc0aa35,download,0,5,0,5105144,0
1775723895,63ed13fc-16ff-4c73-adea-2135300ae355,download,0,1,0,1402502,0
1775719366,af8ebf32-c726-48e0-b053-6e07e853a46c,download,0,3,0,1781258,0
1775733011,b635daa1-ee9f-43f2-9a34-e1d43caad67b,download,0,2,0,849086,0
1775726966,ae00c3fa-f6d5-419b-8612-52db300d9dd9,list,0,0,0,476292,0
1775728498,2cfa69c9-d3d1-4780-967c-3e5e2ff36998,upload,0,0,0,936339,0
1775731550,72e59186-4ee7-4a1e-9d41-155f00e06a95,upload,0,1,0,69615,0
1775722454,4b67bf97-823a-4df1-bde9-f0a99700964b,list,0,2,0,121621,0
1775714866,8f4bb3f7-7f34-4857-9345-cc7b691ec121,list,0,2,0,561228,0
1775710310,9b308c90-9a9b-4ab3-be08-0ca6d6041471,list,0,0,0,421888,0
1775734666,7019fef8-eee1-4780-8866-3cf355f39326,list,0,1,0,810938,0
1775724025,6ced1eb4-5e32-4d6c-8280-0946d4f05bef,list,0,1,0,880656,0
1775725562,167a8f34-3eb0-427e-b067-859df37c0547,list,0,1,0,417990,0
1775716426,cfeed54f-cb0f-4fcb-a16f-f26aa8f69416,download,0,4,0,3153492,0
1775716434,af8ebf32-c726-48e0-b053-6e07e853a46c,upload,0,2,0,357610,0
1775733239,0c0ce9ee-9ada-4d72-a3f2-eb9483feabe8,upload,0,2,0,100926,0
1775707282,4a209499-fcdb-4d47-9fba-19deb77f4b7b,upload,0,0,0,720577,0
1775734806,6ced1eb4-5e32-4d6c-8280-0946d4f05bef,upload,0,1,0,476648,0
1775725646,9e93a6a6-b5c3-47bd-9b46-2b2d28bc37f7,login,0,0,1,927328,0
1775724129,4b67bf97-823a-4df1-bde9-f0a99700964b,upload,0,1,0,870380,0
1775728738,9e0ad054-903f-4afb-93ab-d3f19bcb3be2,download,0,4,0,3918681,0
1775705759,af8ebf32-c726-48e0-b053-6e07e853a46c,list,0,0,0,492954,0
1775705760,4bcd6d06-db69-4a40-b976-05c7544a1a2c,list,0,0,0,875632,0
1775718041,16220f75-189c-4d49-b1b9-5a289a9f3df4,upload,0,0,0,203752,0
1775714978,b635daa1-ee9f-43f2-9a34-e1d43caad67b,download,0,2,0,2587612,0
1775725744,cc6a7b0a-aac4-45a5-89b8-538fccc1db40,upload,0,1,0,867506,0
1775707302,b635daa1-ee9f-43f2-9a34-e1d43caad67b,upload,0,1,0,658419,0
1775705765,032b1a57-8090-46a1-b4e2-919eecba5a54,download,0,4,0,4790862,0
1775718086,c737d5c8-b53d-4464-a1d2-9e2bd7456966,login,0,2,1,1011022,0
1775707308,bb5a333e-d631-4644-91cc-88c161a23399,download,0,5,0,2461375,0
1775715020,3e43f9fe-09aa-428c-895e-344049e5f0eb,list,0,2,0,662060,0
1775721199,b49ce9ef-011a-422b-8b81-2506dc0fe127,upload,0,2,0,951160,0
1775708858,ae00c3fa-f6d5-419b-8612-52db300d9dd9,list,0,0,0,366400,0
1775718131,af8ebf32-c726-48e0-b053-6e07e853a46c,list,0,0,0,116183,0
1775719686,9e0ad054-903f-4afb-93ab-d3f19bcb3be2,login,0,0,1,447074,0
1775710414,9e93a6a6-b5c3-47bd-9b46-2b2d28bc37f7,download,0,3,0,3596641,0
1775708870,ace9ed8f-794e-41b0-ab66-c2ba52f19d0f,download,0,3,0,1618178,0
1775735206,ab380f02-12bc-473b-a535-28f832822074,download,1,351,0,196484449,1
1775705776,2cfa69c9-d3d1-4780-967c-3e5e2ff36998,list,0,0,0,916124,0
1775710430,16220f75-189c-4d49-b1b9-5a289a9f3df4,upload,0,0,0,289982,0
1775730610,15dbe71f-eca0-41d6-8a3a-e5fd6d2c2fca,login,0,1,0,117008,0
1775721309,15dbe71f-eca0-41d6-8a3a-e5fd6d2c2fca,download,0,1,0,4554359,0
1775716658,16220f75-189c-4d49-b1b9-5a289a9f3df4,list,0,0,0,363044,0
1775722886,94ebcab9-38b7-432d-8cff-b96fbc75dfcb,download,0,4,0,4242695,0
1775735346,0c0ce9ee-9ada-4d72-a3f2-eb9483feabe8,upload,0,0,0,57971,0
1775715125,8f4bb3f7-7f34-4857-9345-cc7b691ec121,list,0,2,0,452308,0
1775726038,ab380f02-12bc-473b-a535-28f832822074,download,1,178,1,453864487,1
1775722934,94ebcab9-38b7-432d-8cff-b96fbc75dfcb,list,0,2,0,743904,0
1775707346,15dbe71f-eca0-41d6-8a3a-e5fd6d2c2fca,list,0,2,0,714515,0
1775727641,2778adb7-8d25-4998-840b-d5914a0c3d4c,login,0,1,0,913618,0
1775722970,9e93a6a6-b5c3-47bd-9b46-2b2d28bc37f7,upload,0,2,0,739216,0
1775726108,9e0ad054-903f-4afb-93ab-d3f19bcb3be2,upload,0,0,0,929666,0
1775710482,af8ebf32-c726-48e0-b053-6e07e853a46c,upload,0,0,0,243883,0
1775729266,8dfb3116-3ac3-4112-be98-a2662c81ae72,login,0,0,0,489936,0
1775705792,c8fc1656-71fd-4515-acfb-7ef374d44fe6,list,0,0,0,75385,0
1775705793,eafb92c7-9925-4cf6-9c62-aaf2d611150b,download,0,1,0,1505364,0
1775719906,67b0661e-1123-49dd-9aab-466dbffefb05,download,0,5,0,4957396,0
1775729330,af8ebf32-c726-48e0-b053-6e07e853a46c,upload,0,0,0,69924,0
1775707366,167a8f34-3eb0-427e-b067-859df37c0547,upload,0,2,0,447719,0
1775726220,3f213bee-6235-480e-9e70-d5e80fd9ddc3,list,0,2,0,567008,0
1775713658,8dfb3116-3ac3-4112-be98-a2662c81ae72,login,0,1,1,598902,0
1775721529,ad53681e-c36e-4b3f-a8ad-22cf2bd4a765,upload,0,1,0,160909,0
1775716818,94ebcab9-38b7-432d-8cff-b96fbc75dfcb,download,0,5,0,4245423,0
1775729426,4bcd6d06-db69-4a40-b976-05c7544a1a2c,download,0,1,0,3060428,0
1775716834,167a8f34-3eb0-427e-b067-859df37c0547,list,0,0,0,23767,0
1775734189,9b308c90-9a9b-4ab3-be08-0ca6d6041471,download,0,5,0,2182207,0
1775710538,f33ea619-379b-4fe8-8607-92f27dba7c4a,login,0,0,1,348756,0
1775712121,c89fde94-1c9a-4e8a-90a3-c263cb7eb17e,upload,0,1,0,371326,0
1775712126,367f1ba0-3a73-4e8c-8daa-67458bf346b5,download,0,2,0,5178057,0
1775720036,3f213bee-6235-480e-9e70-d5e80fd9ddc3,upload,0,2,0,171812,0
1775734284,bb5a333e-d631-4644-91cc-88c161a23399,upload,0,1,0,515119,0
1775715307,0c0ce9ee-9ada-4d72-a3f2-eb9483feabe8,login,0,1,0,620329,0
1775727986,ab380f02-12bc-473b-a535-28f832822074,download,1,352,0,320993067,1
1775718491,2cfa69c9-d3d1-4780-967c-3e5e2ff36998,login,0,0,1,433373,0
1775705812,8dfb3116-3ac3-4112-be98-a2662c81ae72,download,0,3,0,1679344,0
1775724857,67b0661e-1123-49dd-9aab-466dbffefb05,upload,0,0,0,63076,0
1775729634,c74fcfdf-af81-457e-a423-f6336477d65e,login,0,1,0,1014494,0
1775723294,167a8f34-3eb0-427e-b067-859df37c0547,upload,0,0,0,327264,0
1775732846,9b308c90-9a9b-4ab3-be08-0ca6d6041471,login,0,0,1,694283,0
1775715363,af8ebf32-c726-48e0-b053-6e07e853a46c,list,0,2,0,491619,0
1775720146,7019fef8-eee1-4780-8866-3cf355f39326,download,0,1,0,4893451,0
1775734493,63ed13fc-16ff-4c73-adea-2135300ae355,upload,0,1,0,853727,0
1775720166,6ced1eb4-5e32-4d6c-8280-0946d4f05bef,download,0,2,0,4914104,0
1775712201,9e0ad054-903f-4afb-93ab-d3f19bcb3be2,download,0,2,0,1844876,0
1775729762,b49ce9ef-011a-422b-8b81-2506dc0fe127,login,0,1,0,550250,0
1775720196,eafb92c7-9925-4cf6-9c62-aaf2d611150b,upload,0,0,0,518484,0
1775720206,c8fc1656-71fd-4515-acfb-7ef374d44fe6,login,0,2,1,736188,0
1775717018,ab380f02-12bc-473b-a535-28f832822074,download,1,166,1,845543921,1
1775726626,c8fc1656-71fd-4515-acfb-7ef374d44fe6,list,0,2,0,262138,0
1775729842,72e59186-4ee7-4a1e-9d41-155f00e06a95,login,0,1,0,293329,0
1775718644,2778adb7-8d25-4998-840b-d5914a0c3d4c,login,0,0,1,390987,0
1775705829,8dfb3116-3ac3-4112-be98-a2662c81ae72,login,0,0,1,735289,0
1775713850,cfeed54f-cb0f-4fcb-a16f-f26aa8f69416,login,0,2,0,771846,0
1775733116,f33ea619-379b-4fe8-8607-92f27dba7c4a,login,0,1,1,748499,0
1775712256,3e43f9fe-09aa-428c-895e-344049e5f0eb,login,0,0,0,237495,0
1775723510,2cfa69c9-d3d1-4780-967c-3e5e2ff36998,upload,0,2,0,602037,0
1775718698,167a8f34-3eb0-427e-b067-859df37c0547,download,0,5,0,1417157,0
1775709053,bf43f002-7707-4271-b479-7bd6660b6627,login,0,1,1,419702,0
1775720326,c8fc1656-71fd-4515-acfb-7ef374d44fe6,download,0,3,0,2873229,0
1775707448,9e93a6a6-b5c3-47bd-9b46-2b2d28bc37f7,login,0,0,0,322262,0
1775717122,0c0ce9ee-9ada-4d72-a3f2-eb9483feabe8,list,0,1,0,710887,0
1775734873,af8ebf32-c726-48e0-b053-6e07e853a46c,upload,0,2,0,22110,0
1775718752,3797b81a-52e7-4e52-b1c1-6a9fc51bf6c4,list,0,2,0,200485,0
1775721991,49dda7ce-0e05-4a40-a128-6349450ff1a6,login,0,1,0,679884,0
1775715538,af8ebf32-c726-48e0-b053-6e07e853a46c,list,0,1,0,101240,0
1775713928,ab380f02-12bc-473b-a535-28f832822074,download,1,462,0,766432991,1
1775715552,15dbe71f-eca0-41d6-8a3a-e5fd6d2c2fca,login,0,2,1,225660,0
1775726892,9b308c90-9a9b-4ab3-be08-0ca6d6041471,upload,0,1,0,962782,0
1775705846,cfeed54f-cb0f-4fcb-a16f-f26aa8f69416,download,0,4,0,4856323,0
1775726920,fd0692da-82f4-4c34-a563-b3e73b085db8,login,0,1,0,821087,0
1775715580,6ced1eb4-5e32-4d6c-8280-0946d4f05bef,list,0,2,0,39107,0
1775709095,ab380f02-12bc-473b-a535-28f832822074,upload,0,2,0,174871,0
1775710722,16220f75-189c-4d49-b1b9-5a289a9f3df4,upload,0,2,0,367909,0
1775718851,ace9ed8f-794e-41b0-ab66-c2ba52f19d0f,list,0,0,0,1044479,0
1775726990,2cfa69c9-d3d1-4780-967c-3e5e2ff36998,download,0,1,0,269784,0
1775730258,ab380f02-12bc-473b-a535-28f832822074,download,1,212,2,823116466,1
1775728646,b635daa1-ee9f-43f2-9a34-e1d43caad67b,download,0,5,0,3964535,0
1775710742,ae00c3fa-f6d5-419b-8612-52db300d9dd9,download,0,4,0,4642544,0
1775727046,fd0692da-82f4-4c34-a563-b3e73b085db8,upload,0,0,0,996606,0
1775735215,ab380f02-12bc-473b-a535-28f832822074,download,0,318,1,943247859,1
1775727074,4a209499-fcdb-4d47-9fba-19deb77f4b7b,list,0,1,0,654068,0
1775712391,ab380f02-12bc-473b-a535-28f832822074,download,0,495,0,294531113,1
1775712396,0a847b66-6bdd-4f6c-9e30-f67be2e768e9,download,0,2,0,5199516,0
1775722211,9e0ad054-903f-4afb-93ab-d3f19bcb3be2,download,0,1,0,4265855,0
1775733674,ab380f02-12bc-473b-a535-28f832822074,download,1,380,0,778309658,1
1775727144,c74fcfdf-af81-457e-a423-f6336477d65e,download,0,2,0,3954791,0
1775727158,fd0692da-82f4-4c34-a563-b3e73b085db8,upload,0,0,0,873440,0
1775715699,8f4bb3f7-7f34-4857-9345-cc7b691ec121,list,0,1,0,895451,0
1775737026,2cfa69c9-d3d1-4780-967c-3e5e2ff36998,list,0,0,0,115566,0
1775718995,63ed13fc-16ff-4c73-adea-2135300ae355,upload,0,2,0,697424,0
1775732140,3e43f9fe-09aa-428c-895e-344049e5f0eb,login,0,1,0,950098,0
1775719013,fc4fad76-16bc-401b-88b4-73eedb5baf39,download,0,5,0,2866140,0
1775717378,af8ebf32-c726-48e0-b053-6e07e853a46c,download,0,2,0,75744,0
1775712451,16220f75-189c-4d49-b1b9-5a289a9f3df4,download,0,5,0,543317,0
1775710810,16220f75-189c-4d49-b1b9-5a289a9f3df4,download,0,1,0,4009576,0
1775709167,8f4bb3f7-7f34-4857-9345-cc7b691ec121,download,0,4,0,465123,0
1775712466,15dbe71f-eca0-41d6-8a3a-e5fd6d2c2fca,download,0,3,0,2415714,0
1775709173,9e0ad054-903f-4afb-93ab-d3f19bcb3be2,login,0,1,0,715348,0
1775717426,15dbe71f-eca0-41d6-8a3a-e5fd6d2c2fca,login,0,0,0,726079,0
1775733944,16220f75-189c-4d49-b1b9-5a289a9f3df4,login,0,2,0,968813,0
1775725702,7019fef8-eee1-4780-8866-3cf355f39326,upload,0,0,0,214743,0
1775714144,ae00c3fa-f6d5-419b-8612-52db300d9dd9,upload,0,2,0,286198,0
1775732344,ab380f02-12bc-473b-a535-28f832822074,download,1,278,2,177327218,1
1775727396,ab380f02-12bc-473b-a535-28f832822074,download,1,391,2,536489281,1
1775720786,c89fde94-1c9a-4e8a-90a3-c263cb7eb17e,login,0,1,1,208781,0
1775729081,4bcd6d06-db69-4a40-b976-05c7544a1a2c,upload,0,0,0,496726,0
1775734070,c737d5c8-b53d-4464-a1d2-9e2bd7456966,list,0,2,0,640882,0
1775724134,67b0661e-1123-49dd-9aab-466dbffefb05,login,0,0,0,819081,0
1775735766,4bcd6d06-db69-4a40-b976-05c7544a1a2c,list,0,1,0,705312,0
1775705887,2778adb7-8d25-4998-840b-d5914a0c3d4c,download,0,3,0,902283,0
1775720846,67b0661e-1123-49dd-9aab-466dbffefb05,login,0,0,0,77874,0
1775705889,6ced1eb4-5e32-4d6c-8280-0946d4f05bef,login,0,2,0,450828,0
1775722530,4b67bf97-823a-4df1-bde9-f0a99700964b,login,0,2,1,329007,0
1775720876,e26907cb-e617-4ac2-b726-bea132470922,upload,0,1,0,462608,0
1775707558,cfeed54f-cb0f-4fcb-a16f-f26aa8f69416,upload,0,2,0,12804,0
1775725897,cfeed54f-cb0f-4fcb-a16f-f26aa8f69416,download,0,3,0,3838679,0
1775715902,032b1a57-8090-46a1-b4e2-919eecba5a54,download,0,1,0,3941203,0
1775712571,f33ea619-379b-4fe8-8607-92f27dba7c4a,download,0,1,0,4478696,0
1775727606,bf43f002-7707-4271-b479-7bd6660b6627,download,0,4,0,4451917,0
1775735975,fd0692da-82f4-4c34-a563-b3e73b085db8,upload,0,2,0,1013547,0
1775725962,ab380f02-12bc-473b-a535-28f832822074,login,0,2,1,1024283,0
1775710918,8dfb3116-3ac3-4112-be98-a2662c81ae72,download,0,2,0,3707722,0
1775734358,fc4fad76-16bc-401b-88b4-73eedb5baf39,list,0,1,0,459362,0
1775710926,2cfa69c9-d3d1-4780-967c-3e5e2ff36998,download,0,5,0,880697,0
1775731042,8f4bb3f7-7f34-4857-9345-cc7b691ec121,login,0,0,0,114440,0
1775717642,cfeed54f-cb0f-4fcb-a16f-f26aa8f69416,login,0,0,1,858996,0
1775719328,12991671-ea7d-4165-971a-36942f3fa1d2,login,0,1,1,992045,0
1775737806,cc6a7b0a-aac4-45a5-89b8-538fccc1db40,upload,0,1,0,990463,0
1775737826,cc6a7b0a-aac4-45a5-89b8-538fccc1db40,download,0,2,0,1622447,0
1775737846,3f213bee-6235-480e-9e70-d5e80fd9ddc3,upload,0,1,0,782143,0
1775712636,c8fc1656-71fd-4515-acfb-7ef374d44fe6,login,0,0,1,938421,0
1775709275,9e0ad054-903f-4afb-93ab-d3f19bcb3be2,upload,0,2,0,591416,0
1775717698,cc6a7b0a-aac4-45a5-89b8-538fccc1db40,list,0,1,0,574132,0
1775737926,c89fde94-1c9a-4e8a-90a3-c263cb7eb17e,download,0,5,0,734548,0
1775732888,8dfb3116-3ac3-4112-be98-a2662c81ae72,list,0,1,0,149520,0
1775734592,0a847b66-6bdd-4f6c-9e30-f67be2e768e9,upload,0,1,0,201138,0
1775717730,16220f75-189c-4d49-b1b9-5a289a9f3df4,upload,0,1,0,538840,0
1775736317,3797b81a-52e7-4e52-b1c1-6a9fc51bf6c4,download,0,3,0,4093536,0
1775731266,0a847b66-6bdd-4f6c-9e30-f67be2e768e9,list,0,1,0,882497,0
1775729591,c74fcfdf-af81-457e-a423-f6336477d65e,login,0,1,1,141060,0
1775707610,4bcd6d06-db69-4a40-b976-05c7544a1a2c,list,0,0,0,371140,0
1775717770,ace9ed8f-794e-41b0-ab66-c2ba52f19d0f,download,0,2,0,3890656,0
1775722860,8dfb3116-3ac3-4112-be98-a2662c81ae72,upload,0,0,0,842009,0
1775733041,eafb92c7-9925-4cf6-9c62-aaf2d611150b,login,0,0,1,66827,0
1775714402,ab380f02-12bc-473b-a535-28f832822074,download,0,425,0,777382250,1
1775731378,24981836-1892-4695-a7ba-6ea35f397c4d,download,0,2,0,4638048,0
1775721206,e26907cb-e617-4ac2-b726-bea132470922,login,0,2,0,459103,0
1775738206,032b1a57-8090-46a1-b4e2-919eecba5a54,upload,0,1,0,632651,0
1775707626,8dfb3116-3ac3-4112-be98-a2662c81ae72,login,0,2,1,979926,0
1775712731,ad53681e-c36e-4b3f-a8ad-22cf2bd4a765,list,0,1,0,785196,0
1775738266,25a72f32-e37a-4cab-b3f6-77192fc0aa35,login,0,1,0,315634,0
1775709335,ab380f02-12bc-473b-a535-28f832822074,upload,0,0,0,678522,0
1775721266,b635daa1-ee9f-43f2-9a34-e1d43caad67b,login,0,2,0,880137,0
1775722981,3797b81a-52e7-4e52-b1c1-6a9fc51bf6c4,list,0,1,0,20004,0
1775721286,4b67bf97-823a-4df1-bde9-f0a99700964b,list,0,1,0,187329,0
1775711054,12991671-ea7d-4165-971a-36942f3fa1d2,list,0,2,0,637052,0
1775721306,ab380f02-12bc-473b-a535-28f832822074,download,0,5,0,4472912,0
1775714480,fd0692da-82f4-4c34-a563-b3e73b085db8,download,0,5,0,3547929,0
1775726456,ad53681e-c36e-4b3f-a8ad-22cf2bd4a765,list,0,0,0,759730,0
1775717914,c8fc1656-71fd-4515-acfb-7ef374d44fe6,upload,0,0,0,55227,0
1775711074,bb5a333e-d631-4644-91cc-88c161a23399,download,0,2,0,2233711,0
1775705939,8f4bb3f7-7f34-4857-9345-cc7b691ec121,list,0,1,0,501555,0
1775712796,f33ea619-379b-4fe8-8607-92f27dba7c4a,download,0,3,0,2776935,0
1775735096,0c0ce9ee-9ada-4d72-a3f2-eb9483feabe8,login,0,0,0,588237,0
1775728250,c74fcfdf-af81-457e-a423-f6336477d65e,download,0,4,0,1095191,0
1775711094,ab380f02-12bc-473b-a535-28f832822074,download,0,60,2,145616772,1
1775714534,4bcd6d06-db69-4a40-b976-05c7544a1a2c,download,0,5,0,2525269,0
1775712821,4bcd6d06-db69-4a40-b976-05c7544a1a2c,upload,0,0,0,305211,0
1775736906,b635daa1-ee9f-43f2-9a34-e1d43caad67b,login,0,2,0,178046,0
1775723157,e26907cb-e617-4ac2-b726-bea132470922,upload,0,2,0,1020680,0
1775728334,49dda7ce-0e05-4a40-a128-6349450ff1a6,login,0,0,1,466603,0
1775712841,94ebcab9-38b7-432d-8cff-b96fbc75dfcb,list,0,0,0,979185,0
1775726638,bf43f002-7707-4271-b479-7bd6660b6627,download,0,1,0,2426165,0
1775733551,ae00c3fa-f6d5-419b-8612-52db300d9dd9,upload,0,2,0,650476,0
1775721486,c737d5c8-b53d-4464-a1d2-9e2bd7456966,upload,0,2,0,880616,0
1775731858,49dda7ce-0e05-4a40-a128-6349450ff1a6,download,0,3,0,4133363,0
1775712866,2778adb7-8d25-4998-840b-d5914a0c3d4c,login,0,2,1,361087,0
1775721516,c74fcfdf-af81-457e-a423-f6336477d65e,download,0,2,0,3890306,0
1775707686,fd0692da-82f4-4c34-a563-b3e73b085db8,upload,0,0,0,1032540,0
1775707688,2cfa69c9-d3d1-4780-967c-3e5e2ff36998,download,1,3,0,222756,0
1775718082,4b67bf97-823a-4df1-bde9-f0a99700964b,download,0,1,0,525695,0
1775707692,c74fcfdf-af81-457e-a423-f6336477d65e,login,0,2,1,398168,0
1775709428,4a209499-fcdb-4d47-9fba-19deb77f4b7b,download,0,2,0,3402227,0
1775711166,3f213bee-6235-480e-9e70-d5e80fd9ddc3,list,0,2,0,866851,0
1775732002,fd0692da-82f4-4c34-a563-b3e73b085db8,upload,0,0,0,219838,0
1775725070,c737d5c8-b53d-4464-a1d2-9e2bd7456966,login,0,0,0,848456,0
1775714654,ad53681e-c36e-4b3f-a8ad-22cf2bd4a765,download,0,2,0,3283100,0
1775712921,ab380f02-12bc-473b-a535-28f832822074,download,1,440,1,584621938,1
1775716406,fc4fad76-16bc-401b-88b4-73eedb5baf39,list,0,1,0,362514,0
1775719895,94ebcab9-38b7-432d-8cff-b96fbc75dfcb,login,0,0,1,454546,0
1775723388,cfeed54f-cb0f-4fcb-a16f-f26aa8f69416,list,0,2,0,749297,0
1775739086,24981836-1892-4695-a7ba-6ea35f397c4d,upload,0,2,0,114047,0
1775723410,b635daa1-ee9f-43f2-9a34-e1d43caad67b,login,0,0,0,769056,0
1775714696,e26907cb-e617-4ac2-b726-bea132470922,download,0,2,0,2886450,0
1775733908,63ed13fc-16ff-4c73-adea-2135300ae355,list,0,0,0,573773,0
1775735672,9b308c90-9a9b-4ab3-be08-0ca6d6041471,upload,0,1,0,547923,0
1775735690,b635daa1-ee9f-43f2-9a34-e1d43caad67b,upload,0,1,0,347094,0
1775718218,f33ea619-379b-4fe8-8607-92f27dba7c4a,download,0,3,0,531811,0
1775716476,24981836-1892-4695-a7ba-6ea35f397c4d,download,0,1,0,2663855,0
1775705977,eafb92c7-9925-4cf6-9c62-aaf2d611150b,login,0,2,1,460863,0
1775711234,25a72f32-e37a-4cab-b3f6-77192fc0aa35,download,0,4,0,762947,0
1775739286,0c0ce9ee-9ada-4d72-a3f2-eb9483feabe8,download,0,5,0,1333324,0
1775734044,f33ea619-379b-4fe8-8607-92f27dba7c4a,list,0,2,0,364764,0
1775727041,9b308c90-9a9b-4ab3-be08-0ca6d6041471,upload,0,2,0,737198,0
1775718274,cc6a7b0a-aac4-45a5-89b8-538fccc1db40,upload,0,1,0,60883,0
1775720039,4b67bf97-823a-4df1-bde9-f0a99700964b,download,0,2,0,3889520,0
1775734112,3797b81a-52e7-4e52-b1c1-6a9fc51bf6c4,login,0,0,0,299299,0
1775711262,49dda7ce-0e05-4a40-a128-6349450ff1a6,list,0,0,0,155675,0
1775734146,ab380f02-12bc-473b-a535-28f832822074,download,1,305,0,902837203,1
1775735924,c89fde94-1c9a-4e8a-90a3-c263cb7eb17e,download,0,3,0,2831545,0
1775718322,94ebcab9-38b7-432d-8cff-b96fbc75dfcb,download,0,5,0,4827073,0
1775713041,af8ebf32-c726-48e0-b053-6e07e853a46c,list,0,0,0,924727,0
1775725394,fd0692da-82f4-4c34-a563-b3e73b085db8,download,0,3,0,4249964,0
1775714816,3f213bee-6235-480e-9e70-d5e80fd9ddc3,login,0,1,0,913535,0
1775737780,f33ea619-379b-4fe8-8607-92f27dba7c4a,list,0,1,0,28565,0
1775711294,032b1a57-8090-46a1-b4e2-919eecba5a54,download,0,4,0,3711286,0
1775725442,eafb92c7-9925-4cf6-9c62-aaf2d611150b,download,0,5,0,2287817,0
1775709533,032b1a57-8090-46a1-b4e2-919eecba5a54,download,0,3,0,3340165,0
1775723696,2778adb7-8d25-4998-840b-d5914a0c3d4c,download,0,3,0,891128,0
1775739646,eafb92c7-9925-4cf6-9c62-aaf2d611150b,login,0,2,1,695635,0
1775716630,3f213bee-6235-480e-9e70-d5e80fd9ddc3,login,0,2,0,213400,0
1775711318,25a72f32-e37a-4cab-b3f6-77192fc0aa35,login,0,0,1,990805,0
1775720192,6ced1eb4-5e32-4d6c-8280-0946d4f05bef,login,0,0,1,801789,0
1775720201,ab380f02-12bc-473b-a535-28f832822074,download,1,460,2,450998564,1
1775725538,6ced1eb4-5e32-4d6c-8280-0946d4f05bef,login,0,1,1,871565,0
1775727327,b49ce9ef-011a-422b-8b81-2506dc0fe127,list,0,0,0,9681,0
1775729118,16220f75-189c-4d49-b1b9-5a289a9f3df4,upload,0,2,0,875408,0
1775729132,72e59186-4ee7-4a1e-9d41-155f00e06a95,upload,0,1,0,891635,0
1775738046,4a209499-fcdb-4d47-9fba-19deb77f4b7b,upload,0,0,0,643151,0
1775711350,94ebcab9-38b7-432d-8cff-b96fbc75dfcb,upload,0,2,0,611997,0
1775713136,4a209499-fcdb-4d47-9fba-19deb77f4b7b,login,0,0,1,379705,0
1775711358,7019fef8-eee1-4780-8866-3cf355f39326,upload,0,0,0,965566,0
1775720282,b635daa1-ee9f-43f2-9a34-e1d43caad67b,login,0,1,1,189589,0
1775739926,ace9ed8f-794e-41b0-ab66-c2ba52f19d0f,list,0,0,0,442103,0
1775723872,032b1a57-8090-46a1-b4e2-919eecba5a54,list,0,0,0,131136,0
1775729244,b635daa1-ee9f-43f2-9a34-e1d43caad67b,list,0,1,0,841824,0
1775731046,ad53681e-c36e-4b3f-a8ad-22cf2bd4a765,list,0,2,0,1017610,0
1775740006,bf43f002-7707-4271-b479-7bd6660b6627,login,0,0,1,324859,0
1775731076,ab380f02-12bc-473b-a535-28f832822074,download,1,443,2,261194847,1
1775722136,ab380f02-12bc-473b-a535-28f832822074,download,1,205,2,1049719681,1
1775711394,ab380f02-12bc-473b-a535-28f832822074,download,1,312,0,899901443,1
1775727535,cfeed54f-cb0f-4fcb-a16f-f26aa8f69416,download,0,5,0,2488398,0
1775727548,24981836-1892-4695-a7ba-6ea35f397c4d,download,0,4,0,953984,0
1775720381,9e0ad054-903f-4afb-93ab-d3f19bcb3be2,download,0,2,0,4265396,0
1775731166,ab380f02-12bc-473b-a535-28f832822074,download,1,316,1,1054881112,1
1775725790,af8ebf32-c726-48e0-b053-6e07e853a46c,upload,0,0,0,577069,0
1775713216,9e0ad054-903f-4afb-93ab-d3f19bcb3be2,download,0,3,0,2386666,0
1775718618,67b0661e-1123-49dd-9aab-466dbffefb05,login,0,0,0,118791,0
1775734826,af8ebf32-c726-48e0-b053-6e07e853a46c,download,0,2,0,1711298,0
1775734843,7019fef8-eee1-4780-8866-3cf355f39326,list,0,2,0,561623,0
1775713236,4b67bf97-823a-4df1-bde9-f0a99700964b,login,0,2,1,96884,0
1775734877,eafb92c7-9925-4cf6-9c62-aaf2d611150b,upload,0,2,0,343181,0
1775715050,ace9ed8f-794e-41b0-ab66-c2ba52f19d0f,download,0,3,0,4521359,0
1775720471,16220f75-189c-4d49-b1b9-5a289a9f3df4,list,0,0,0,697874,0
1775713256,032b1a57-8090-46a1-b4e2-919eecba5a54,upload,0,0,0,193804,0
1775713261,67b0661e-1123-49dd-9aab-466dbffefb05,login,0,0,1,278394,0
1775740386,0c0ce9ee-9ada-4d72-a3f2-eb9483feabe8,upload,0,2,0,773178,0
1775713271,eafb92c7-9925-4cf6-9c62-aaf2d611150b,download,0,2,0,2898756,0
1775740426,72e59186-4ee7-4a1e-9d41-155f00e06a95,download,0,3,0,1646048,0
1775733202,ab380f02-12bc-473b-a535-28f832822074,download,1,220,2,1014836943,1
1775713286,eafb92c7-9925-4cf6-9c62-aaf2d611150b,download,0,1,0,3168525,0
1775740486,63ed13fc-16ff-4c73-adea-2135300ae355,list,0,0,0,397282,0
1775713296,ab380f02-12bc-473b-a535-28f832822074,download,1,220,1,923774796,1
1775720561,ab380f02-12bc-473b-a535-28f832822074,download,1,394,2,638228863,1
1775707858,ab380f02-12bc-473b-a535-28f832822074,download,1,429,2,620585486,1
1775709677,c74fcfdf-af81-457e-a423-f6336477d65e,login,0,1,1,753552,0
1775713316,8dfb3116-3ac3-4112-be98-a2662c81ae72,login,0,1,1,635938,0
1775715140,4b67bf97-823a-4df1-bde9-f0a99700964b,upload,0,1,0,885342,0
1775715146,ae00c3fa-f6d5-419b-8612-52db300d9dd9,download,0,1,0,2963318,0
1775737004,9b308c90-9a9b-4ab3-be08-0ca6d6041471,list,0,0,0,292625,0
1775709692,9e0ad054-903f-4afb-93ab-d3f19bcb3be2,upload,0,1,0,342689,0
1775727925,9e93a6a6-b5c3-47bd-9b46-2b2d28bc37f7,upload,0,2,0,948506,0
1775726114,4a209499-fcdb-4d47-9fba-19deb77f4b7b,login,0,1,0,868117,0
1775709701,15dbe71f-eca0-41d6-8a3a-e5fd6d2c2fca,download,0,5,0,5151971,0
1775722486,16220f75-189c-4d49-b1b9-5a289a9f3df4,upload,0,1,0,912699,0
1775717015,9b308c90-9a9b-4ab3-be08-0ca6d6041471,upload,0,2,0,899338,0
1775709710,2778adb7-8d25-4998-840b-d5914a0c3d4c,login,0,0,0,169884,0
1775726174,c737d5c8-b53d-4464-a1d2-9e2bd7456966,upload,0,0,0,141647,0
1775718866,b49ce9ef-011a-422b-8b81-2506dc0fe127,download,0,3,0,4068836,0
1775735353,bb5a333e-d631-4644-91cc-88c161a23399,download,0,1,0,980446,0
1775733538,3f213bee-6235-480e-9e70-d5e80fd9ddc3,upload,0,2,0,110142,0
1775733554,bf43f002-7707-4271-b479-7bd6660b6627,list,0,0,0,73296,0
1775709728,0c0ce9ee-9ada-4d72-a3f2-eb9483feabe8,upload,0,0,0,726199,0
1775707896,94ebcab9-38b7-432d-8cff-b96fbc75dfcb,download,0,3,0,2615156,0
1775711570,49dda7ce-0e05-4a40-a128-6349450ff1a6,upload,0,2,0,208767,0
1775733618,2cfa69c9-d3d1-4780-967c-3e5e2ff36998,login,0,2,0,436440,0
1775720768,fc4fad76-16bc-401b-88b4-73eedb5baf39,upload,0,1,0,754983,0
1775729972,12991671-ea7d-4165-971a-36942f3fa1d2,list,0,0,0,269705,0
1775741026,16220f75-189c-4d49-b1b9-5a289a9f3df4,upload,0,0,0,969787,0
1775718954,94ebcab9-38b7-432d-8cff-b96fbc75dfcb,list,0,2,0,445387,0
1775711594,94ebcab9-38b7-432d-8cff-b96fbc75dfcb,list,0,1,0,718077,0
1775724499,032b1a57-8090-46a1-b4e2-919eecba5a54,upload,0,0,0,281763,0
1775720822,4b67bf97-823a-4df1-bde9-f0a99700964b,login,0,2,0,673928,0
1775720831,ad53681e-c36e-4b3f-a8ad-22cf2bd4a765,login,0,1,1,1015032,0
1775731916,ace9ed8f-794e-41b0-ab66-c2ba52f19d0f,list,0,0,0,669465,0
1775735625,16220f75-189c-4d49-b1b9-5a289a9f3df4,upload,0,0,0,637201,0
1775739338,cfeed54f-cb0f-4fcb-a16f-f26aa8f69416,list,0,1,0,697827,0
1775741206,24981836-1892-4695-a7ba-6ea35f397c4d,list,0,1,0,979819,0
1775717176,4bcd6d06-db69-4a40-b976-05c7544a1a2c,download,0,4,0,2269516,0
1775737544,167a8f34-3eb0-427e-b067-859df37c0547,list,0,2,0,106074,0
1775728302,2778adb7-8d25-4998-840b-d5914a0c3d4c,download,0,1,0,1068005,0
1775737580,fd0692da-82f4-4c34-a563-b3e73b085db8,login,0,0,0,158858,0
1775722766,0a847b66-6bdd-4f6c-9e30-f67be2e768e9,list,0,1,0,1029088,0
1775715356,9e93a6a6-b5c3-47bd-9b46-2b2d28bc37f7,login,0,1,0,317778,0
1775733922,49dda7ce-0e05-4a40-a128-6349450ff1a6,list,0,1,0,731007,0
1775715368,ae00c3fa-f6d5-419b-8612-52db300d9dd9,upload,0,0,0,656958,0
1775713516,c89fde94-1c9a-4e8a-90a3-c263cb7eb17e,download,0,3,0,4376415,0
1775715380,67b0661e-1123-49dd-9aab-466dbffefb05,list,0,1,0,487117,0
1775713526,f33ea619-379b-4fe8-8607-92f27dba7c4a,list,0,0,0,198208,0
1775706087,ab380f02-12bc-473b-a535-28f832822074,download,1,420,1,562792614,1
1775720984,4bcd6d06-db69-4a40-b976-05c7544a1a2c,download,0,3,0,5074375,0
1775741486,e26907cb-e617-4ac2-b726-bea132470922,list,0,1,0,867634,0
1775730322,cc6a7b0a-aac4-45a5-89b8-538fccc1db40,list,0,0,0,981946,0
1775724741,25a72f32-e37a-4cab-b3f6-77192fc0aa35,upload,0,1,0,392372,0
1775717288,72e59186-4ee7-4a1e-9d41-155f00e06a95,download,0,5,0,2668612,0
1775737832,7019fef8-eee1-4780-8866-3cf355f39326,login,0,0,0,287270,0
1775726642,b635daa1-ee9f-43f2-9a34-e1d43caad67b,download,0,4,0,4563940,0
1775722916,24981836-1892-4695-a7ba-6ea35f397c4d,list,0,0,0,679632,0
1775706096,0c0ce9ee-9ada-4d72-a3f2-eb9483feabe8,upload,0,1,0,650402,0
1775732291,0c0ce9ee-9ada-4d72-a3f2-eb9483feabe8,download,0,4,0,2337674,0
1775722946,15dbe71f-eca0-41d6-8a3a-e5fd6d2c2fca,download,0,2,0,4443680,0
1775741686,4a209499-fcdb-4d47-9fba-19deb77f4b7b,download,0,2,0,2500453,0
1775730462,9e93a6a6-b5c3-47bd-9b46-2b2d28bc37f7,download,0,3,0,1886986,0
1775721101,2778adb7-8d25-4998-840b-d5914a0c3d4c,upload,0,0,0,550172,0
1775736118,6ced1eb4-5e32-4d6c-8280-0946d4f05bef,login,0,1,1,665006,0
1775715488,9e93a6a6-b5c3-47bd-9b46-2b2d28bc37f7,list,0,0,0,534168,0
1775728640,af8ebf32-c726-48e0-b053-6e07e853a46c,upload,0,2,0,255473,0
1775721137,bb5a333e-d631-4644-91cc-88c161a23399,download,0,5,0,5000490,0
1775726786,4a209499-fcdb-4d47-9fba-19deb77f4b7b,list,0,2,0,555188,0
1775721155,0c0ce9ee-9ada-4d72-a3f2-eb9483feabe8,upload,0,1,0,332459,0
1775741866,15dbe71f-eca0-41d6-8a3a-e5fd6d2c2fca,login,0,0,0,914647,0
1775717407,ae00c3fa-f6d5-419b-8612-52db300d9dd9,download,0,2,0,3791121,0
1775713646,3e43f9fe-09aa-428c-895e-344049e5f0eb,download,0,4,0,3434758,0
1775715536,b635daa1-ee9f-43f2-9a34-e1d43caad67b,list,0,0,0,525437,0
1775736288,c8fc1656-71fd-4515-acfb-7ef374d44fe6,list,0,0,0,687732,0
1775726870,c89fde94-1c9a-4e8a-90a3-c263cb7eb17e,upload,0,2,0,526542,0
1775736322,2778adb7-8d25-4998-840b-d5914a0c3d4c,upload,0,0,0,782139,0
1775738228,67b0661e-1123-49dd-9aab-466dbffefb05,upload,0,2,0,315587,0
1775726906,032b1a57-8090-46a1-b4e2-919eecba5a54,login,0,0,0,353015,0
1775717463,16220f75-189c-4d49-b1b9-5a289a9f3df4,list,0,2,0,11672,0
1775719362,ace9ed8f-794e-41b0-ab66-c2ba52f19d0f,list,0,2,0,392257,0
1775715584,cfeed54f-cb0f-4fcb-a16f-f26aa8f69416,download,0,3,0,658434,0
1775732636,63ed13fc-16ff-4c73-adea-2135300ae355,upload,0,2,0,370830,0
1775719386,3e43f9fe-09aa-428c-895e-344049e5f0eb,upload,0,2,0,447641,0
1775711810,ace9ed8f-794e-41b0-ab66-c2ba52f19d0f,list,0,2,0,383207,0
1775728887,b635daa1-ee9f-43f2-9a34-e1d43caad67b,list,0,0,0,21298,0
1775734594,9e93a6a6-b5c3-47bd-9b46-2b2d28bc37f7,upload,0,1,0,832753,0
1775717519,ab380f02-12bc-473b-a535-28f832822074,upload,0,2,0,908776,0
1775742226,c74fcfdf-af81-457e-a423-f6336477d65e,login,0,2,0,38457,0
1775728939,eafb92c7-9925-4cf6-9c62-aaf2d611150b,upload,0,1,0,802825,0
1775742266,ad53681e-c36e-4b3f-a8ad-22cf2bd4a765,download,0,5,0,990038,0
1775713741,4a209499-fcdb-4d47-9fba-19deb77f4b7b,list,0,1,0,718563,0
1775736594,ab380f02-12bc-473b-a535-28f832822074,download,1,152,0,265327707,1
1775709941,3e43f9fe-09aa-428c-895e-344049e5f0eb,upload,0,2,0,81700,0
1775717568,af8ebf32-c726-48e0-b053-6e07e853a46c,download,0,2,0,4661276,0
1775723296,bf43f002-7707-4271-b479-7bd6660b6627,list,0,2,0,394701,0
1775708042,9b308c90-9a9b-4ab3-be08-0ca6d6041471,list,0,0,0,665725,0
1775742406,2778adb7-8d25-4998-840b-d5914a0c3d4c,list,0,2,0,589245,0
1775742426,72e59186-4ee7-4a1e-9d41-155f00e06a95,list,0,0,0,358509,0
1775725247,e26907cb-e617-4ac2-b726-bea132470922,download,0,5,0,2817466,0
1775711874,032b1a57-8090-46a1-b4e2-919eecba5a54,download,0,1,0,1839785,0
1775734834,4b67bf97-823a-4df1-bde9-f0a99700964b,list,0,2,0,723183,0
1775742506,c737d5c8-b53d-4464-a1d2-9e2bd7456966,list,0,0,0,532677,0
1775732951,63ed13fc-16ff-4c73-adea-2135300ae355,login,0,2,0,557358,0
1775717638,67b0661e-1123-49dd-9aab-466dbffefb05,download,0,3,0,933809,0
1775736815,ab380f02-12bc-473b-a535-28f832822074,download,0,387,2,405582028,1
1775740668,167a8f34-3eb0-427e-b067-859df37c0547,login,0,0,0,417366,0
1775729173,72e59186-4ee7-4a1e-9d41-155f00e06a95,login,0,2,1,917433,0
1775731106,b635daa1-ee9f-43f2-9a34-e1d43caad67b,upload,0,1,0,497603,0
1775715752,0a847b66-6bdd-4f6c-9e30-f67be2e768e9,login,0,1,1,1039497,0
1775727290,9b308c90-9a9b-4ab3-be08-0ca6d6041471,download,0,4,0,527369,0
1775711918,ad53681e-c36e-4b3f-a8ad-22cf2bd4a765,list,0,1,0,704140,0
1775713846,ab380f02-12bc-473b-a535-28f832822074,download,1,98,2,522788805,1
1775710001,6ced1eb4-5e32-4d6c-8280-0946d4f05bef,list,0,2,0,916773,0
1775742746,eafb92c7-9925-4cf6-9c62-aaf2d611150b,upload,0,0,0,971071,0
1775710007,3f213bee-6235-480e-9e70-d5e80fd9ddc3,list,0,1,0,701170,0
1775706154,25a72f32-e37a-4cab-b3f6-77192fc0aa35,list,0,1,0,193278,0
1775719658,9b308c90-9a9b-4ab3-be08-0ca6d6041471,login,0,2,0,82450,0
1775721596,67b0661e-1123-49dd-9aab-466dbffefb05,login,0,1,0,779653,0
1775740915,ab380f02-12bc-473b-a535-28f832822074,download,1,307,1,872352882,1
1775723546,72e59186-4ee7-4a1e-9d41-155f00e06a95,upload,0,2,0,921431,0
1775742886,ab380f02-12bc-473b-a535-28f832822074,login,0,2,1,510419,0
1775708094,3f213bee-6235-480e-9e70-d5e80fd9ddc3,list,0,1,0,669876,0
1775729381,4bcd6d06-db69-4a40-b976-05c7544a1a2c,list,0,0,0,365200,0
1775742946,bb5a333e-d631-4644-91cc-88c161a23399,download,0,3,0,785537,0
1775741029,3e43f9fe-09aa-428c-895e-344049e5f0eb,login,0,2,1,127237,0
1775719730,cfeed54f-cb0f-4fcb-a16f-f26aa8f69416,upload,0,2,0,1045805,0
1775715860,9e0ad054-903f-4afb-93ab-d3f19bcb3be2,download,0,4,0,4929663,0
1775715866,9e93a6a6-b5c3-47bd-9b46-2b2d28bc37f7,login,0,2,1,74868,0
1775739164,4a209499-fcdb-4d47-9fba-19deb77f4b7b,login,0,1,0,262792,0
1775715878,c74fcfdf-af81-457e-a423-f6336477d65e,upload,0,0,0,828995,0
1775711998,4a209499-fcdb-4d47-9fba-19deb77f4b7b,upload,0,0,0,1027830,0
1775733386,4a209499-fcdb-4d47-9fba-19deb77f4b7b,login,0,1,0,917262,0
1775719786,fc4fad76-16bc-401b-88b4-73eedb5baf39,download,0,2,0,3515562,0
1775708118,3f213bee-6235-480e-9e70-d5e80fd9ddc3,list,0,2,0,661857,0
1775727590,16220f75-189c-4d49-b1b9-5a289a9f3df4,download,0,3,0,4383484,0
1775723706,4b67bf97-823a-4df1-bde9-f0a99700964b,download,0,5,0,2201622,0
1775723716,ae00c3fa-f6d5-419b-8612-52db300d9dd9,login,0,2,0,955673,0
1775733476,16220f75-189c-4d49-b1b9-5a289a9f3df4,list,0,0,0,983306,0
1775739344,bb5a333e-d631-4644-91cc-88c161a23399,list,0,1,0,880956,0
1775729602,ab380f02-12bc-473b-a535-28f832822074,download,1,409,0,656623526,1
1775717897,6ced1eb4-5e32-4d6c-8280-0946d4f05bef,login,0,0,1,707324,0
1775723766,25a72f32-e37a-4cab-b3f6-77192fc0aa35,upload,0,0,0,692802,0
1775731596,0a847b66-6bdd-4f6c-9e30-f67be2e768e9,login,0,1,1,45131,0
1775719874,9b308c90-9a9b-4ab3-be08-0ca6d6041471,upload,0,0,0,589134,0
1775712054,72e59186-4ee7-4a1e-9d41-155f00e06a95,list,0,2,0,133628,0
1775710100,0c0ce9ee-9ada-4d72-a3f2-eb9483feabe8,download,0,3,0,3846008,0
1775710103,3e43f9fe-09aa-428c-895e-344049e5f0eb,upload,0,0,0,90222,0
1775706186,0c0ce9ee-9ada-4d72-a3f2-eb9483feabe8,list,0,2,0,337399,0
1775714031,0c0ce9ee-9ada-4d72-a3f2-eb9483feabe8,login,0,0,1,509524,0
1775733656,ab380f02-12bc-473b-a535-28f832822074,download,1,430,0,478045069,1
1775725819,8f4bb3f7-7f34-4857-9345-cc7b691ec121,download,0,5,0,868288,0
1775725830,ab380f02-12bc-473b-a535-28f832822074,download,1,402,1,949153873,1
1775714051,b49ce9ef-011a-422b-8b81-2506dc0fe127,upload,0,2,0,970506,0
1775710124,eafb92c7-9925-4cf6-9c62-aaf2d611150b,list,0,1,0,780374,0
1775714061,2cfa69c9-d3d1-4780-967c-3e5e2ff36998,upload,0,0,0,124117,0
1775741618,e26907cb-e617-4ac2-b726-bea132470922,list,0,0,0,866267,0
1775729823,0c0ce9ee-9ada-4d72-a3f2-eb9483feabe8,download,0,5,0,2918791,0
1775721956,c89fde94-1c9a-4e8a-90a3-c263cb7eb17e,list,0,0,0,751422,0
1775710139,9b308c90-9a9b-4ab3-be08-0ca6d6041471,login,0,1,0,260668,0
1775714086,4b67bf97-823a-4df1-bde9-f0a99700964b,upload,0,2,0,681418,0
1775727902,af8ebf32-c726-48e0-b053-6e07e853a46c,download,0,3,0,3663639,0
1775727914,f33ea619-379b-4fe8-8607-92f27dba7c4a,upload,0,0,0,700794,0
1775739776,25a72f32-e37a-4cab-b3f6-77192fc0aa35,download,0,2,0,659261,0
1775741770,eafb92c7-9925-4cf6-9c62-aaf2d611150b,list,0,1,0,947914,0
1775718065,9e0ad054-903f-4afb-93ab-d3f19bcb3be2,download,0,1,0,3679961,0
1775731918,c89fde94-1c9a-4e8a-90a3-c263cb7eb17e,download,0,5,0,505671,0
1775710163,ab380f02-12bc-473b-a535-28f832822074,download,1,102,2,1066121927,1
1775724026,c89fde94-1c9a-4e8a-90a3-c263cb7eb17e,list,1,0,0,935329,0
1775729979,4a209499-fcdb-4d47-9fba-19deb77f4b7b,login,0,0,1,463255,0
1775726028,94ebcab9-38b7-432d-8cff-b96fbc75dfcb,upload,0,2,0,516265,0
1775720090,f33ea619-379b-4fe8-8607-92f27dba7c4a,download,0,5,0,2362352,0
1775728034,67b0661e-1123-49dd-9aab-466dbffefb05,upload,0,0,0,92743,0
1775739956,167a8f34-3eb0-427e-b067-859df37c0547,list,0,0,0,688172,0
1775710184,2cfa69c9-d3d1-4780-967c-3e5e2ff36998,login,0,1,0,817910,0
1775710187,3f213bee-6235-480e-9e70-d5e80fd9ddc3,list,0,0,0,362198,0
1775718142,4b67bf97-823a-4df1-bde9-f0a99700964b,list,0,2,0,118493,0
1775706215,bb5a333e-d631-4644-91cc-88c161a23399,login,0,2,0,595276,0
1775742036,ab380f02-12bc-473b-a535-28f832822074,download,1,351,0,521823211,1
1775736082,ab380f02-12bc-473b-a535-28f832822074,download,1,349,2,344253743,1
1775730122,c89fde94-1c9a-4e8a-90a3-c263cb7eb17e,login,0,1,0,161692,0
1775714191,b49ce9ef-011a-422b-8b81-2506dc0fe127,list,0,1,0,821347,0
1775718184,3f213bee-6235-480e-9e70-d5e80fd9ddc3,download,0,5,0,1834560,0
1775744126,ab380f02-12bc-473b-a535-28f832822074,download,0,5,0,3428343,0
1775712210,ad53681e-c36e-4b3f-a8ad-22cf2bd4a765,login,0,1,0,548304,0
1775712214,cfeed54f-cb0f-4fcb-a16f-f26aa8f69416,login,0,2,0,61229,0
1775738192,49dda7ce-0e05-4a40-a128-6349450ff1a6,list,0,0,0,73801,0
1775740208,2778adb7-8d25-4998-840b-d5914a0c3d4c,download,0,3,0,1365098,0
1775712226,0a847b66-6bdd-4f6c-9e30-f67be2e768e9,login,0,2,0,531498,0
1775712230,12991671-ea7d-4165-971a-36942f3fa1d2,list,0,1,0,110284,0
1775734256,cfeed54f-cb0f-4fcb-a16f-f26aa8f69416,download,0,5,0,2081590,0
1775716244,4b67bf97-823a-4df1-bde9-f0a99700964b,login,0,0,0,265703,0
1775740298,eafb92c7-9925-4cf6-9c62-aaf2d611150b,list,0,0,0,153383,0
1775714251,ab380f02-12bc-473b-a535-28f832822074,download,1,303,2,407381848,1
1775726292,9b308c90-9a9b-4ab3-be08-0ca6d6041471,list,0,2,0,673754,0
1775718275,9b308c90-9a9b-4ab3-be08-0ca6d6041471,list,1,0,0,905169,0
1775724306,3f213bee-6235-480e-9e70-d5e80fd9ddc3,list,0,1,0,936094,0
1775714271,15dbe71f-eca0-41d6-8a3a-e5fd6d2c2fca,download,0,4,0,1937250,0
1775734376,16220f75-189c-4d49-b1b9-5a289a9f3df4,upload,0,0,0,9017,0
1775724336,4bcd6d06-db69-4a40-b976-05c7544a1a2c,list,0,1,0,635945,0
1775742454,ad53681e-c36e-4b3f-a8ad-22cf2bd4a765,list,0,1,0,517937,0
1775734421,ace9ed8f-794e-41b0-ab66-c2ba52f19d0f,login,0,2,0,320267,0
1775716310,af8ebf32-c726-48e0-b053-6e07e853a46c,upload,0,1,0,690371,0
1775708256,9e0ad054-903f-4afb-93ab-d3f19bcb3be2,upload,0,0,0,248503,0
1775720354,2778adb7-8d25-4998-840b-d5914a0c3d4c,upload,0,0,0,873147,0
1775730447,167a8f34-3eb0-427e-b067-859df37c0547,list,0,1,0,389633,0
1775714316,ab380f02-12bc-473b-a535-28f832822074,download,1,181,2,886684325,1
1775720378,9b308c90-9a9b-4ab3-be08-0ca6d6041471,list,0,0,0,129567,0
1775728466,9e93a6a6-b5c3-47bd-9b46-2b2d28bc37f7,list,0,0,0,267873,0
1775732520,c74fcfdf-af81-457e-a423-f6336477d65e,login,0,1,0,546536,0
1775744666,63ed13fc-16ff-4c73-adea-2135300ae355,download,0,5,0,4760885,0
1775724456,3e43f9fe-09aa-428c-895e-344049e5f0eb,login,0,1,0,1024892,0
1775732562,8dfb3116-3ac3-4112-be98-a2662c81ae72,download,0,2,0,2374527,0
1775722451,67b0661e-1123-49dd-9aab-466dbffefb05,download,0,2,0,1587475,0
1775712330,94ebcab9-38b7-432d-8cff-b96fbc75dfcb,login,0,1,0,174105,0
1775714361,94ebcab9-38b7-432d-8cff-b96fbc75dfcb,download,0,2,0,794377,0
1775728562,c737d5c8-b53d-4464-a1d2-9e2bd7456966,upload,0,0,0,370029,0
1775718429,032b1a57-8090-46a1-b4e2-919eecba5a54,login,0,1,0,919592,0
1775718436,ab380f02-12bc-473b-a535-28f832822074,login,0,0,0,658481,0
1775720474,16220f75-189c-4d49-b1b9-5a289a9f3df4,download,0,2,0,2601817,0
1775726578,6ced1eb4-5e32-4d6c-8280-0946d4f05bef,list,0,1,0,396090,0
1775726589,ab380f02-12bc-473b-a535-28f832822074,download,1,176,0,496920463,1
1775708294,c89fde94-1c9a-4e8a-90a3-c263cb7eb17e,login,0,1,1,971197,0
1775726611,7019fef8-eee1-4780-8866-3cf355f39326,list,0,2,0,736388,0
1775730694,6ced1eb4-5e32-4d6c-8280-0946d4f05bef,download,0,2,0,3415697,0
1775740892,f33ea619-379b-4fe8-8607-92f27dba7c4a,list,0,0,0,43265,0
1775706264,ab380f02-12bc-473b-a535-28f832822074,login,0,0,1,325012,0
1775736850,7019fef8-eee1-4780-8866-3cf355f39326,upload,0,2,0,786573,0
1775734826,ae00c3fa-f6d5-419b-8612-52db300d9dd9,list,0,2,0,297759,0
1775743005,4a209499-fcdb-4d47-9fba-19deb77f4b7b,upload,0,2,0,837808,0
1775718520,2778adb7-8d25-4998-840b-d5914a0c3d4c,download,0,5,0,653300,0
1775720570,16220f75-189c-4d49-b1b9-5a289a9f3df4,upload,0,2,0,550462,0
1775706270,c8fc1656-71fd-4515-acfb-7ef374d44fe6,list,0,0,0,125854,0
1775718541,ad53681e-c36e-4b3f-a8ad-22cf2bd4a765,list,0,2,0,140367,0
1775732870,67b0661e-1123-49dd-9aab-466dbffefb05,login,0,0,0,112383,0
1775716508,cfeed54f-cb0f-4fcb-a16f-f26aa8f69416,upload,0,1,0,897958,0
1775714466,2778adb7-8d25-4998-840b-d5914a0c3d4c,download,0,2,0,3473442,0
1775718569,b49ce9ef-011a-422b-8b81-2506dc0fe127,upload,0,1,0,279037,0
1775741126,9e0ad054-903f-4afb-93ab-d3f19bcb3be2,login,0,1,1,717243,0
1775716532,15dbe71f-eca0-41d6-8a3a-e5fd6d2c2fca,login,0,0,1,160713,0
1775710382,af8ebf32-c726-48e0-b053-6e07e853a46c,list,0,2,0,829583,0
1775737074,bf43f002-7707-4271-b479-7bd6660b6627,login,0,2,1,664894,0
1775741198,9b308c90-9a9b-4ab3-be08-0ca6d6041471,upload,0,0,0,812091,0
1775724776,63ed13fc-16ff-4c73-adea-2135300ae355,login,0,0,1,429260,0
1775741234,9b308c90-9a9b-4ab3-be08-0ca6d6041471,login,0,1,0,811787,0
1775712454,2778adb7-8d25-4998-840b-d5914a0c3d4c,login,0,2,0,142025,0
1775718632,25a72f32-e37a-4cab-b3f6-77192fc0aa35,upload,0,1,0,706567,0
1775712462,bb5a333e-d631-4644-91cc-88c161a23399,login,0,1,1,807004,0
1775726886,ae00c3fa-f6d5-419b-8612-52db300d9dd9,list,0,0,0,128577,0
1775712470,ab380f02-12bc-473b-a535-28f832822074,login,0,1,0,375099,0
1775724846,72e59186-4ee7-4a1e-9d41-155f00e06a95,list,0,0,0,210493,0
1775735171,cfeed54f-cb0f-4fcb-a16f-f26aa8f69416,list,0,1,0,982766,0
1775739314,b49ce9ef-011a-422b-8b81-2506dc0fe127,list,0,0,0,191337,0
1775708356,2778adb7-8d25-4998-840b-d5914a0c3d4c,list,0,0,0,704115,0
1775745546,72e59186-4ee7-4a1e-9d41-155f00e06a95,download,0,5,0,600136,0
1775731097,16220f75-189c-4d49-b1b9-5a289a9f3df4,download,0,2,0,2817098,0
1775729042,0c0ce9ee-9ada-4d72-a3f2-eb9483feabe8,list,0,1,0,225791,0
1775712502,4a209499-fcdb-4d47-9fba-19deb77f4b7b,login,0,0,1,585133,0
1775729066,ace9ed8f-794e-41b0-ab66-c2ba52f19d0f,upload,0,1,0,609442,0
1775731149,49dda7ce-0e05-4a40-a128-6349450ff1a6,upload,0,0,0,456585,0
1775739450,367f1ba0-3a73-4e8c-8daa-67458bf346b5,login,0,1,0,83476,0
1775741540,9e93a6a6-b5c3-47bd-9b46-2b2d28bc37f7,upload,0,2,0,313729,0
1775722892,cfeed54f-cb0f-4fcb-a16f-f26aa8f69416,list,0,1,0,323650,0
1775720826,0a847b66-6bdd-4f6c-9e30-f67be2e768e9,download,0,3,0,4493994,0
1775731214,7019fef8-eee1-4780-8866-3cf355f39326,upload,0,1,0,411380,0
1775727073,ab380f02-12bc-473b-a535-28f832822074,upload,0,2,0,275780,0
1775745786,c74fcfdf-af81-457e-a423-f6336477d65e,login,0,0,0,145036,0
1775722937,bb5a333e-d631-4644-91cc-88c161a23399,login,0,1,0,1021094,0
1775720866,4a209499-fcdb-4d47-9fba-19deb77f4b7b,download,0,1,0,3913772,0
1775712550,25a72f32-e37a-4cab-b3f6-77192fc0aa35,upload,0,0,0,296168,0
1775725046,15dbe71f-eca0-41d6-8a3a-e5fd6d2c2fca,list,0,1,0,215949,0
1775708392,bb5a333e-d631-4644-91cc-88c161a23399,login,0,1,0,410919,0
1775725066,b49ce9ef-011a-422b-8b81-2506dc0fe127,list,0,1,0,936939,0
1775706311,15dbe71f-eca0-41d6-8a3a-e5fd6d2c2fca,upload,0,0,0,917067,0
1775737602,15dbe71f-eca0-41d6-8a3a-e5fd6d2c2fca,list,0,1,0,998321,0
1775743879,b49ce9ef-011a-422b-8b81-2506dc0fe127,download,0,3,0,3298090,0
1775725106,032b1a57-8090-46a1-b4e2-919eecba5a54,download,0,1,0,2445714,0
1775731383,4a209499-fcdb-4d47-9fba-19deb77f4b7b,list,0,0,0,612947,0
1775731396,c8fc1656-71fd-4515-acfb-7ef374d44fe6,upload,0,0,0,711758,0
1775746046,2778adb7-8d25-4998-840b-d5914a0c3d4c,upload,0,1,0,7374,0
1775743974,ab380f02-12bc-473b-a535-28f832822074,download,1,158,1,976296870,1
1775731435,9b308c90-9a9b-4ab3-be08-0ca6d6041471,login,0,1,0,431133,0
1775739824,af8ebf32-c726-48e0-b053-6e07e853a46c,download,0,3,0,719497,0
1775744031,c8fc1656-71fd-4515-acfb-7ef374d44fe6,login,0,0,0,340458,0
1775725186,032b1a57-8090-46a1-b4e2-919eecba5a54,login,0,0,0,383321,0
1775741972,2778adb7-8d25-4998-840b-d5914a0c3d4c,upload,0,0,0,569388,0
1775714716,16220f75-189c-4d49-b1b9-5a289a9f3df4,upload,0,0,0,206696,0
1775746206,e26907cb-e617-4ac2-b726-bea132470922,download,0,3,0,4621126,0
1775712626,c74fcfdf-af81-457e-a423-f6336477d65e,download,0,5,0,3542334,0
1775744145,6ced1eb4-5e32-4d6c-8280-0946d4f05bef,list,0,0,0,402058,0
1775731552,ab380f02-12bc-473b-a535-28f832822074,upload,0,2,0,476512,0
1775721050,ab380f02-12bc-473b-a535-28f832822074,download,1,453,2,480547896,1
1775718954,e26907cb-e617-4ac2-b726-bea132470922,list,0,2,0,1027569,0
1775725276,9e93a6a6-b5c3-47bd-9b46-2b2d28bc37f7,list,0,2,0,177266,0
1775716862,cfeed54f-cb0f-4fcb-a16f-f26aa8f69416,list,0,1,0,527063,0
1775706333,2cfa69c9-d3d1-4780-967c-3e5e2ff36998,upload,0,2,0,885715,0
1775740062,c74fcfdf-af81-457e-a423-f6336477d65e,login,0,0,0,1037597,0
1775733752,367f1ba0-3a73-4e8c-8daa-67458bf346b5,download,0,3,0,1283155,0
1775735876,12991671-ea7d-4165-971a-36942f3fa1d2,upload,0,1,0,298933,0
1775719003,0c0ce9ee-9ada-4d72-a3f2-eb9483feabe8,download,0,4,0,797025,0
1775725346,8dfb3116-3ac3-4112-be98-a2662c81ae72,list,0,0,0,1008871,0
1775733808,3f213bee-6235-480e-9e70-d5e80fd9ddc3,download,0,2,0,2595178,0
1775735936,6ced1eb4-5e32-4d6c-8280-0946d4f05bef,list,0,1,0,503494,0
1775714801,2cfa69c9-d3d1-4780-967c-3e5e2ff36998,download,0,4,0,1782276,0
1775729618,4b67bf97-823a-4df1-bde9-f0a99700964b,download,0,3,0,4395834,0
1775744449,2778adb7-8d25-4998-840b-d5914a0c3d4c,download,0,2,0,1295766,0
1775725406,9b308c90-9a9b-4ab3-be08-0ca6d6041471,login,0,0,0,107731,0
1775740249,af8ebf32-c726-48e0-b053-6e07e853a46c,upload,0,2,0,559957,0
1775712706,167a8f34-3eb0-427e-b067-859df37c0547,download,0,1,0,5037274,0
1775708468,b635daa1-ee9f-43f2-9a34-e1d43caad67b,download,0,1,0,1871651,0
1775727568,8f4bb3f7-7f34-4857-9345-cc7b691ec121,upload,0,1,0,916601,0
1775731825,c8fc1656-71fd-4515-acfb-7ef374d44fe6,download,0,5,0,4344514,0
1775744582,ab380f02-12bc-473b-a535-28f832822074,download,1,267,0,384476552,1
1775712726,f33ea619-379b-4fe8-8607-92f27dba7c4a,login,0,1,0,829588,0
1775731864,0a847b66-6bdd-4f6c-9e30-f67be2e768e9,list,0,1,0,783013,0
1775736131,4b67bf97-823a-4df1-bde9-f0a99700964b,list,0,0,0,893348,0
1775721250,9b308c90-9a9b-4ab3-be08-0ca6d6041471,upload,0,0,0,148487,0
1775736161,cfeed54f-cb0f-4fcb-a16f-f26aa8f69416,download,0,3,0,1656304,0
1775746826,032b1a57-8090-46a1-b4e2-919eecba5a54,login,0,1,1,954536,0
1775738322,ae00c3fa-f6d5-419b-8612-52db300d9dd9,upload,0,2,0,734325,0
1775736206,ab380f02-12bc-473b-a535-28f832822074,download,0,295,2,446567940,1
1775744753,fc4fad76-16bc-401b-88b4-73eedb5baf39,upload,0,1,0,688186,0
1775712762,4a209499-fcdb-4d47-9fba-19deb77f4b7b,login,0,0,1,435846,0
1775734116,6ced1eb4-5e32-4d6c-8280-0946d4f05bef,download,0,1,0,3475144,0
1775710634,49dda7ce-0e05-4a40-a128-6349450ff1a6,list,0,2,0,729321,0
1775740555,b49ce9ef-011a-422b-8b81-2506dc0fe127,upload,1,0,0,125465,0
1775732020,7019fef8-eee1-4780-8866-3cf355f39326,login,0,2,1,191979,0
1775744867,9b308c90-9a9b-4ab3-be08-0ca6d6041471,download,0,5,0,4662615,0
1775723486,ace9ed8f-794e-41b0-ab66-c2ba52f19d0f,login,0,1,1,203831,0
1775712790,8f4bb3f7-7f34-4857-9345-cc7b691ec121,list,0,1,0,171451,0
1775736356,6ced1eb4-5e32-4d6c-8280-0946d4f05bef,upload,0,1,0,303692,0
1775719227,e26907cb-e617-4ac2-b726-bea132470922,download,0,4,0,3238902,0
1775721378,8f4bb3f7-7f34-4857-9345-cc7b691ec121,download,0,4,0,3134472,0
1775717096,16220f75-189c-4d49-b1b9-5a289a9f3df4,list,0,0,0,350895,0
1775721394,ad53681e-c36e-4b3f-a8ad-22cf2bd4a765,upload,0,0,0,478780,0
1775745019,ae00c3fa-f6d5-419b-8612-52db300d9dd9,download,0,5,0,2484116,0
1775706374,16220f75-189c-4d49-b1b9-5a289a9f3df4,list,0,0,0,599552,0
1775740759,72e59186-4ee7-4a1e-9d41-155f00e06a95,login,0,2,0,122921,0
1775736476,7019fef8-eee1-4780-8866-3cf355f39326,list,0,1,0,218943,0
1775747246,72e59186-4ee7-4a1e-9d41-155f00e06a95,list,0,2,0,65864,0
1775727898,4a209499-fcdb-4d47-9fba-19deb77f4b7b,login,0,0,0,78578,0
1775714991,eafb92c7-9925-4cf6-9c62-aaf2d611150b,upload,0,1,0,702214,0
1775721458,cfeed54f-cb0f-4fcb-a16f-f26aa8f69416,upload,0,2,0,360551,0
1775730086,bb5a333e-d631-4644-91cc-88c161a23399,list,0,0,0,195461,0
1775727942,ab380f02-12bc-473b-a535-28f832822074,download,0,1,0,225896,0
1775736581,94ebcab9-38b7-432d-8cff-b96fbc75dfcb,upload,0,2,0,660114,0
1775712858,ab380f02-12bc-473b-a535-28f832822074,download,1,56,2,771937206,1
1775732293,ab380f02-12bc-473b-a535-28f832822074,download,1,114,0,666780790,1
1775730146,12991671-ea7d-4165-971a-36942f3fa1d2,download,0,1,0,2692037,0
1775736641,4a209499-fcdb-4d47-9fba-19deb77f4b7b,download,0,3,0,5021967,0
1775723684,94ebcab9-38b7-432d-8cff-b96fbc75dfcb,list,1,2,0,973879,0
1775734508,9e0ad054-903f-4afb-93ab-d3f19bcb3be2,upload,0,2,0,288149,0
1775717210,15dbe71f-eca0-41d6-8a3a-e5fd6d2c2fca,upload,0,1,0,944861,0
1775747526,ab380f02-12bc-473b-a535-28f832822074,download,1,235,0,816767591,1
1775717222,12991671-ea7d-4165-971a-36942f3fa1d2,list,0,0,0,543496,0
1775730230,e26907cb-e617-4ac2-b726-bea132470922,list,0,1,0,1036885,0
1775725906,b49ce9ef-011a-422b-8b81-2506dc0fe127,upload,0,2,0,642922,0
1775715071,b635daa1-ee9f-43f2-9a34-e1d43caad67b,list,0,2,0,563907,0
1775723756,c89fde94-1c9a-4e8a-90a3-c263cb7eb17e,upload,0,0,0,39079,0
1775723765,cfeed54f-cb0f-4fcb-a16f-f26aa8f69416,list,0,0,0,1044364,0
1775745494,167a8f34-3eb0-427e-b067-859df37c0547,list,0,2,0,864323,0
1775717264,16220f75-189c-4d49-b1b9-5a289a9f3df4,login,0,2,1,93377,0
1775734662,15dbe71f-eca0-41d6-8a3a-e5fd6d2c2fca,list,0,2,0,55158,0
1775736851,4a209499-fcdb-4d47-9fba-19deb77f4b7b,list,0,1,0,16952,0
1775708578,032b1a57-8090-46a1-b4e2-919eecba5a54,list,0,1,0,68356,0
1775747766,15dbe71f-eca0-41d6-8a3a-e5fd6d2c2fca,upload,0,2,0,528366,0
1775747786,bf43f002-7707-4271-b479-7bd6660b6627,list,1,1,0,567316,0
1775706405,c89fde94-1c9a-4e8a-90a3-c263cb7eb17e,list,0,0,0,948057,0
1775715126,8f4bb3f7-7f34-4857-9345-cc7b691ec121,login,0,2,1,154018,0
1775730398,25a72f32-e37a-4cab-b3f6-77192fc0aa35,list,0,0,0,1033864,0
1775712954,e26907cb-e617-4ac2-b726-bea132470922,upload,0,1,0,571785,0
1775726056,3797b81a-52e7-4e52-b1c1-6a9fc51bf6c4,upload,0,2,0,810156,0
1775723882,12991671-ea7d-4165-971a-36942f3fa1d2,upload,0,0,0,229175,0
1775743556,94ebcab9-38b7-432d-8cff-b96fbc75dfcb,login,0,2,1,3173,0
1775739202,16220f75-189c-4d49-b1b9-5a289a9f3df4,upload,0,2,0,121837,0
1775715161,167a8f34-3eb0-427e-b067-859df37c0547,download,0,1,0,2807089,0
1775730482,fc4fad76-16bc-401b-88b4-73eedb5baf39,login,0,0,1,989280,0
1775721738,8dfb3116-3ac3-4112-be98-a2662c81ae72,download,0,1,0,3535673,0
1775721746,8dfb3116-3ac3-4112-be98-a2662c81ae72,login,0,0,0,117392,0
1775737091,b49ce9ef-011a-422b-8b81-2506dc0fe127,list,0,1,0,941600,0
1775728338,cc6a7b0a-aac4-45a5-89b8-538fccc1db40,list,0,1,0,372693,0
1775710805,ab380f02-12bc-473b-a535-28f832822074,download,1,155,0,1018247141,1
1775710808,72e59186-4ee7-4a1e-9d41-155f00e06a95,list,0,0,0,365048,0
1775706421,7019fef8-eee1-4780-8866-3cf355f39326,download,0,4,0,4301192,0
1775741558,8dfb3116-3ac3-4112-be98-a2662c81ae72,upload,0,0,0,242671,0
1775734984,0c0ce9ee-9ada-4d72-a3f2-eb9483feabe8,list,0,2,0,621803,0
1775724008,3f213bee-6235-480e-9e70-d5e80fd9ddc3,upload,0,2,0,744981,0
1775735012,2778adb7-8d25-4998-840b-d5914a0c3d4c,upload,0,0,0,168945,0
1775726226,eafb92c7-9925-4cf6-9c62-aaf2d611150b,download,0,3,0,138616,0
1775748246,9e0ad054-903f-4afb-93ab-d3f19bcb3be2,list,0,2,0,855,0
1775732852,24981836-1892-4695-a7ba-6ea35f397c4d,upload,0,2,0,148154,0
1775721850,7019fef8-eee1-4780-8866-3cf355f39326,login,0,1,0,122607,0
1775735082,8f4bb3f7-7f34-4857-9345-cc7b691ec121,login,0,2,1,701743,0
1775737301,94ebcab9-38b7-432d-8cff-b96fbc75dfcb,login,0,2,0,1026717,0
1775724080,167a8f34-3eb0-427e-b067-859df37c0547,upload,0,1,0,433387,0
1775746159,25a72f32-e37a-4cab-b3f6-77192fc0aa35,upload,0,1,0,642276,0
1775710850,ad53681e-c36e-4b3f-a8ad-22cf2bd4a765,list,0,0,0,506003,0
1775728525,16220f75-189c-4d49-b1b9-5a289a9f3df4,download,0,2,0,943717,0
1775746216,c74fcfdf-af81-457e-a423-f6336477d65e,upload,0,0,0,428107,0
1775730758,cc6a7b0a-aac4-45a5-89b8-538fccc1db40,download,0,1,0,4580681,0
1775708650,3e43f9fe-09aa-428c-895e-344049e5f0eb,login,0,0,1,992962,0
1775728569,af8ebf32-c726-48e0-b053-6e07e853a46c,upload,0,1,0,358564,0
1775721938,367f1ba0-3a73-4e8c-8daa-67458bf346b5,upload,0,2,0,578301,0
1775728591,c737d5c8-b53d-4464-a1d2-9e2bd7456966,login,0,1,1,986032,0
1775728602,4bcd6d06-db69-4a40-b976-05c7544a1a2c,list,0,1,0,245221,0
1775710877,3e43f9fe-09aa-428c-895e-344049e5f0eb,download,0,3,0,1530141,0
1775733060,25a72f32-e37a-4cab-b3f6-77192fc0aa35,list,0,2,0,462712,0
1775713102,fc4fad76-16bc-401b-88b4-73eedb5baf39,list,0,0,0,759249,0
1775717546,94ebcab9-38b7-432d-8cff-b96fbc75dfcb,login,0,1,0,932830,0
1775739762,2cfa69c9-d3d1-4780-967c-3e5e2ff36998,download,0,1,0,3101313,0
1775710892,49dda7ce-0e05-4a40-a128-6349450ff1a6,login,0,2,0,43216,0
1775744240,e26907cb-e617-4ac2-b726-bea132470922,upload,0,2,0,837734,0
1775722018,63ed13fc-16ff-4c73-adea-2135300ae355,upload,0,2,0,817901,0
1775710901,16220f75-189c-4d49-b1b9-5a289a9f3df4,upload,0,0,0,82107,0
1775719808,0a847b66-6bdd-4f6c-9e30-f67be2e768e9,login,0,2,0,294574,0
1775717588,2cfa69c9-d3d1-4780-967c-3e5e2ff36998,login,0,0,0,697111,0
1775706454,0c0ce9ee-9ada-4d72-a3f2-eb9483feabe8,login,0,1,1,883952,0
1775713142,25a72f32-e37a-4cab-b3f6-77192fc0aa35,login,0,2,0,52927,0
1775744366,4bcd6d06-db69-4a40-b976-05c7544a1a2c,download,0,2,0,4410388,0
1775710919,af8ebf32-c726-48e0-b053-6e07e853a46c,list,0,0,0,711650,0
1775710922,af8ebf32-c726-48e0-b053-6e07e853a46c,list,0,1,0,1001361,0
1775728789,ae00c3fa-f6d5-419b-8612-52db300d9dd9,download,0,2,0,2758472,0
1775739970,9e0ad054-903f-4afb-93ab-d3f19bcb3be2,login,0,1,1,906011,0
1775719871,3f213bee-6235-480e-9e70-d5e80fd9ddc3,login,0,0,1,773166,0
1775717642,fd0692da-82f4-4c34-a563-b3e73b085db8,upload,0,0,0,514637,0
1775731070,24981836-1892-4695-a7ba-6ea35f397c4d,login,0,1,0,116187,0
1775740034,ace9ed8f-794e-41b0-ab66-c2ba52f19d0f,download,0,5,0,177658,0
1775742289,af8ebf32-c726-48e0-b053-6e07e853a46c,upload,0,2,0,745245,0
1775724386,3797b81a-52e7-4e52-b1c1-6a9fc51bf6c4,download,0,2,0,1926329,0
1775737841,25a72f32-e37a-4cab-b3f6-77192fc0aa35,upload,0,1,0,128379,0
1775735614,fc4fad76-16bc-401b-88b4-73eedb5baf39,list,0,1,0,850907,0
1775724413,24981836-1892-4695-a7ba-6ea35f397c4d,upload,0,2,0,552922,0
1775737886,25a72f32-e37a-4cab-b3f6-77192fc0aa35,upload,0,0,0,36918,0
1775713206,2cfa69c9-d3d1-4780-967c-3e5e2ff36998,list,0,1,0,438622,0
1775710964,4bcd6d06-db69-4a40-b976-05c7544a1a2c,list,0,1,0,510845,0
1775724449,167a8f34-3eb0-427e-b067-859df37c0547,upload,0,0,0,56972,0
1775719962,9b308c90-9a9b-4ab3-be08-0ca6d6041471,download,0,5,0,4956532,0
1775708724,ab380f02-12bc-473b-a535-28f832822074,download,1,311,2,857940631,1
1775719976,ab380f02-12bc-473b-a535-28f832822074,download,1,384,1,820819871,1
1775742493,15dbe71f-eca0-41d6-8a3a-e5fd6d2c2fca,upload,0,0,0,484053,0
1775733502,8f4bb3f7-7f34-4857-9345-cc7b691ec121,download,0,2,0,3345841,0
1775740274,c74fcfdf-af81-457e-a423-f6336477d65e,login,0,1,0,831533,0
1775749306,0a847b66-6bdd-4f6c-9e30-f67be2e768e9,upload,0,2,0,148954,0
1775710991,ae00c3fa-f6d5-419b-8612-52db300d9dd9,list,0,2,0,641414,0
1775735810,0c0ce9ee-9ada-4d72-a3f2-eb9483feabe8,download,0,4,0,3790418,0
1775731310,fd0692da-82f4-4c34-a563-b3e73b085db8,login,0,0,0,925295,0
1775738096,67b0661e-1123-49dd-9aab-466dbffefb05,upload,0,0,0,523199,0
1775724557,ab380f02-12bc-473b-a535-28f832822074,download,1,423,0,542638635,1
1775742646,fd0692da-82f4-4c34-a563-b3e73b085db8,list,0,2,0,371756,0
1775717792,7019fef8-eee1-4780-8866-3cf355f39326,login,0,2,0,247359,0
1775747204,94ebcab9-38b7-432d-8cff-b96fbc75dfcb,list,0,0,0,687389,0
1775729119,ace9ed8f-794e-41b0-ab66-c2ba52f19d0f,download,0,4,0,1402124,0
1775720074,3e43f9fe-09aa-428c-895e-344049e5f0eb,list,0,0,0,54514,0
1775744996,ae00c3fa-f6d5-419b-8612-52db300d9dd9,list,0,2,0,186930,0
1775722354,c74fcfdf-af81-457e-a423-f6336477d65e,list,0,1,0,802842,0
1775713294,6ced1eb4-5e32-4d6c-8280-0946d4f05bef,list,1,2,0,570933,0
1775720102,fd0692da-82f4-4c34-a563-b3e73b085db8,upload,0,1,0,372521,0
1775715571,0c0ce9ee-9ada-4d72-a3f2-eb9483feabe8,list,0,0,0,909833,0
1775749626,49dda7ce-0e05-4a40-a128-6349450ff1a6,login,0,0,1,689033,0
1775726936,9b308c90-9a9b-4ab3-be08-0ca6d6041471,login,0,2,0,600097,0
1775733762,bf43f002-7707-4271-b479-7bd6660b6627,upload,0,0,0,503428,0
1775749686,bf43f002-7707-4271-b479-7bd6660b6627,download,0,4,0,320333,0
1775724692,7019fef8-eee1-4780-8866-3cf355f39326,login,0,2,0,266243,0
1775729251,3797b81a-52e7-4e52-b1c1-6a9fc51bf6c4,upload,0,1,0,551592,0
1775733814,67b0661e-1123-49dd-9aab-466dbffefb05,login,0,1,0,97406,0
1775733827,c74fcfdf-af81-457e-a423-f6336477d65e,list,0,2,0,579244,0
1775706504,4b67bf97-823a-4df1-bde9-f0a99700964b,download,0,3,0,3726489,0
1775713342,15dbe71f-eca0-41d6-8a3a-e5fd6d2c2fca,list,0,1,0,1045066,0
1775717906,25a72f32-e37a-4cab-b3f6-77192fc0aa35,list,0,0,0,540661,0
1775708788,ab380f02-12bc-473b-a535-28f832822074,download,1,84,0,1067813418,1
1775724764,7019fef8-eee1-4780-8866-3cf355f39326,list,0,1,0,245795,0
1775740754,f33ea619-379b-4fe8-8607-92f27dba7c4a,list,0,0,0,1006060,0
1775722498,ae00c3fa-f6d5-419b-8612-52db300d9dd9,upload,0,2,0,219807,0
1775733931,3797b81a-52e7-4e52-b1c1-6a9fc51bf6c4,upload,0,1,0,575837,0
1775736230,4a209499-fcdb-4d47-9fba-19deb77f4b7b,upload,0,0,0,390287,0
1775706513,c8fc1656-71fd-4515-acfb-7ef374d44fe6,login,0,1,0,933576,0
1775731682,e26907cb-e617-4ac2-b726-bea132470922,list,0,0,0,451257,0
1775750006,3e43f9fe-09aa-428c-895e-344049e5f0eb,download,0,3,0,4623705,0
1775733996,3797b81a-52e7-4e52-b1c1-6a9fc51bf6c4,list,0,0,0,367448,0
1775717972,ab380f02-12bc-473b-a535-28f832822074,download,1,189,0,626945535,1
1775736314,6ced1eb4-5e32-4d6c-8280-0946d4f05bef,list,0,0,0,685029,0
1775736328,032b1a57-8090-46a1-b4e2-919eecba5a54,list,0,0,0,813323,0
1775717990,3f213bee-6235-480e-9e70-d5e80fd9ddc3,upload,0,2,0,1037212,0
1775729471,8f4bb3f7-7f34-4857-9345-cc7b691ec121,download,0,1,0,1646492,0
1775747850,ab380f02-12bc-473b-a535-28f832822074,download,0,3,0,3484117,0
1775715711,eafb92c7-9925-4cf6-9c62-aaf2d611150b,login,0,2,1,811452,0
1775750186,8f4bb3f7-7f34-4857-9345-cc7b691ec121,list,0,1,0,57312,0
1775720319,67b0661e-1123-49dd-9aab-466dbffefb05,login,0,0,0,532955,0
1775706526,ab380f02-12bc-473b-a535-28f832822074,download,1,303,0,152176102,1
1775729537,9e0ad054-903f-4afb-93ab-d3f19bcb3be2,download,0,1,0,327211,0
1775711132,67b0661e-1123-49dd-9aab-466dbffefb05,download,0,3,0,3061390,0
1775747983,15dbe71f-eca0-41d6-8a3a-e5fd6d2c2fca,download,0,2,0,3771547,0
1775748002,367f1ba0-3a73-4e8c-8daa-67458bf346b5,login,0,0,0,157297,0
1775715751,ab380f02-12bc-473b-a535-28f832822074,download,1,486,1,707306317,1
1775748040,c89fde94-1c9a-4e8a-90a3-c263cb7eb17e,download,0,3,0,3573142,0
1775722682,fd0692da-82f4-4c34-a563-b3e73b085db8,upload,0,0,0,462007,0
1775741154,ad53681e-c36e-4b3f-a8ad-22cf2bd4a765,login,0,2,0,577803,0
1775715771,63ed13fc-16ff-4c73-adea-2135300ae355,download,0,5,0,4099777,0
1775745806,94ebcab9-38b7-432d-8cff-b96fbc75dfcb,list,0,0,0,752504,0
1775745824,25a72f32-e37a-4cab-b3f6-77192fc0aa35,download,0,4,0,2518216,0
1775738906,0a847b66-6bdd-4f6c-9e30-f67be2e768e9,login,0,1,1,639045,0
1775731982,3797b81a-52e7-4e52-b1c1-6a9fc51bf6c4,download,0,3,0,2552672,0
1775718110,9e93a6a6-b5c3-47bd-9b46-2b2d28bc37f7,upload,0,0,0,807593,0
1775748211,9e0ad054-903f-4afb-93ab-d3f19bcb3be2,upload,0,1,0,896103,0
1775750546,ab380f02-12bc-473b-a535-28f832822074,upload,0,2,0,21864,0
1775720445,167a8f34-3eb0-427e-b067-859df37c0547,login,0,1,1,956367,0
1775738996,7019fef8-eee1-4780-8866-3cf355f39326,download,0,1,0,4172116,0
1775715821,bb5a333e-d631-4644-91cc-88c161a23399,list,0,0,0,821612,0
1775739026,0c0ce9ee-9ada-4d72-a3f2-eb9483feabe8,list,0,1,0,921618,0
1775720473,63ed13fc-16ff-4c73-adea-2135300ae355,download,0,1,0,2462604,0
1775715836,25a72f32-e37a-4cab-b3f6-77192fc0aa35,login,0,1,1,331319,0
1775739071,9e0ad054-903f-4afb-93ab-d3f19bcb3be2,login,0,0,1,118012,0
1775722818,ad53681e-c36e-4b3f-a8ad-22cf2bd4a765,list,0,0,0,343831,0
1775736776,0c0ce9ee-9ada-4d72-a3f2-eb9483feabe8,download,0,4,0,762295,0
1775708878,af8ebf32-c726-48e0-b053-6e07e853a46c,download,1,2,0,2420597,0
1775720515,24981836-1892-4695-a7ba-6ea35f397c4d,download,0,5,0,3521885,0
1775725178,8dfb3116-3ac3-4112-be98-a2662c81ae72,list,0,1,0,864617,0
1775711213,bf43f002-7707-4271-b479-7bd6660b6627,download,0,2,0,972825,0
1775722866,e26907cb-e617-4ac2-b726-bea132470922,download,0,3,0,4157069,0
1775736860,b635daa1-ee9f-43f2-9a34-e1d43caad67b,upload,0,1,0,459886,0
1775706558,4a209499-fcdb-4d47-9fba-19deb77f4b7b,list,0,2,0,793590,0
1775734555,25a72f32-e37a-4cab-b3f6-77192fc0aa35,upload,0,0,0,584577,0
1775720564,c8fc1656-71fd-4515-acfb-7ef374d44fe6,upload,0,0,0,393090,0
1775736916,bb5a333e-d631-4644-91cc-88c161a23399,download,0,2,0,4914503,0
1775711234,c74fcfdf-af81-457e-a423-f6336477d65e,upload,0,1,0,326793,0
1775720585,ab380f02-12bc-473b-a535-28f832822074,login,0,2,1,988770,0
1775746310,0a847b66-6bdd-4f6c-9e30-f67be2e768e9,list,0,2,0,572456,0
1775708904,f33ea619-379b-4fe8-8607-92f27dba7c4a,upload,0,0,0,641301,0
1775713586,3797b81a-52e7-4e52-b1c1-6a9fc51bf6c4,login,0,0,1,973236,0
1775708908,367f1ba0-3a73-4e8c-8daa-67458bf346b5,download,0,2,0,2112509,0
1775737014,3e43f9fe-09aa-428c-895e-344049e5f0eb,upload,0,2,0,360737,0
1775739371,032b1a57-8090-46a1-b4e2-919eecba5a54,login,0,2,1,813149,0
1775737042,0a847b66-6bdd-4f6c-9e30-f67be2e768e9,download,0,1,0,4469972,0
1775744091,f33ea619-379b-4fe8-8607-92f27dba7c4a,download,0,1,0,4303961,0
1775706572,2cfa69c9-d3d1-4780-967c-3e5e2ff36998,download,0,3,0,4514243,0
1775737084,e26907cb-e617-4ac2-b726-bea132470922,list,0,0,0,884228,0
1775713618,cc6a7b0a-aac4-45a5-89b8-538fccc1db40,download,0,3,0,2830656,0
1775723018,15dbe71f-eca0-41d6-8a3a-e5fd6d2c2fca,upload,0,2,0,409105,0
1775708926,2778adb7-8d25-4998-840b-d5914a0c3d4c,login,0,2,1,444339,0
1775711279,15dbe71f-eca0-41d6-8a3a-e5fd6d2c2fca,login,0,1,1,36327,0
1775711282,ab380f02-12bc-473b-a535-28f832822074,download,1,449,0,1043532986,1
1775751286,24981836-1892-4695-a7ba-6ea35f397c4d,download,0,4,0,1222029,0
1775734828,4bcd6d06-db69-4a40-b976-05c7544a1a2c,download,0,3,0,4078167,0
1775739551,15dbe71f-eca0-41d6-8a3a-e5fd6d2c2fca,upload,0,2,0,204921,0
1775737210,367f1ba0-3a73-4e8c-8daa-67458bf346b5,download,0,3,0,73562,0
1775744295,ae00c3fa-f6d5-419b-8612-52db300d9dd9,upload,0,0,0,208167,0
1775723090,3797b81a-52e7-4e52-b1c1-6a9fc51bf6c4,download,0,2,0,3870050,0
1775739611,e26907cb-e617-4ac2-b726-bea132470922,upload,0,0,0,494151,0
1775716026,167a8f34-3eb0-427e-b067-859df37c0547,login,0,0,1,262331,0
1775706587,24981836-1892-4695-a7ba-6ea35f397c4d,download,0,1,0,3504363,0
1775718398,167a8f34-3eb0-427e-b067-859df37c0547,login,0,0,1,80281,0
1775727856,6ced1eb4-5e32-4d6c-8280-0946d4f05bef,upload,0,2,0,64019,0
1775742050,ab380f02-12bc-473b-a535-28f832822074,download,1,191,1,564187834,1
1775737336,367f1ba0-3a73-4e8c-8daa-67458bf346b5,list,0,1,0,266794,0
1775742082,2cfa69c9-d3d1-4780-967c-3e5e2ff36998,login,0,0,1,657961,0
1775751566,2778adb7-8d25-4998-840b-d5914a0c3d4c,login,0,2,1,808500,0
1775739746,24981836-1892-4695-a7ba-6ea35f397c4d,login,0,0,1,863197,0
1775718440,fd0692da-82f4-4c34-a563-b3e73b085db8,list,0,0,0,437592,0
1775711336,9b308c90-9a9b-4ab3-be08-0ca6d6041471,list,0,2,0,1008357,0
1775716081,94ebcab9-38b7-432d-8cff-b96fbc75dfcb,list,0,2,0,614709,0
1775716086,6ced1eb4-5e32-4d6c-8280-0946d4f05bef,login,0,0,1,617372,0
1775742194,8f4bb3f7-7f34-4857-9345-cc7b691ec121,list,0,2,0,732835,0
1775730340,25a72f32-e37a-4cab-b3f6-77192fc0aa35,login,0,2,1,537513,0
1775718476,3f213bee-6235-480e-9e70-d5e80fd9ddc3,download,0,5,0,3762652,0
1775732738,fd0692da-82f4-4c34-a563-b3e73b085db8,login,0,0,0,300264,0
1775725619,0c0ce9ee-9ada-4d72-a3f2-eb9483feabe8,list,0,0,0,64377,0
1775723250,b49ce9ef-011a-422b-8b81-2506dc0fe127,list,0,2,0,785031,0
1775718500,7019fef8-eee1-4780-8866-3cf355f39326,download,0,2,0,221725,0
1775713746,2cfa69c9-d3d1-4780-967c-3e5e2ff36998,list,0,0,0,663882,0
1775730417,63ed13fc-16ff-4c73-adea-2135300ae355,list,0,0,0,947008,0
1775720900,4a209499-fcdb-4d47-9fba-19deb77f4b7b,upload,0,2,0,768352,0
1775716141,c8fc1656-71fd-4515-acfb-7ef374d44fe6,list,0,0,0,666558,0
1775723298,16220f75-189c-4d49-b1b9-5a289a9f3df4,login,0,2,1,843223,0
1775723306,8f4bb3f7-7f34-4857-9345-cc7b691ec121,login,0,2,1,323159,0
1775713770,7019fef8-eee1-4780-8866-3cf355f39326,login,0,2,1,213988,0
1775744805,63ed13fc-16ff-4c73-adea-2135300ae355,upload,0,1,0,269476,0
1775749598,ab380f02-12bc-473b-a535-28f832822074,download,1,479,1,921621753,1
1775742450,fc4fad76-16bc-401b-88b4-73eedb5baf39,list,0,2,0,859720,0
1775735296,25a72f32-e37a-4cab-b3f6-77192fc0aa35,login,0,0,0,467127,0
1775744873,94ebcab9-38b7-432d-8cff-b96fbc75dfcb,list,0,0,0,357803,0
1775713794,fd0692da-82f4-4c34-a563-b3e73b085db8,list,0,0,0,646063,0
1775744907,c8fc1656-71fd-4515-acfb-7ef374d44fe6,login,0,2,0,276508,0
1775713802,ae00c3fa-f6d5-419b-8612-52db300d9dd9,list,0,0,0,615648,0
1775725781,fc4fad76-16bc-401b-88b4-73eedb5baf39,upload,0,0,0,707016,0
1775742562,49dda7ce-0e05-4a40-a128-6349450ff1a6,download,0,4,0,3978279,0
1775713814,ace9ed8f-794e-41b0-ab66-c2ba52f19d0f,login,0,2,0,285430,0
1775713818,8f4bb3f7-7f34-4857-9345-cc7b691ec121,login,0,0,1,870329,0
1775740211,ab380f02-12bc-473b-a535-28f832822074,download,1,444,0,124461804,1
1775706626,ab380f02-12bc-473b-a535-28f832822074,upload,0,0,0,387535,0
1775706627,8f4bb3f7-7f34-4857-9345-cc7b691ec121,list,0,2,0,53827,0
1775749864,4a209499-fcdb-4d47-9fba-19deb77f4b7b,upload,0,2,0,84866,0
1775728256,8dfb3116-3ac3-4112-be98-a2662c81ae72,list,0,2,0,732956,0
1775728266,12991671-ea7d-4165-971a-36942f3fa1d2,download,0,3,0,1053039,0
1775740301,c89fde94-1c9a-4e8a-90a3-c263cb7eb17e,upload,0,2,0,154397,0
1775713850,4bcd6d06-db69-4a40-b976-05c7544a1a2c,list,0,0,0,511835,0
1775742738,9b308c90-9a9b-4ab3-be08-0ca6d6041471,login,0,0,1,93415,0
1775706634,2cfa69c9-d3d1-4780-967c-3e5e2ff36998,list,0,0,0,218150,0
1775745179,af8ebf32-c726-48e0-b053-6e07e853a46c,list,0,2,0,749896,0
1775723506,6ced1eb4-5e32-4d6c-8280-0946d4f05bef,login,0,0,0,64649,0
1775750035,3f213bee-6235-480e-9e70-d5e80fd9ddc3,upload,0,0,0,468494,0
1775747642,b635daa1-ee9f-43f2-9a34-e1d43caad67b,upload,0,0,0,1015836,0
1775735595,9b308c90-9a9b-4ab3-be08-0ca6d6041471,upload,0,0,0,937872,0
1775733194,c74fcfdf-af81-457e-a423-f6336477d65e,list,0,0,0,568577,0
1775740451,9e93a6a6-b5c3-47bd-9b46-2b2d28bc37f7,login,1,1,1,51048,0
1775728386,94ebcab9-38b7-432d-8cff-b96fbc75dfcb,upload,0,2,0,580855,0
1775745315,63ed13fc-16ff-4c73-adea-2135300ae355,list,0,2,0,394497,0
1775706644,7019fef8-eee1-4780-8866-3cf355f39326,download,0,5,0,4160835,0
1775706645,8f4bb3f7-7f34-4857-9345-cc7b691ec121,login,0,1,0,177549,0
1775713906,fc4fad76-16bc-401b-88b4-73eedb5baf39,login,0,0,0,227794,0
1775747804,25a72f32-e37a-4cab-b3f6-77192fc0aa35,upload,0,2,0,36735,0
1775750244,b635daa1-ee9f-43f2-9a34-e1d43caad67b,download,0,1,0,264376,0
1775733302,ab380f02-12bc-473b-a535-28f832822074,download,1,330,2,159232095,1
1775750282,167a8f34-3eb0-427e-b067-859df37c0547,download,0,2,0,1933725,0
1775747876,72e59186-4ee7-4a1e-9d41-155f00e06a95,upload,0,1,0,748959,0
1775730912,b49ce9ef-011a-422b-8b81-2506dc0fe127,upload,0,0,0,1002224,0
1775735777,eafb92c7-9925-4cf6-9c62-aaf2d611150b,list,0,0,0,986058,0
1775706654,3f213bee-6235-480e-9e70-d5e80fd9ddc3,download,0,2,0,2118043,0
1775718800,c8fc1656-71fd-4515-acfb-7ef374d44fe6,download,0,5,0,2470306,0
1775735816,e26907cb-e617-4ac2-b726-bea132470922,list,0,1,0,941371,0
1775711519,367f1ba0-3a73-4e8c-8daa-67458bf346b5,list,0,1,0,727054,0
1775706658,25a72f32-e37a-4cab-b3f6-77192fc0aa35,login,0,2,1,381798,0
1775750453,cc6a7b0a-aac4-45a5-89b8-538fccc1db40,download,0,4,0,1430976,0
1775745604,e26907cb-e617-4ac2-b726-bea132470922,login,0,2,1,521929,0
1775738316,f33ea619-379b-4fe8-8607-92f27dba7c4a,list,0,2,0,130159,0
1775743202,6ced1eb4-5e32-4d6c-8280-0946d4f05bef,list,0,2,0,51536,0
1775738344,3e43f9fe-09aa-428c-895e-344049e5f0eb,login,0,0,0,432217,0
1775735920,c89fde94-1c9a-4e8a-90a3-c263cb7eb17e,upload,0,2,0,629752,0
1775738372,16220f75-189c-4d49-b1b9-5a289a9f3df4,download,0,4,0,1835956,0
1775748146,b49ce9ef-011a-422b-8b81-2506dc0fe127,upload,0,1,0,804092,0
1775726195,cfeed54f-cb0f-4fcb-a16f-f26aa8f69416,list,0,2,0,503851,0
1775721320,c8fc1656-71fd-4515-acfb-7ef374d44fe6,login,0,1,0,635769,0
1775753086,fc4fad76-16bc-401b-88b4-73eedb5baf39,login,0,0,1,962623,0
1775723778,6ced1eb4-5e32-4d6c-8280-0946d4f05bef,login,0,2,0,238123,0
1775723786,2cfa69c9-d3d1-4780-967c-3e5e2ff36998,list,0,0,0,459261,0
1775736024,ab380f02-12bc-473b-a535-28f832822074,download,1,2,0,930527,0
1775714014,4a209499-fcdb-4d47-9fba-19deb77f4b7b,download,0,4,0,4219715,0
1775748290,9e0ad054-903f-4afb-93ab-d3f19bcb3be2,list,0,1,0,255331,0
1775716471,2778adb7-8d25-4998-840b-d5914a0c3d4c,download,1,5,0,1203992,0
1775706676,ae00c3fa-f6d5-419b-8612-52db300d9dd9,upload,0,0,0,47362,0
1775736089,cc6a7b0a-aac4-45a5-89b8-538fccc1db40,download,0,3,0,4018734,0
1775706678,af8ebf32-c726-48e0-b053-6e07e853a46c,upload,0,2,0,266965,0
1775723850,b635daa1-ee9f-43f2-9a34-e1d43caad67b,list,0,0,0,651755,0
1775731220,2778adb7-8d25-4998-840b-d5914a0c3d4c,download,0,3,0,1292001,0
1775709136,72e59186-4ee7-4a1e-9d41-155f00e06a95,login,0,1,0,120646,0
1775723874,9e93a6a6-b5c3-47bd-9b46-2b2d28bc37f7,upload,0,0,0,403061,0
1775723882,16220f75-189c-4d49-b1b9-5a289a9f3df4,download,0,4,0,4051504,0
1775753386,8f4bb3f7-7f34-4857-9345-cc7b691ec121,list,0,0,0,600287,0
1775716521,eafb92c7-9925-4cf6-9c62-aaf2d611150b,login,0,0,0,684665,0
1775709146,67b0661e-1123-49dd-9aab-466dbffefb05,list,0,1,0,454940,0
1775750985,fc4fad76-16bc-401b-88b4-73eedb5baf39,upload,0,0,0,753158,0
1775728846,bf43f002-7707-4271-b479-7bd6660b6627,download,0,2,0,1294570,0
1775726393,24981836-1892-4695-a7ba-6ea35f397c4d,login,0,2,0,372097,0
1775736258,7019fef8-eee1-4780-8866-3cf355f39326,download,0,3,0,5015723,0
1775751061,ace9ed8f-794e-41b0-ab66-c2ba52f19d0f,login,0,1,1,818818,0
1775753546,9b308c90-9a9b-4ab3-be08-0ca6d6041471,upload,0,2,0,310391,0
1775719028,ae00c3fa-f6d5-419b-8612-52db300d9dd9,login,0,0,0,548359,0
1775746182,fd0692da-82f4-4c34-a563-b3e73b085db8,upload,0,2,0,799468,0
1775736323,8f4bb3f7-7f34-4857-9345-cc7b691ec121,list,0,2,0,242756,0
1775751156,bf43f002-7707-4271-b479-7bd6660b6627,list,0,0,0,624538,0
1775736349,b49ce9ef-011a-422b-8b81-2506dc0fe127,login,0,1,0,551858,0
1775751194,3f213bee-6235-480e-9e70-d5e80fd9ddc3,upload,0,1,0,831623,0
1775731429,72e59186-4ee7-4a1e-9d41-155f00e06a95,download,0,2,0,4901985,0
1775724018,6ced1eb4-5e32-4d6c-8280-0946d4f05bef,upload,0,2,0,863307,0
1775733926,b49ce9ef-011a-422b-8b81-2506dc0fe127,login,0,1,0,209472,0
1775726510,f33ea619-379b-4fe8-8607-92f27dba7c4a,upload,0,0,0,565362,0
1775721565,16220f75-189c-4d49-b1b9-5a289a9f3df4,list,0,0,0,747206,0
1775724050,94ebcab9-38b7-432d-8cff-b96fbc75dfcb,upload,0,1,0,562140,0
1775751327,ab380f02-12bc-473b-a535-28f832822074,download,0,2,0,2307522,0
1775746386,3e43f9fe-09aa-428c-895e-344049e5f0eb,list,0,0,0,234622,0
1775746403,f33ea619-379b-4fe8-8607-92f27dba7c4a,login,0,0,1,733496,0
1775724082,3e43f9fe-09aa-428c-895e-344049e5f0eb,upload,0,1,0,370024,0
1775743954,67b0661e-1123-49dd-9aab-466dbffefb05,login,0,0,1,875782,0
1775726582,e26907cb-e617-4ac2-b726-bea132470922,list,0,2,0,276590,0
1775724106,bb5a333e-d631-4644-91cc-88c161a23399,upload,0,0,0,953001,0
1775736544,6ced1eb4-5e32-4d6c-8280-0946d4f05bef,upload,0,1,0,567717,0
1775746505,c8fc1656-71fd-4515-acfb-7ef374d44fe6,list,0,2,0,161846,0
1775736570,c74fcfdf-af81-457e-a423-f6336477d65e,download,0,1,0,1915118,0
1775746539,032b1a57-8090-46a1-b4e2-919eecba5a54,list,0,2,0,268789,0
1775746556,ace9ed8f-794e-41b0-ab66-c2ba52f19d0f,list,0,1,0,570830,0
1775734118,bb5a333e-d631-4644-91cc-88c161a23399,list,0,1,0,3590,0
1775736622,3797b81a-52e7-4e52-b1c1-6a9fc51bf6c4,login,0,0,0,871316,0
1775706719,c74fcfdf-af81-457e-a423-f6336477d65e,login,0,0,1,521525,0
1775726672,367f1ba0-3a73-4e8c-8daa-67458bf346b5,login,0,2,1,754449,0
1775751631,72e59186-4ee7-4a1e-9d41-155f00e06a95,list,0,2,0,293805,0
1775711714,3f213bee-6235-480e-9e70-d5e80fd9ddc3,download,0,1,0,3395531,0
1775741681,72e59186-4ee7-4a1e-9d41-155f00e06a95,list,0,1,0,174779,0
1775746692,eafb92c7-9925-4cf6-9c62-aaf2d611150b,download,0,1,0,4588882,0
1775731715,e26907cb-e617-4ac2-b726-bea132470922,login,0,0,1,857155,0
1775726726,bf43f002-7707-4271-b479-7bd6660b6627,login,0,2,0,263840,0
1775749244,0c0ce9ee-9ada-4d72-a3f2-eb9483feabe8,upload,0,1,0,506419,0
1775716736,fc4fad76-16bc-401b-88b4-73eedb5baf39,login,0,2,0,114531,0
1775706729,bf43f002-7707-4271-b479-7bd6660b6627,login,0,2,1,745614,0
1775741786,15dbe71f-eca0-41d6-8a3a-e5fd6d2c2fca,upload,0,0,0,617476,0
1775724266,bb5a333e-d631-4644-91cc-88c161a23399,upload,0,0,0,497252,0
1775729286,4a209499-fcdb-4d47-9fba-19deb77f4b7b,list,0,0,0,993542,0
1775724282,3f213bee-6235-480e-9e70-d5e80fd9ddc3,upload,0,2,0,279536,0
1775731814,9e0ad054-903f-4afb-93ab-d3f19bcb3be2,login,0,2,1,888278,0
1775731825,6ced1eb4-5e32-4d6c-8280-0946d4f05bef,download,0,2,0,487383,0
1775749406,cc6a7b0a-aac4-45a5-89b8-538fccc1db40,list,0,1,0,569316,0
1775746913,8dfb3116-3ac3-4112-be98-a2662c81ae72,list,0,0,0,464848,0
1775754466,2cfa69c9-d3d1-4780-967c-3e5e2ff36998,login,0,0,0,762544,0
1775744434,67b0661e-1123-49dd-9aab-466dbffefb05,list,0,2,0,652910,0
1775726852,ab380f02-12bc-473b-a535-28f832822074,download,0,1,0,2864913,0
1775736921,3e43f9fe-09aa-428c-895e-344049e5f0eb,download,0,4,0,3216438,0
1775736934,ab380f02-12bc-473b-a535-28f832822074,upload,0,0,0,392127,0
1775711777,4b67bf97-823a-4df1-bde9-f0a99700964b,login,0,1,1,528299,0
1775747032,cfeed54f-cb0f-4fcb-a16f-f26aa8f69416,list,0,0,0,91934,0
1775754606,af8ebf32-c726-48e0-b053-6e07e853a46c,download,0,5,0,4142248,0
1775706746,24981836-1892-4695-a7ba-6ea35f397c4d,download,0,2,0,3181544,0
1775747083,16220f75-189c-4d49-b1b9-5a289a9f3df4,login,0,2,1,608398,0
1775737012,fd0692da-82f4-4c34-a563-b3e73b085db8,upload,0,1,0,310692,0
1775749640,12991671-ea7d-4165-971a-36942f3fa1d2,upload,0,0,0,339657,0
1775752182,ace9ed8f-794e-41b0-ab66-c2ba52f19d0f,upload,0,1,0,383425,0
1775729476,67b0661e-1123-49dd-9aab-466dbffefb05,list,0,2,0,862286,0
1775721908,367f1ba0-3a73-4e8c-8daa-67458bf346b5,upload,0,2,0,801495,0
1775726969,49dda7ce-0e05-4a40-a128-6349450ff1a6,download,0,1,0,2384735,0
1775752258,ab380f02-12bc-473b-a535-28f832822074,download,0,118,2,627009687,1
1775711813,4bcd6d06-db69-4a40-b976-05c7544a1a2c,list,0,2,0,995263,0
1775747236,c89fde94-1c9a-4e8a-90a3-c263cb7eb17e,login,0,0,1,387950,0
1775721943,167a8f34-3eb0-427e-b067-859df37c0547,download,0,4,0,2361735,0
1775732078,4b67bf97-823a-4df1-bde9-f0a99700964b,download,0,4,0,931903,0
1775729556,72e59186-4ee7-4a1e-9d41-155f00e06a95,login,0,1,0,33930,0
1775711828,032b1a57-8090-46a1-b4e2-919eecba5a54,download,0,3,0,4713591,0
1775752391,af8ebf32-c726-48e0-b053-6e07e853a46c,list,0,0,0,781811,0
1775721978,2778adb7-8d25-4998-840b-d5914a0c3d4c,list,0,0,0,409265,0
1775706763,ab380f02-12bc-473b-a535-28f832822074,download,1,315,1,139301575,1
1775709302,ab380f02-12bc-473b-a535-28f832822074,download,1,155,0,928789690,1
1775732155,fc4fad76-16bc-401b-88b4-73eedb5baf39,list,0,0,0,633922,0
1775709306,ab380f02-12bc-473b-a535-28f832822074,download,1,288,2,775233548,1
1775755046,4b67bf97-823a-4df1-bde9-f0a99700964b,list,0,0,0,200385,0
1775755066,bf43f002-7707-4271-b479-7bd6660b6627,list,0,1,0,698070,0
1775706769,3f213bee-6235-480e-9e70-d5e80fd9ddc3,list,0,0,0,678376,0
1775755106,eafb92c7-9925-4cf6-9c62-aaf2d611150b,list,0,2,0,261270,0
1775727131,e26907cb-e617-4ac2-b726-bea132470922,list,0,1,0,1025830,0
1775724594,bb5a333e-d631-4644-91cc-88c161a23399,login,0,1,1,423832,0
1775729696,0a847b66-6bdd-4f6c-9e30-f67be2e768e9,download,0,5,0,324557,0
1775750090,2cfa69c9-d3d1-4780-967c-3e5e2ff36998,upload,0,0,0,823787,0
1775724618,ace9ed8f-794e-41b0-ab66-c2ba52f19d0f,login,0,1,1,191125,0
1775714426,16220f75-189c-4d49-b1b9-5a289a9f3df4,upload,0,2,0,459243,0
1775729736,f33ea619-379b-4fe8-8607-92f27dba7c4a,upload,0,2,0,722936,0
1775724642,032b1a57-8090-46a1-b4e2-919eecba5a54,upload,0,0,0,1003846,0
1775716991,c74fcfdf-af81-457e-a423-f6336477d65e,list,0,2,0,396857,0
1775706780,0a847b66-6bdd-4f6c-9e30-f67be2e768e9,download,0,1,0,3754540,0
1775729776,24981836-1892-4695-a7ba-6ea35f397c4d,login,0,1,0,841032,0
1775734898,fd0692da-82f4-4c34-a563-b3e73b085db8,list,0,1,0,290955,0
1775711897,7019fef8-eee1-4780-8866-3cf355f39326,upload,0,0,0,877325,0
1775740038,3e43f9fe-09aa-428c-895e-344049e5f0eb,login,0,0,1,818886,0
1775719580,e26907cb-e617-4ac2-b726-bea132470922,upload,0,2,0,610541,0
1775750306,c89fde94-1c9a-4e8a-90a3-c263cb7eb17e,login,0,0,1,389034,0
1775724714,cc6a7b0a-aac4-45a5-89b8-538fccc1db40,list,0,2,0,821619,0
1775729846,367f1ba0-3a73-4e8c-8daa-67458bf346b5,upload,0,2,0,427563,0
1775747797,ab380f02-12bc-473b-a535-28f832822074,download,1,71,1,588935633,1
1775742686,e26907cb-e617-4ac2-b726-bea132470922,upload,0,2,0,760831,0
1775735006,6ced1eb4-5e32-4d6c-8280-0946d4f05bef,download,0,4,0,3983103,0
1775735018,fc4fad76-16bc-401b-88b4-73eedb5baf39,upload,0,1,0,317479,0
1775714494,3f213bee-6235-480e-9e70-d5e80fd9ddc3,download,0,1,0,4708660,0
1775729906,cfeed54f-cb0f-4fcb-a16f-f26aa8f69416,upload,0,2,0,582809,0
1775742761,6ced1eb4-5e32-4d6c-8280-0946d4f05bef,download,0,3,0,2686923,0
1775722216,af8ebf32-c726-48e0-b053-6e07e853a46c,login,0,2,0,801594,0
1775747933,2778adb7-8d25-4998-840b-d5914a0c3d4c,list,0,0,0,367797,0
1775742806,16220f75-189c-4d49-b1b9-5a289a9f3df4,download,0,2,0,1143945,0
1775742821,af8ebf32-c726-48e0-b053-6e07e853a46c,upload,0,0,0,650532,0
1775714522,bb5a333e-d631-4644-91cc-88c161a23399,login,0,2,0,224662,0
1775755726,af8ebf32-c726-48e0-b053-6e07e853a46c,download,0,2,0,2261145,0
1775706802,3797b81a-52e7-4e52-b1c1-6a9fc51bf6c4,list,0,0,0,38944,0
1775735150,167a8f34-3eb0-427e-b067-859df37c0547,login,0,2,1,549363,0
1775727428,15dbe71f-eca0-41d6-8a3a-e5fd6d2c2fca,list,0,2,0,22284,0
1775732595,4a209499-fcdb-4d47-9fba-19deb77f4b7b,list,0,1,0,127166,0
1775732606,c89fde94-1c9a-4e8a-90a3-c263cb7eb17e,login,0,2,0,719551,0
1775709388,2778adb7-8d25-4998-840b-d5914a0c3d4c,login,0,1,1,753762,0
1775730046,bf43f002-7707-4271-b479-7bd6660b6627,upload,0,2,0,157558,0
1775706809,cc6a7b0a-aac4-45a5-89b8-538fccc1db40,download,0,3,0,713302,0
1775730066,e26907cb-e617-4ac2-b726-bea132470922,download,0,3,0,1061289,0
1775735246,4a209499-fcdb-4d47-9fba-19deb77f4b7b,download,0,3,0,3645492,0
1775743016,367f1ba0-3a73-4e8c-8daa-67458bf346b5,upload,0,1,0,627899,0
1775745618,ace9ed8f-794e-41b0-ab66-c2ba52f19d0f,login,0,0,0,915483,0
1775706814,8dfb3116-3ac3-4112-be98-a2662c81ae72,download,0,3,0,4863568,0
1775740472,b49ce9ef-011a-422b-8b81-2506dc0fe127,list,0,0,0,14741,0
1775711996,eafb92c7-9925-4cf6-9c62-aaf2d611150b,login,0,0,0,230523,0
1775735318,c8fc1656-71fd-4515-acfb-7ef374d44fe6,list,0,2,0,885954,0
1775714594,fc4fad76-16bc-401b-88b4-73eedb5baf39,login,0,2,0,713707,0
1775753493,4bcd6d06-db69-4a40-b976-05c7544a1a2c,upload,0,1,0,485896,0
1775709414,24981836-1892-4695-a7ba-6ea35f397c4d,download,0,5,0,2991046,0
1775740556,ab380f02-12bc-473b-a535-28f832822074,download,1,104,2,627545307,1
1775714610,2cfa69c9-d3d1-4780-967c-3e5e2ff36998,upload,0,0,0,658484,0
1775750972,ace9ed8f-794e-41b0-ab66-c2ba52f19d0f,download,0,2,0,2391181,0
1775709422,2cfa69c9-d3d1-4780-967c-3e5e2ff36998,download,0,3,0,2434568,0
1775743211,0a847b66-6bdd-4f6c-9e30-f67be2e768e9,login,0,1,1,831528,0
1775748426,9e93a6a6-b5c3-47bd-9b46-2b2d28bc37f7,list,0,1,0,89963,0
1775730236,63ed13fc-16ff-4c73-adea-2135300ae355,upload,0,2,0,438867,0
1775727644,9b308c90-9a9b-4ab3-be08-0ca6d6041471,list,0,0,0,855512,0
1775730256,12991671-ea7d-4165-971a-36942f3fa1d2,download,0,4,0,4937226,0
1775719850,72e59186-4ee7-4a1e-9d41-155f00e06a95,login,0,1,0,299645,0
1775717251,af8ebf32-c726-48e0-b053-6e07e853a46c,login,0,2,1,470714,0
1775709438,2778adb7-8d25-4998-840b-d5914a0c3d4c,upload,0,0,0,583258,0
1775740724,8f4bb3f7-7f34-4857-9345-cc7b691ec121,list,0,0,0,84474,0
1775748562,ae00c3fa-f6d5-419b-8612-52db300d9dd9,upload,0,1,0,364083,0
1775756406,4a209499-fcdb-4d47-9fba-19deb77f4b7b,upload,0,1,0,416657,0
1775725106,15dbe71f-eca0-41d6-8a3a-e5fd6d2c2fca,upload,0,1,0,653756,0
1775740780,9e0ad054-903f-4afb-93ab-d3f19bcb3be2,download,0,5,0,3601345,0
1775725122,ab380f02-12bc-473b-a535-28f832822074,download,1,215,0,771751391,1
1775727743,4b67bf97-823a-4df1-bde9-f0a99700964b,list,0,2,0,112160,0
1775712068,24981836-1892-4695-a7ba-6ea35f397c4d,download,0,4,0,1478848,0
1775753911,af8ebf32-c726-48e0-b053-6e07e853a46c,login,0,2,0,198254,0
1775740850,c737d5c8-b53d-4464-a1d2-9e2bd7456966,login,0,1,0,295249,0
1775748715,3797b81a-52e7-4e52-b1c1-6a9fc51bf6c4,list,0,2,0,1047959,0
1775748732,ab380f02-12bc-473b-a535-28f832822074,login,0,0,0,97823,0
1775722559,2778adb7-8d25-4998-840b-d5914a0c3d4c,login,0,0,0,933255,0
1775735666,ab380f02-12bc-473b-a535-28f832822074,list,0,1,0,418465,0
1775756646,4a209499-fcdb-4d47-9fba-19deb77f4b7b,upload,0,2,0,208234,0
1775722580,16220f75-189c-4d49-b1b9-5a289a9f3df4,upload,0,0,0,300934,0
1775746194,7019fef8-eee1-4780-8866-3cf355f39326,upload,0,2,0,834075,0
1775743586,4b67bf97-823a-4df1-bde9-f0a99700964b,login,0,2,0,236798,0
1775740976,ab380f02-12bc-473b-a535-28f832822074,list,0,1,0,846635,0
1775748868,25a72f32-e37a-4cab-b3f6-77192fc0aa35,list,0,2,0,251209,0
1775754139,3f213bee-6235-480e-9e70-d5e80fd9ddc3,list,0,2,0,268338,0
1775730506,16220f75-189c-4d49-b1b9-5a289a9f3df4,login,0,2,1,976517,0
1775743661,0a847b66-6bdd-4f6c-9e30-f67be2e768e9,login,0,0,0,349904,0
1775741046,67b0661e-1123-49dd-9aab-466dbffefb05,download,0,1,0,3556534,0
1775743691,167a8f34-3eb0-427e-b067-859df37c0547,upload,0,0,0,72255,0
1775754234,bb5a333e-d631-4644-91cc-88c161a23399,download,0,5,0,4047689,0
1775725290,fd0692da-82f4-4c34-a563-b3e73b085db8,list,0,2,0,137150,0
1775709494,e26907cb-e617-4ac2-b726-bea132470922,download,0,1,0,525154,0
1775727941,ace9ed8f-794e-41b0-ab66-c2ba52f19d0f,login,0,2,0,537374,0
1775714770,49dda7ce-0e05-4a40-a128-6349450ff1a6,upload,0,1,0,305620,0
1775714774,ab380f02-12bc-473b-a535-28f832822074,download,1,157,0,734336049,1
1775706864,8f4bb3f7-7f34-4857-9345-cc7b691ec121,login,1,0,1,635896,0
1775746450,3f213bee-6235-480e-9e70-d5e80fd9ddc3,upload,0,2,0,729217,0
1775743826,9e93a6a6-b5c3-47bd-9b46-2b2d28bc37f7,login,0,1,0,938070,0
1775712149,fd0692da-82f4-4c34-a563-b3e73b085db8,list,0,0,0,130553,0
1775754424,9b308c90-9a9b-4ab3-be08-0ca6d6041471,list,0,2,0,327009,0
1775743871,3f213bee-6235-480e-9e70-d5e80fd9ddc3,login,0,1,1,682784,0
1775725378,c74fcfdf-af81-457e-a423-f6336477d65e,login,0,2,1,400813,0
1775722741,bf43f002-7707-4271-b479-7bd6660b6627,download,0,5,0,574598,0
1775720102,ad53681e-c36e-4b3f-a8ad-22cf2bd4a765,upload,0,1,0,600336,0
1775746578,c8fc1656-71fd-4515-acfb-7ef374d44fe6,upload,0,2,0,99383,0
1775746594,bf43f002-7707-4271-b479-7bd6660b6627,list,0,1,0,964329,0
1775749259,67b0661e-1123-49dd-9aab-466dbffefb05,upload,0,0,0,958017,0
1775749276,fc4fad76-16bc-401b-88b4-73eedb5baf39,login,0,2,0,696061,0
1775757246,7019fef8-eee1-4780-8866-3cf355f39326,download,0,4,0,4582036,0
1775730746,fc4fad76-16bc-401b-88b4-73eedb5baf39,list,0,2,0,586974,0
1775757286,0a847b66-6bdd-4f6c-9e30-f67be2e768e9,download,0,5,0,1039371,0
1775757306,2cfa69c9-d3d1-4780-967c-3e5e2ff36998,upload,0,2,0,703006,0
1775741396,367f1ba0-3a73-4e8c-8daa-67458bf346b5,download,0,2,0,2524357,0
1775741410,12991671-ea7d-4165-971a-36942f3fa1d2,list,0,2,0,692551,0
1775749395,c8fc1656-71fd-4515-acfb-7ef374d44fe6,download,0,1,0,1945464,0
1775717516,b49ce9ef-011a-422b-8b81-2506dc0fe127,login,0,0,0,169471,0
1775757406,15dbe71f-eca0-41d6-8a3a-e5fd6d2c2fca,login,0,0,1,604883,0
1775712206,3f213bee-6235-480e-9e70-d5e80fd9ddc3,list,1,0,0,539575,0
1775712209,c89fde94-1c9a-4e8a-90a3-c263cb7eb17e,upload,0,2,0,910454,0
1775733508,72e59186-4ee7-4a1e-9d41-155f00e06a95,upload,0,0,0,83012,0
1775717541,67b0661e-1123-49dd-9aab-466dbffefb05,login,0,2,0,105749,0
1775725538,25a72f32-e37a-4cab-b3f6-77192fc0aa35,upload,0,2,0,492433,0
1775733541,2cfa69c9-d3d1-4780-967c-3e5e2ff36998,upload,0,2,0,338111,0
1775744216,eafb92c7-9925-4cf6-9c62-aaf2d611150b,list,0,2,0,72179,0
1775717561,c8fc1656-71fd-4515-acfb-7ef374d44fe6,upload,0,1,0,47371,0
1775720234,cfeed54f-cb0f-4fcb-a16f-f26aa8f69416,list,0,1,0,775711,0
1775717571,16220f75-189c-4d49-b1b9-5a289a9f3df4,upload,0,2,0,657376,0
1775754956,25a72f32-e37a-4cab-b3f6-77192fc0aa35,list,0,2,0,220740,0
1775752304,4b67bf97-823a-4df1-bde9-f0a99700964b,list,0,1,0,461564,0
1775728274,3797b81a-52e7-4e52-b1c1-6a9fc51bf6c4,upload,0,1,0,187647,0
1775706899,032b1a57-8090-46a1-b4e2-919eecba5a54,download,0,5,0,3139668,0
1775730966,8f4bb3f7-7f34-4857-9345-cc7b691ec121,list,0,0,0,998102,0
1775755051,4a209499-fcdb-4d47-9fba-19deb77f4b7b,list,0,0,0,404564,0
1775730986,72e59186-4ee7-4a1e-9d41-155f00e06a95,download,0,2,0,2386414,0
1775757766,9e93a6a6-b5c3-47bd-9b46-2b2d28bc37f7,list,0,0,0,446999,0
1775712260,c737d5c8-b53d-4464-a1d2-9e2bd7456966,list,0,1,0,200891,0
1775731016,c737d5c8-b53d-4464-a1d2-9e2bd7456966,upload,0,1,0,963002,0
1775722986,12991671-ea7d-4165-971a-36942f3fa1d2,download,0,2,0,3424717,0
1775749803,2cfa69c9-d3d1-4780-967c-3e5e2ff36998,login,0,0,0,439129,0
1775757866,032b1a57-8090-46a1-b4e2-919eecba5a54,list,0,0,0,64915,0
1775752520,16220f75-189c-4d49-b1b9-5a289a9f3df4,login,0,0,0,147532,0
1775757906,ace9ed8f-794e-41b0-ab66-c2ba52f19d0f,upload,0,2,0,406833,0
1775752556,8dfb3116-3ac3-4112-be98-a2662c81ae72,login,0,0,1,35098,0
1775731086,ace9ed8f-794e-41b0-ab66-c2ba52f19d0f,download,0,2,0,3112161,0
1775725722,25a72f32-e37a-4cab-b3f6-77192fc0aa35,download,0,2,0,3937255,0
1775712290,fc4fad76-16bc-401b-88b4-73eedb5baf39,list,0,1,0,384769,0
1775755317,6ced1eb4-5e32-4d6c-8280-0946d4f05bef,list,0,1,0,435309,0
1775725746,367f1ba0-3a73-4e8c-8daa-67458bf346b5,upload,0,1,0,370312,0
1775725754,4bcd6d06-db69-4a40-b976-05c7544a1a2c,login,0,0,0,168854,0
1775714994,032b1a57-8090-46a1-b4e2-919eecba5a54,login,0,1,0,948270,0
1775725770,3e43f9fe-09aa-428c-895e-344049e5f0eb,login,0,1,0,115314,0
1775741942,c89fde94-1c9a-4e8a-90a3-c263cb7eb17e,upload,0,2,0,741692,0
1775744651,ab380f02-12bc-473b-a535-28f832822074,download,0,342,2,406209466,1
1775712314,0c0ce9ee-9ada-4d72-a3f2-eb9483feabe8,upload,0,2,0,517058,0
1775715014,ae00c3fa-f6d5-419b-8612-52db300d9dd9,upload,0,2,0,180808,0
1775717716,eafb92c7-9925-4cf6-9c62-aaf2d611150b,upload,0,2,0,805994,0
1775758206,ab380f02-12bc-473b-a535-28f832822074,login,0,2,1,152148,0
1775728526,94ebcab9-38b7-432d-8cff-b96fbc75dfcb,upload,0,0,0,251772,0
1775717731,c8fc1656-71fd-4515-acfb-7ef374d44fe6,login,0,1,1,57136,0
1775717736,72e59186-4ee7-4a1e-9d41-155f00e06a95,upload,0,0,0,150655,0
1775742068,ab380f02-12bc-473b-a535-28f832822074,upload,0,0,0,601829,0
1775715042,ab380f02-12bc-473b-a535-28f832822074,list,0,2,0,386153,0
1775720456,ab380f02-12bc-473b-a535-28f832822074,download,1,365,0,446099143,1
1775742110,c737d5c8-b53d-4464-a1d2-9e2bd7456966,download,0,5,0,4266147,0
1775717761,b49ce9ef-011a-422b-8b81-2506dc0fe127,list,0,2,0,723233,0
1775739430,63ed13fc-16ff-4c73-adea-2135300ae355,upload,0,2,0,656394,0
1775747570,ad53681e-c36e-4b3f-a8ad-22cf2bd4a765,upload,0,1,0,955049,0
1775758426,c89fde94-1c9a-4e8a-90a3-c263cb7eb17e,login,0,0,1,719883,0
1775744891,9b308c90-9a9b-4ab3-be08-0ca6d6041471,upload,0,0,0,179335,0
1775753042,c737d5c8-b53d-4464-a1d2-9e2bd7456966,download,0,5,0,567927,0
1775709652,9b308c90-9a9b-4ab3-be08-0ca6d6041471,login,0,2,0,327681,0
1775742222,7019fef8-eee1-4780-8866-3cf355f39326,login,0,1,0,993838,0
1775723231,ab380f02-12bc-473b-a535-28f832822074,download,1,325,1,549339458,1
1775742250,12991671-ea7d-4165-971a-36942f3fa1d2,download,0,4,0,3242959,0
1775758566,ab380f02-12bc-473b-a535-28f832822074,download,0,294,0,505254394,1
1775734124,cc6a7b0a-aac4-45a5-89b8-538fccc1db40,download,0,2,0,1593757,0
1775715102,bb5a333e-d631-4644-91cc-88c161a23399,download,0,5,0,3687327,0
1775739586,3e43f9fe-09aa-428c-895e-344049e5f0eb,list,0,0,0,410196,0
1775753204,63ed13fc-16ff-4c73-adea-2135300ae355,upload,0,2,0,769744,0
1775717836,25a72f32-e37a-4cab-b3f6-77192fc0aa35,upload,0,0,0,617604,0
1775706949,8dfb3116-3ac3-4112-be98-a2662c81ae72,upload,0,0,0,711794,0
1775709674,ab380f02-12bc-473b-a535-28f832822074,list,0,1,0,351372,0
1775723301,8dfb3116-3ac3-4112-be98-a2662c81ae72,login,0,2,1,505090,0
1775728760,0a847b66-6bdd-4f6c-9e30-f67be2e768e9,download,0,4,0,5030453,0
1775709680,0c0ce9ee-9ada-4d72-a3f2-eb9483feabe8,download,0,4,0,1890145,0
1775736962,f33ea619-379b-4fe8-8607-92f27dba7c4a,upload,0,0,0,52917,0
1775728787,24981836-1892-4695-a7ba-6ea35f397c4d,download,0,3,0,1324208,0
1775720606,15dbe71f-eca0-41d6-8a3a-e5fd6d2c2fca,download,0,3,0,3573372,0
1775756115,3e43f9fe-09aa-428c-895e-344049e5f0eb,list,0,0,0,474916,0
1775750670,9e93a6a6-b5c3-47bd-9b46-2b2d28bc37f7,list,0,2,0,848557,0
1775758886,ad53681e-c36e-4b3f-a8ad-22cf2bd4a765,download,0,3,0,3478427,0
1775756172,25a72f32-e37a-4cab-b3f6-77192fc0aa35,upload,0,1,0,831616,0
1775726106,eafb92c7-9925-4cf6-9c62-aaf2d611150b,login,0,0,1,175827,0
1775745266,4b67bf97-823a-4df1-bde9-f0a99700964b,download,0,5,0,4059090,0
1775709700,cfeed54f-cb0f-4fcb-a16f-f26aa8f69416,list,0,0,0,904453,0
1775712440,367f1ba0-3a73-4e8c-8daa-67458bf346b5,upload,0,0,0,940771,0
1775717921,cfeed54f-cb0f-4fcb-a16f-f26aa8f69416,upload,0,0,0,438977,0
1775706966,ab380f02-12bc-473b-a535-28f832822074,list,0,2,0,248658,0
1775717931,c89fde94-1c9a-4e8a-90a3-c263cb7eb17e,download,0,5,0,2336654,0
1775726162,15dbe71f-eca0-41d6-8a3a-e5fd6d2c2fca,list,0,1,0,23665,0
1775756343,7019fef8-eee1-4780-8866-3cf355f39326,login,0,0,1,107793,0
1775742642,fd0692da-82f4-4c34-a563-b3e73b085db8,login,0,1,1,77589,0
1775706971,4b67bf97-823a-4df1-bde9-f0a99700964b,list,0,0,0,674223,0
1775750908,63ed13fc-16ff-4c73-adea-2135300ae355,upload,0,0,0,549416,0
1775720708,0c0ce9ee-9ada-4d72-a3f2-eb9483feabe8,download,0,5,0,5065488,0
1775717966,0a847b66-6bdd-4f6c-9e30-f67be2e768e9,download,0,2,0,3958380,0
1775756457,167a8f34-3eb0-427e-b067-859df37c0547,download,0,3,0,3319651,0
1775717976,ab380f02-12bc-473b-a535-28f832822074,download,1,485,2,391626809,1
1775709728,fc4fad76-16bc-401b-88b4-73eedb5baf39,download,0,2,0,2842929,0
1775731746,12991671-ea7d-4165-971a-36942f3fa1d2,upload,0,2,0,374432,0
1775759286,b49ce9ef-011a-422b-8b81-2506dc0fe127,list,0,0,0,784337,0
1775726258,3e43f9fe-09aa-428c-895e-344049e5f0eb,list,0,0,0,804219,0
1775706981,f33ea619-379b-4fe8-8607-92f27dba7c4a,download,0,5,0,4852935,0
1775715250,ab380f02-12bc-473b-a535-28f832822074,download,0,253,2,349294805,1
1775740067,af8ebf32-c726-48e0-b053-6e07e853a46c,download,0,3,0,101106,0
1775720774,67b0661e-1123-49dd-9aab-466dbffefb05,upload,0,0,0,211138,0
1775723539,fc4fad76-16bc-401b-88b4-73eedb5baf39,download,0,2,0,3511359,0
1775737346,2778adb7-8d25-4998-840b-d5914a0c3d4c,upload,0,2,0,226872,0
1775709748,3f213bee-6235-480e-9e70-d5e80fd9ddc3,download,0,3,0,3404022,0
1775745656,63ed13fc-16ff-4c73-adea-2135300ae355,download,0,5,0,4665601,0
1775740145,16220f75-189c-4d49-b1b9-5a289a9f3df4,upload,0,1,0,233197,0
1775718046,0c0ce9ee-9ada-4d72-a3f2-eb9483feabe8,login,0,0,1,255176,0
1775745701,bf43f002-7707-4271-b479-7bd6660b6627,download,0,1,0,732397,0
1775720822,ab380f02-12bc-473b-a535-28f832822074,download,1,465,0,766866703,1
1775740197,c8fc1656-71fd-4515-acfb-7ef374d44fe6,upload,0,1,0,575560,0
1775729138,ae00c3fa-f6d5-419b-8612-52db300d9dd9,download,0,3,0,1177023,0
1775734685,94ebcab9-38b7-432d-8cff-b96fbc75dfcb,upload,0,0,0,184372,0
1775737466,3f213bee-6235-480e-9e70-d5e80fd9ddc3,login,0,0,0,619115,0
1775726394,367f1ba0-3a73-4e8c-8daa-67458bf346b5,upload,0,0,0,437605,0
1775737490,15dbe71f-eca0-41d6-8a3a-e5fd6d2c2fca,list,0,1,0,359007,0
1775734729,ab380f02-12bc-473b-a535-28f832822074,list,0,0,0,512770,0
1775751384,9e93a6a6-b5c3-47bd-9b46-2b2d28bc37f7,login,0,1,1,725052,0
1775707001,3797b81a-52e7-4e52-b1c1-6a9fc51bf6c4,login,0,1,0,576127,0
1775759746,2778adb7-8d25-4998-840b-d5914a0c3d4c,download,0,5,0,3792129,0
1775726442,bb5a333e-d631-4644-91cc-88c161a23399,upload,0,1,0,464995,0
1775734784,cc6a7b0a-aac4-45a5-89b8-538fccc1db40,download,0,1,0,4447770,0
1775748690,e26907cb-e617-4ac2-b726-bea132470922,login,0,2,1,799334,0
1775726466,fc4fad76-16bc-401b-88b4-73eedb5baf39,list,0,2,0,363712,0
1775715350,3e43f9fe-09aa-428c-895e-344049e5f0eb,upload,0,1,0,89526,0
1775729264,3797b81a-52e7-4e52-b1c1-6a9fc51bf6c4,upload,0,1,0,35900,0
1775720924,9e93a6a6-b5c3-47bd-9b46-2b2d28bc37f7,list,0,1,0,369157,0
1775757122,7019fef8-eee1-4780-8866-3cf355f39326,download,0,3,0,4602560,0
1775732076,c8fc1656-71fd-4515-acfb-7ef374d44fe6,download,0,1,0,1297000,0
1775740444,4b67bf97-823a-4df1-bde9-f0a99700964b,login,0,2,1,966649,0
1775732096,9e0ad054-903f-4afb-93ab-d3f19bcb3be2,download,0,3,0,307844,0
1775726530,b635daa1-ee9f-43f2-9a34-e1d43caad67b,download,0,1,0,4759476,0
1775734905,167a8f34-3eb0-427e-b067-859df37c0547,upload,0,0,0,570570,0
1775729336,c74fcfdf-af81-457e-a423-f6336477d65e,list,0,0,0,985062,0
1775748882,ab380f02-12bc-473b-a535-28f832822074,download,1,496,0,190988265,1
1775743314,63ed13fc-16ff-4c73-adea-2135300ae355,list,0,0,0,177718,0
1775712605,ab380f02-12bc-473b-a535-28f832822074,upload,0,0,0,520986,0
1775734960,67b0661e-1123-49dd-9aab-466dbffefb05,download,0,4,0,4721397,0
1775726586,4b67bf97-823a-4df1-bde9-f0a99700964b,upload,0,2,0,669341,0
1775734982,49dda7ce-0e05-4a40-a128-6349450ff1a6,download,0,4,0,1169927,0
1775754572,2cfa69c9-d3d1-4780-967c-3e5e2ff36998,download,0,2,0,1543955,0
1775707024,0a847b66-6bdd-4f6c-9e30-f67be2e768e9,login,0,2,0,951733,0
1775740613,9e0ad054-903f-4afb-93ab-d3f19bcb3be2,list,0,1,0,386438,0
1775707026,b49ce9ef-011a-422b-8b81-2506dc0fe127,upload,0,1,0,425156,0
1775726634,367f1ba0-3a73-4e8c-8daa-67458bf346b5,list,0,0,0,297264,0
1775721038,032b1a57-8090-46a1-b4e2-919eecba5a54,list,0,0,0,133125,0
1775721044,b635daa1-ee9f-43f2-9a34-e1d43caad67b,login,0,2,1,321887,0
1775709834,c89fde94-1c9a-4e8a-90a3-c263cb7eb17e,login,0,0,0,729173,0
1775751911,cfeed54f-cb0f-4fcb-a16f-f26aa8f69416,download,0,4,0,3811027,0
1775760346,b635daa1-ee9f-43f2-9a34-e1d43caad67b,list,0,2,0,980899,0
1775737910,ae00c3fa-f6d5-419b-8612-52db300d9dd9,download,0,2,0,1914317,0
1775726690,ace9ed8f-794e-41b0-ab66-c2ba52f19d0f,upload,0,2,0,567585,0
1775754788,c8fc1656-71fd-4515-acfb-7ef374d44fe6,login,0,0,1,419906,0
1775757616,ae00c3fa-f6d5-419b-8612-52db300d9dd9,list,0,0,0,977701,0
1775729525,9e93a6a6-b5c3-47bd-9b46-2b2d28bc37f7,download,0,2,0,2111437,0
1775729534,c74fcfdf-af81-457e-a423-f6336477d65e,download,0,5,0,193783,0
1775723917,ab380f02-12bc-473b-a535-28f832822074,download,1,322,2,215023592,1
1775723924,9e0ad054-903f-4afb-93ab-d3f19bcb3be2,login,0,1,1,521468,0
1775726746,cc6a7b0a-aac4-45a5-89b8-538fccc1db40,login,0,0,0,175619,0
1775729570,bf43f002-7707-4271-b479-7bd6660b6627,list,0,0,0,334681,0
1775738030,3e43f9fe-09aa-428c-895e-344049e5f0eb,login,0,0,1,394642,0
1775760586,0c0ce9ee-9ada-4d72-a3f2-eb9483feabe8,login,0,1,0,819713,0
1775715502,ab380f02-12bc-473b-a535-28f832822074,download,1,212,0,655179863,1
1775726786,2cfa69c9-d3d1-4780-967c-3e5e2ff36998,list,0,1,0,48104,0
1775735257,c737d5c8-b53d-4464-a1d2-9e2bd7456966,download,0,4,0,4563858,0
1775712692,cc6a7b0a-aac4-45a5-89b8-538fccc1db40,list,0,2,0,219142,0
1775735279,af8ebf32-c726-48e0-b053-6e07e853a46c,download,0,3,0,1651715,0
1775757882,72e59186-4ee7-4a1e-9d41-155f00e06a95,list,0,0,0,443798,0
1775740951,cfeed54f-cb0f-4fcb-a16f-f26aa8f69416,login,0,0,0,211720,0
1775707052,0a847b66-6bdd-4f6c-9e30-f67be2e768e9,login,0,1,1,48793,0
1775735323,4a209499-fcdb-4d47-9fba-19deb77f4b7b,download,0,4,0,1851583,0
1775743818,3e43f9fe-09aa-428c-895e-344049e5f0eb,upload,0,1,0,164450,0
1775743832,3f213bee-6235-480e-9e70-d5e80fd9ddc3,login,0,2,0,170206,0
1775735356,ab380f02-12bc-473b-a535-28f832822074,download,0,3,0,3361541,0
1775743860,b49ce9ef-011a-422b-8b81-2506dc0fe127,login,0,1,0,143827,0
1775755202,4b67bf97-823a-4df1-bde9-f0a99700964b,upload,0,1,0,721552,0
1775715558,bb5a333e-d631-4644-91cc-88c161a23399,list,0,2,0,992026,0
1775746736,4bcd6d06-db69-4a40-b976-05c7544a1a2c,list,0,1,0,556985,0
1775755256,ae00c3fa-f6d5-419b-8612-52db300d9dd9,login,0,2,0,270894,0
1775760946,0a847b66-6bdd-4f6c-9e30-f67be2e768e9,download,0,4,0,3416721,0
1775709900,3f213bee-6235-480e-9e70-d5e80fd9ddc3,login,0,0,1,302102,0
1775741120,4a209499-fcdb-4d47-9fba-19deb77f4b7b,login,0,0,0,588810,0
1775707065,24981836-1892-4695-a7ba-6ea35f397c4d,download,0,3,0,5087260,0
1775743986,c89fde94-1c9a-4e8a-90a3-c263cb7eb17e,upload,0,0,0,9987,0
1775744000,bb5a333e-d631-4644-91cc-88c161a23399,list,0,0,0,301094,0
1775735488,6ced1eb4-5e32-4d6c-8280-0946d4f05bef,login,0,1,1,366547,0
1775744028,9b308c90-9a9b-4ab3-be08-0ca6d6041471,login,0,0,0,673212,0
1775707070,c89fde94-1c9a-4e8a-90a3-c263cb7eb17e,login,0,0,1,703144,0
1775735521,af8ebf32-c726-48e0-b053-6e07e853a46c,upload,0,0,0,327870,0
1775718456,af8ebf32-c726-48e0-b053-6e07e853a46c,login,0,2,0,607633,0
1775721308,c737d5c8-b53d-4464-a1d2-9e2bd7456966,list,0,1,0,710795,0
1775761186,12991671-ea7d-4165-971a-36942f3fa1d2,upload,0,0,0,326919,0
1775746961,8f4bb3f7-7f34-4857-9345-cc7b691ec121,download,0,2,0,229315,0
1775749826,15dbe71f-eca0-41d6-8a3a-e5fd6d2c2fca,upload,0,0,0,38311,0
1775744140,12991671-ea7d-4165-971a-36942f3fa1d2,upload,0,0,0,754352,0
1775718486,12991671-ea7d-4165-971a-36942f3fa1d2,list,0,2,0,1033470,0
1775761286,ab380f02-12bc-473b-a535-28f832822074,download,0,1,0,4960204,0
1775758452,bf43f002-7707-4271-b479-7bd6660b6627,login,0,2,1,630701,0
1775755616,cc6a7b0a-aac4-45a5-89b8-538fccc1db40,download,0,4,0,4565525,0
1775738498,4bcd6d06-db69-4a40-b976-05c7544a1a2c,list,0,2,0,269246,0
1775735653,3797b81a-52e7-4e52-b1c1-6a9fc51bf6c4,login,0,0,1,1007986,0
1775735664,4bcd6d06-db69-4a40-b976-05c7544a1a2c,list,0,2,0,225454,0
1775709944,67b0661e-1123-49dd-9aab-466dbffefb05,login,0,1,0,415973,0
1775755706,ad53681e-c36e-4b3f-a8ad-22cf2bd4a765,download,0,3,0,4395299,0
1775741419,fd0692da-82f4-4c34-a563-b3e73b085db8,download,0,3,0,980821,0
1775712812,167a8f34-3eb0-427e-b067-859df37c0547,list,0,1,0,686969,0
1775707089,af8ebf32-c726-48e0-b053-6e07e853a46c,list,0,2,0,799240,0
1775715682,eafb92c7-9925-4cf6-9c62-aaf2d611150b,download,0,1,0,4784382,0
1775712821,8f4bb3f7-7f34-4857-9345-cc7b691ec121,download,0,5,0,853870,0
1775707092,15dbe71f-eca0-41d6-8a3a-e5fd6d2c2fca,login,0,2,0,672962,0
1775747231,ace9ed8f-794e-41b0-ab66-c2ba52f19d0f,download,0,1,0,5192688,0
1775750114,ab380f02-12bc-473b-a535-28f832822074,download,1,363,2,1041613778,1
1775715702,cfeed54f-cb0f-4fcb-a16f-f26aa8f69416,download,0,1,0,4770200,0
1775761626,12991671-ea7d-4165-971a-36942f3fa1d2,list,0,1,0,943319,0
1775732936,3f213bee-6235-480e-9e70-d5e80fd9ddc3,upload,0,0,0,227891,0
1775707098,ab380f02-12bc-473b-a535-28f832822074,download,1,186,2,556160766,1
1775738702,9b308c90-9a9b-4ab3-be08-0ca6d6041471,list,0,1,0,837088,0
1775718596,4bcd6d06-db69-4a40-b976-05c7544a1a2c,download,0,3,0,4000354,0
1775738726,2cfa69c9-d3d1-4780-967c-3e5e2ff36998,list,0,2,0,583785,0
1775735862,63ed13fc-16ff-4c73-adea-2135300ae355,list,0,1,0,577061,0
1775718611,bf43f002-7707-4271-b479-7bd6660b6627,upload,0,2,0,892492,0
1775735884,0a847b66-6bdd-4f6c-9e30-f67be2e768e9,login,0,0,0,579601,0
1775750290,12991671-ea7d-4165-971a-36942f3fa1d2,login,0,2,1,227126,0
1775707106,e26907cb-e617-4ac2-b726-bea132470922,upload,0,0,0,798431,0
1775721512,4bcd6d06-db69-4a40-b976-05c7544a1a2c,download,0,1,0,2003396,0
1775715754,8dfb3116-3ac3-4112-be98-a2662c81ae72,upload,0,1,0,825456,0
1775753237,ad53681e-c36e-4b3f-a8ad-22cf2bd4a765,download,0,4,0,1300642,0
1775741718,c8fc1656-71fd-4515-acfb-7ef374d44fe6,login,0,1,1,582887,0
1775709996,c89fde94-1c9a-4e8a-90a3-c263cb7eb17e,login,0,1,0,962982,0
1775750402,fd0692da-82f4-4c34-a563-b3e73b085db8,download,0,3,0,1585019,0
1775738870,ab380f02-12bc-473b-a535-28f832822074,download,1,464,2,806522922,1
1775761986,2cfa69c9-d3d1-4780-967c-3e5e2ff36998,login,0,1,1,700128,0
1775727338,6ced1eb4-5e32-4d6c-8280-0946d4f05bef,login,0,0,1,1035637,0
1775733126,4a209499-fcdb-4d47-9fba-19deb77f4b7b,login,0,1,1,843396,0
1775753373,2cfa69c9-d3d1-4780-967c-3e5e2ff36998,list,0,1,0,899460,0
1775721578,ab380f02-12bc-473b-a535-28f832822074,download,1,395,1,317140572,1
1775759193,ab380f02-12bc-473b-a535-28f832822074,download,1,486,0,280770341,1
1775738954,167a8f34-3eb0-427e-b067-859df37c0547,upload,0,2,0,321985,0
1775710016,cfeed54f-cb0f-4fcb-a16f-f26aa8f69416,upload,0,1,0,885886,0
1775718706,bf43f002-7707-4271-b479-7bd6660b6627,list,0,1,0,1021709,0
1775744784,ad53681e-c36e-4b3f-a8ad-22cf2bd4a765,download,0,3,0,3869319,0
1775741900,9e0ad054-903f-4afb-93ab-d3f19bcb3be2,login,0,2,0,163233,0
1775730317,167a8f34-3eb0-427e-b067-859df37c0547,download,0,5,0,1921047,0
1775762226,2cfa69c9-d3d1-4780-967c-3e5e2ff36998,login,0,0,0,512725,0
1775710028,c8fc1656-71fd-4515-acfb-7ef374d44fe6,upload,0,2,0,697253,0
1775730344,63ed13fc-16ff-4c73-adea-2135300ae355,upload,0,2,0,816570,0
1775721644,c74fcfdf-af81-457e-a423-f6336477d65e,download,0,5,0,1119195,0
1775721650,9e0ad054-903f-4afb-93ab-d3f19bcb3be2,upload,0,0,0,505201,0
1775733276,49dda7ce-0e05-4a40-a128-6349450ff1a6,login,0,1,1,921183,0
1775715850,fc4fad76-16bc-401b-88b4-73eedb5baf39,download,0,3,0,2321865,0
1775712947,367f1ba0-3a73-4e8c-8daa-67458bf346b5,login,0,0,1,387460,0
1775759478,cfeed54f-cb0f-4fcb-a16f-f26aa8f69416,download,0,4,0,1266377,0
1775715862,0c0ce9ee-9ada-4d72-a3f2-eb9483feabe8,list,0,1,0,388170,0
1775718776,b49ce9ef-011a-422b-8b81-2506dc0fe127,download,0,4,0,1382095,0
1775762446,3f213bee-6235-480e-9e70-d5e80fd9ddc3,list,0,0,0,611156,0
1775710050,0a847b66-6bdd-4f6c-9e30-f67be2e768e9,download,0,5,0,2905172,0
1775736269,3797b81a-52e7-4e52-b1c1-6a9fc51bf6c4,login,0,0,1,111664,0
1775742108,4bcd6d06-db69-4a40-b976-05c7544a1a2c,upload,0,2,0,620184,0
1775745036,9b308c90-9a9b-4ab3-be08-0ca6d6041471,login,0,2,0,146241,0
1775727554,63ed13fc-16ff-4c73-adea-2135300ae355,upload,0,0,0,991960,0
1775753815,49dda7ce-0e05-4a40-a128-6349450ff1a6,upload,0,0,0,131068,0
1775747996,f33ea619-379b-4fe8-8607-92f27dba7c4a,download,0,1,0,1573621,0
1775762606,cfeed54f-cb0f-4fcb-a16f-f26aa8f69416,list,0,0,0,335276,0
1775710066,c8fc1656-71fd-4515-acfb-7ef374d44fe6,list,0,1,0,970047,0
1775736357,9e0ad054-903f-4afb-93ab-d3f19bcb3be2,login,0,2,0,793220,0
1775759744,032b1a57-8090-46a1-b4e2-919eecba5a54,login,0,1,0,759672,0
1775742225,3f213bee-6235-480e-9e70-d5e80fd9ddc3,upload,0,2,0,893715,0
1775733466,2778adb7-8d25-4998-840b-d5914a0c3d4c,login,0,1,0,173104,0
1775748101,eafb92c7-9925-4cf6-9c62-aaf2d611150b,list,0,2,0,1028742,0
1775733486,12991671-ea7d-4165-971a-36942f3fa1d2,login,0,0,1,481169,0
1775748131,4b67bf97-823a-4df1-bde9-f0a99700964b,login,0,1,1,302013,0
1775733506,b49ce9ef-011a-422b-8b81-2506dc0fe127,login,0,0,0,637076,0
1775713013,2778adb7-8d25-4998-840b-d5914a0c3d4c,upload,0,1,0,732037,0
1775733526,367f1ba0-3a73-4e8c-8daa-67458bf346b5,login,0,1,1,385064,0
1775756984,8dfb3116-3ac3-4112-be98-a2662c81ae72,list,0,0,0,381926,0
1775757002,9e0ad054-903f-4afb-93ab-d3f19bcb3be2,upload,0,0,0,914139,0
1775713025,72e59186-4ee7-4a1e-9d41-155f00e06a95,login,0,0,1,353711,0
1775757038,16220f75-189c-4d49-b1b9-5a289a9f3df4,login,0,2,0,674994,0
1775736511,6ced1eb4-5e32-4d6c-8280-0946d4f05bef,upload,0,1,0,350030,0
1775718906,ace9ed8f-794e-41b0-ab66-c2ba52f19d0f,download,0,1,0,3130595,0
1775736533,9b308c90-9a9b-4ab3-be08-0ca6d6041471,download,0,4,0,1313910,0
1775739482,72e59186-4ee7-4a1e-9d41-155f00e06a95,login,0,0,1,789867,0
1775733616,15dbe71f-eca0-41d6-8a3a-e5fd6d2c2fca,login,0,0,1,747971,0
1775715986,63ed13fc-16ff-4c73-adea-2135300ae355,login,0,1,1,723575,0
1775710108,bb5a333e-d631-4644-91cc-88c161a23399,login,0,2,1,969954,0
1775730704,ace9ed8f-794e-41b0-ab66-c2ba52f19d0f,upload,0,2,0,647005,0
1775754257,8dfb3116-3ac3-4112-be98-a2662c81ae72,download,0,4,0,1324355,0
1775742498,94ebcab9-38b7-432d-8cff-b96fbc75dfcb,login,0,1,0,549862,0
1775745456,2cfa69c9-d3d1-4780-967c-3e5e2ff36998,list,0,2,0,214454,0
1775718956,fd0692da-82f4-4c34-a563-b3e73b085db8,login,0,2,0,257266,0
1775757272,c89fde94-1c9a-4e8a-90a3-c263cb7eb17e,list,0,2,0,668278,0
1775730758,c74fcfdf-af81-457e-a423-f6336477d65e,list,0,2,0,18552,0
1775757308,ab380f02-12bc-473b-a535-28f832822074,login,0,1,1,317569,0
1775733726,bb5a333e-d631-4644-91cc-88c161a23399,download,0,2,0,1013684,0
1775736687,ab380f02-12bc-473b-a535-28f832822074,download,1,312,0,1021554881,1
1775760314,24981836-1892-4695-a7ba-6ea35f397c4d,download,0,5,0,1595252,0
1775721944,4bcd6d06-db69-4a40-b976-05c7544a1a2c,download,0,5,0,1528151,0
1775736720,9e0ad054-903f-4afb-93ab-d3f19bcb3be2,login,0,0,0,464611,0
1775721956,4bcd6d06-db69-4a40-b976-05c7544a1a2c,list,0,0,0,597886,0
1775727874,3f213bee-6235-480e-9e70-d5e80fd9ddc3,login,0,2,0,989168,0
1775757452,3f213bee-6235-480e-9e70-d5e80fd9ddc3,list,0,1,0,903454,0
1775754512,ae00c3fa-f6d5-419b-8612-52db300d9dd9,list,0,2,0,135560,0
1775754529,eafb92c7-9925-4cf6-9c62-aaf2d611150b,list,0,1,0,320175,0
1775763426,94ebcab9-38b7-432d-8cff-b96fbc75dfcb,download,0,2,0,2096907,0
1775757524,ab380f02-12bc-473b-a535-28f832822074,download,1,74,1,771328746,1
1775716074,ab380f02-12bc-473b-a535-28f832822074,download,0,5,0,3090633,0
1775760523,bf43f002-7707-4271-b479-7bd6660b6627,list,0,2,0,731274,0
1775722010,12991671-ea7d-4165-971a-36942f3fa1d2,download,0,5,0,3826761,0
1775722016,bb5a333e-d631-4644-91cc-88c161a23399,download,0,1,0,269845,0
1775754648,67b0661e-1123-49dd-9aab-466dbffefb05,download,0,5,0,1166050,0
1775760599,e26907cb-e617-4ac2-b726-bea132470922,download,0,2,0,2809232,0
1775713130,eafb92c7-9925-4cf6-9c62-aaf2d611150b,list,0,2,0,300401,0
1775739854,c89fde94-1c9a-4e8a-90a3-c263cb7eb17e,download,0,2,0,2134412,0
1775733926,af8ebf32-c726-48e0-b053-6e07e853a46c,download,0,5,0,4037810,0
1775760675,15dbe71f-eca0-41d6-8a3a-e5fd6d2c2fca,download,0,4,0,3301061,0
1775748806,c89fde94-1c9a-4e8a-90a3-c263cb7eb17e,login,0,2,0,294429,0
1775763686,9e93a6a6-b5c3-47bd-9b46-2b2d28bc37f7,upload,0,1,0,919909,0
1775716122,f33ea619-379b-4fe8-8607-92f27dba7c4a,download,0,1,0,1690084,0
1775754801,c89fde94-1c9a-4e8a-90a3-c263cb7eb17e,upload,0,1,0,628117,0
1775757794,15dbe71f-eca0-41d6-8a3a-e5fd6d2c2fca,download,0,5,0,2595409,0
1775745904,8f4bb3f7-7f34-4857-9345-cc7b691ec121,upload,0,2,0,265721,0
1775763786,c74fcfdf-af81-457e-a423-f6336477d65e,list,0,0,0,264048,0
1775760827,49dda7ce-0e05-4a40-a128-6349450ff1a6,download,0,2,0,3854158,0
1775754886,9e93a6a6-b5c3-47bd-9b46-2b2d28bc37f7,list,0,0,0,470940,0
1775745960,3797b81a-52e7-4e52-b1c1-6a9fc51bf6c4,upload,0,2,0,214798,0
1775757902,7019fef8-eee1-4780-8866-3cf355f39326,download,0,3,0,360062,0
1775757920,c89fde94-1c9a-4e8a-90a3-c263cb7eb17e,list,0,0,0,409073,0
1775713178,94ebcab9-38b7-432d-8cff-b96fbc75dfcb,download,0,3,0,4818039,0
1775710196,ad53681e-c36e-4b3f-a8ad-22cf2bd4a765,login,0,1,1,252392,0
1775754988,cc6a7b0a-aac4-45a5-89b8-538fccc1db40,login,0,2,0,932955,0
1775749031,3f213bee-6235-480e-9e70-d5e80fd9ddc3,download,0,2,0,1166974,0
1775707214,9e0ad054-903f-4afb-93ab-d3f19bcb3be2,download,1,4,0,4910121,0
1775713193,9b308c90-9a9b-4ab3-be08-0ca6d6041471,download,0,4,0,3833060,0
1775746086,cc6a7b0a-aac4-45a5-89b8-538fccc1db40,download,0,3,0,2963642,0
1775719181,c737d5c8-b53d-4464-a1d2-9e2bd7456966,upload,0,0,0,1041391,0
1775719186,af8ebf32-c726-48e0-b053-6e07e853a46c,upload,0,2,0,774474,0
1775725177,ace9ed8f-794e-41b0-ab66-c2ba52f19d0f,list,0,1,0,330652,0
1775710214,12991671-ea7d-4165-971a-36942f3fa1d2,download,0,5,0,2233595,0
1775710216,b635daa1-ee9f-43f2-9a34-e1d43caad67b,download,0,3,0,128028,0
1775740178,eafb92c7-9925-4cf6-9c62-aaf2d611150b,login,0,2,1,378299,0
1775737193,4a209499-fcdb-4d47-9fba-19deb77f4b7b,login,0,0,1,614840,0
1775710222,72e59186-4ee7-4a1e-9d41-155f00e06a95,download,0,5,0,4695860,0
1775725219,0a847b66-6bdd-4f6c-9e30-f67be2e768e9,list,0,1,0,29923,0
1775716226,8dfb3116-3ac3-4112-be98-a2662c81ae72,list,0,1,0,270391,0
1775707227,4bcd6d06-db69-4a40-b976-05c7544a1a2c,upload,0,2,0,754982,0
1775731244,0a847b66-6bdd-4f6c-9e30-f67be2e768e9,download,0,1,0,4167259,0
1775722244,c8fc1656-71fd-4515-acfb-7ef374d44fe6,upload,0,0,0,690311,0
1775725254,72e59186-4ee7-4a1e-9d41-155f00e06a95,list,0,1,0,298704,0
1775749301,4b67bf97-823a-4df1-bde9-f0a99700964b,download,0,4,0,4161987,0
1775707232,3f213bee-6235-480e-9e70-d5e80fd9ddc3,login,0,1,0,306091,0
1775743317,4bcd6d06-db69-4a40-b976-05c7544a1a2c,list,0,1,0,736614,0
1775764386,b635daa1-ee9f-43f2-9a34-e1d43caad67b,login,1,1,1,976614,0
1775716262,15dbe71f-eca0-41d6-8a3a-e5fd6d2c2fca,download,0,3,0,839174,0
1775752386,f33ea619-379b-4fe8-8607-92f27dba7c4a,download,0,4,0,2847823,0
1775755413,cc6a7b0a-aac4-45a5-89b8-538fccc1db40,upload,0,0,0,444585,0
1775764466,bb5a333e-d631-4644-91cc-88c161a23399,login,0,1,1,902909,0
1775761473,ae00c3fa-f6d5-419b-8612-52db300d9dd9,login,0,2,1,256841,0
1775725324,0a847b66-6bdd-4f6c-9e30-f67be2e768e9,download,0,5,0,2525692,0
1775728346,0c0ce9ee-9ada-4d72-a3f2-eb9483feabe8,upload,0,2,0,900021,0
1775734386,167a8f34-3eb0-427e-b067-859df37c0547,login,0,1,1,142221,0
1775707243,c89fde94-1c9a-4e8a-90a3-c263cb7eb17e,download,0,3,0,3762366,0
1775731388,15dbe71f-eca0-41d6-8a3a-e5fd6d2c2fca,upload,0,1,0,361391,0
1775740454,167a8f34-3eb0-427e-b067-859df37c0547,login,0,1,0,137874,0
1775713286,4b67bf97-823a-4df1-bde9-f0a99700964b,download,0,1,0,3701574,0
1775737457,3f213bee-6235-480e-9e70-d5e80fd9ddc3,login,0,2,1,483978,0
1775737468,3f213bee-6235-480e-9e70-d5e80fd9ddc3,download,0,5,0,4780188,0
1775722364,bb5a333e-d631-4644-91cc-88c161a23399,login,0,1,0,235201,0
1775710274,b49ce9ef-011a-422b-8b81-2506dc0fe127,login,0,1,0,798360,0
1775758676,49dda7ce-0e05-4a40-a128-6349450ff1a6,list,0,2,0,689506,0
1775737512,12991671-ea7d-4165-971a-36942f3fa1d2,download,0,5,0,1083826,0
1775743577,032b1a57-8090-46a1-b4e2-919eecba5a54,upload,0,0,0,290198,0
1775764786,eafb92c7-9925-4cf6-9c62-aaf2d611150b,download,0,3,0,2872138,0
1775764806,3f213bee-6235-480e-9e70-d5e80fd9ddc3,download,0,4,0,4622407,0
1775716346,ad53681e-c36e-4b3f-a8ad-22cf2bd4a765,login,0,0,0,55362,0
1775764846,eafb92c7-9925-4cf6-9c62-aaf2d611150b,download,0,1,0,804077,0
1775746674,49dda7ce-0e05-4a40-a128-6349450ff1a6,download,0,3,0,3337832,0
1775728490,fd0692da-82f4-4c34-a563-b3e73b085db8,list,0,0,0,543348,0
1775737600,f33ea619-379b-4fe8-8607-92f27dba7c4a,login,0,0,0,649393,0
1775728506,fc4fad76-16bc-401b-88b4-73eedb5baf39,upload,0,2,0,883638,0
1775716370,ab380f02-12bc-473b-a535-28f832822074,download,1,80,0,455212739,1
1775707263,b635daa1-ee9f-43f2-9a34-e1d43caad67b,upload,0,2,0,177677,0
1775755872,4b67bf97-823a-4df1-bde9-f0a99700964b,list,0,2,0,681584,0
1775719421,3e43f9fe-09aa-428c-895e-344049e5f0eb,login,0,1,1,863412,0
1775734626,9e93a6a6-b5c3-47bd-9b46-2b2d28bc37f7,login,0,1,0,448792,0
1775755923,fc4fad76-16bc-401b-88b4-73eedb5baf39,login,0,1,0,21174,0
1775762024,ad53681e-c36e-4b3f-a8ad-22cf2bd4a765,list,0,0,0,227478,0
1775746828,3f213bee-6235-480e-9e70-d5e80fd9ddc3,list,0,2,0,352217,0
1775722490,25a72f32-e37a-4cab-b3f6-77192fc0aa35,upload,0,2,0,166890,0
1775746856,7019fef8-eee1-4780-8866-3cf355f39326,login,0,2,0,213410,0
1775728594,4bcd6d06-db69-4a40-b976-05c7544a1a2c,login,0,2,1,317210,0
1775716414,8f4bb3f7-7f34-4857-9345-cc7b691ec121,list,0,0,0,241975,0
1775713370,0a847b66-6bdd-4f6c-9e30-f67be2e768e9,upload,0,1,0,291888,0
1775743863,bf43f002-7707-4271-b479-7bd6660b6627,upload,0,2,0,694178,0
1775719476,4a209499-fcdb-4d47-9fba-19deb77f4b7b,download,0,1,0,121364,0
1775749991,3f213bee-6235-480e-9e70-d5e80fd9ddc3,login,0,0,1,887179,0
1775725590,9e93a6a6-b5c3-47bd-9b46-2b2d28bc37f7,download,0,5,0,4390722,0
1775746968,16220f75-189c-4d49-b1b9-5a289a9f3df4,download,0,3,0,77670,0
1775759198,bb5a333e-d631-4644-91cc-88c161a23399,upload,0,1,0,922998,0
1775756161,367f1ba0-3a73-4e8c-8daa-67458bf346b5,login,0,0,0,401814,0
1775710338,b635daa1-ee9f-43f2-9a34-e1d43caad67b,upload,0,0,0,85015,0
1775719511,ae00c3fa-f6d5-419b-8612-52db300d9dd9,download,0,5,0,1472488,0
1775719516,2cfa69c9-d3d1-4780-967c-3e5e2ff36998,list,0,0,0,216343,0
1775765406,3e43f9fe-09aa-428c-895e-344049e5f0eb,upload,0,2,0,704089,0
1775744006,2778adb7-8d25-4998-840b-d5914a0c3d4c,download,0,4,0,717893,0
1775731775,3f213bee-6235-480e-9e70-d5e80fd9ddc3,login,0,0,1,425037,0
1775719536,ad53681e-c36e-4b3f-a8ad-22cf2bd4a765,list,0,2,0,795162,0
1775744045,167a8f34-3eb0-427e-b067-859df37c0547,list,0,0,0,972087,0
1775759378,c8fc1656-71fd-4515-acfb-7ef374d44fe6,list,0,2,0,898540,0
1775750201,ab380f02-12bc-473b-a535-28f832822074,download,1,139,1,610798494,1
1775728754,c737d5c8-b53d-4464-a1d2-9e2bd7456966,download,0,2,0,4687569,0
1775750231,2778adb7-8d25-4998-840b-d5914a0c3d4c,list,0,1,0,637487,0
1775722634,9e93a6a6-b5c3-47bd-9b46-2b2d28bc37f7,list,0,2,0,429901,0
1775716502,bf43f002-7707-4271-b479-7bd6660b6627,list,0,0,0,601572,0
1775744136,c737d5c8-b53d-4464-a1d2-9e2bd7456966,list,0,2,0,200547,0
1775707297,bb5a333e-d631-4644-91cc-88c161a23399,download,0,1,0,4387121,0
1775707298,bb5a333e-d631-4644-91cc-88c161a23399,download,0,3,0,1596390,0
1775747248,3797b81a-52e7-4e52-b1c1-6a9fc51bf6c4,download,0,3,0,1059423,0
1775753410,c74fcfdf-af81-457e-a423-f6336477d65e,list,0,2,0,298375,0
1775722676,4bcd6d06-db69-4a40-b976-05c7544a1a2c,list,0,2,0,356180,0
1775750366,8dfb3116-3ac3-4112-be98-a2662c81ae72,download,0,4,0,3086813,0
1775719611,167a8f34-3eb0-427e-b067-859df37c0547,list,0,0,0,25988,0
1775731928,2778adb7-8d25-4998-840b-d5914a0c3d4c,list,0,1,0,489921,0
1775765806,bb5a333e-d631-4644-91cc-88c161a23399,upload,0,0,0,753313,0
1775744266,af8ebf32-c726-48e0-b053-6e07e853a46c,list,0,2,0,507340,0
1775731955,032b1a57-8090-46a1-b4e2-919eecba5a54,upload,0,2,0,581805,0
1775713472,12991671-ea7d-4165-971a-36942f3fa1d2,login,0,0,1,740057,0
1775728890,15dbe71f-eca0-41d6-8a3a-e5fd6d2c2fca,login,0,1,1,705302,0
1775713478,9b308c90-9a9b-4ab3-be08-0ca6d6041471,download,0,4,0,2301091,0
1775716566,6ced1eb4-5e32-4d6c-8280-0946d4f05bef,upload,0,2,0,67137,0
1775713484,7019fef8-eee1-4780-8866-3cf355f39326,upload,0,0,0,257129,0
1775744357,ab380f02-12bc-473b-a535-28f832822074,login,0,2,1,14772,0
1775710402,15dbe71f-eca0-41d6-8a3a-e5fd6d2c2fca,upload,0,2,0,482984,0
1775759828,24981836-1892-4695-a7ba-6ea35f397c4d,login,0,2,0,715067,0
1775725856,ae00c3fa-f6d5-419b-8612-52db300d9dd9,upload,0,2,0,280608,0
1775747500,ab380f02-12bc-473b-a535-28f832822074,download,1,449,2,272431515,1
1775762974,3e43f9fe-09aa-428c-895e-344049e5f0eb,upload,0,1,0,203798,0
1775766086,367f1ba0-3a73-4e8c-8daa-67458bf346b5,login,0,0,0,179965,0
1775728978,3f213bee-6235-480e-9e70-d5e80fd9ddc3,list,0,2,0,578906,0
1775713511,3f213bee-6235-480e-9e70-d5e80fd9ddc3,download,0,1,0,9196,0
1775738282,49dda7ce-0e05-4a40-a128-6349450ff1a6,login,0,0,1,220592,0
1775763069,c89fde94-1c9a-4e8a-90a3-c263cb7eb17e,login,0,1,0,796729,0
1775753794,fd0692da-82f4-4c34-a563-b3e73b085db8,download,0,5,0,1640178,0
1775735216,ab380f02-12bc-473b-a535-28f832822074,login,0,0,1,791250,0
1775732126,4bcd6d06-db69-4a40-b976-05c7544a1a2c,upload,0,2,0,73578,0
1775756943,24981836-1892-4695-a7ba-6ea35f397c4d,list,0,1,0,368298,0
1775738348,ab380f02-12bc-473b-a535-28f832822074,login,0,0,1,683251,0
1775707329,9b308c90-9a9b-4ab3-be08-0ca6d6041471,login,0,0,1,804062,0
1775744578,ab380f02-12bc-473b-a535-28f832822074,upload,0,2,0,161281,0
1775732171,15dbe71f-eca0-41d6-8a3a-e5fd6d2c2fca,list,0,0,0,209645,0
1775738392,ab380f02-12bc-473b-a535-28f832822074,download,0,110,2,1070623739,1
1775757045,cfeed54f-cb0f-4fcb-a16f-f26aa8f69416,list,0,1,0,111838,0
1775741522,67b0661e-1123-49dd-9aab-466dbffefb05,list,0,1,0,357348,0
1775757079,8dfb3116-3ac3-4112-be98-a2662c81ae72,download,0,5,0,4009068,0
1775744656,032b1a57-8090-46a1-b4e2-919eecba5a54,login,0,1,0,364385,0
1775710448,12991671-ea7d-4165-971a-36942f3fa1d2,list,0,2,0,188345,0
1775754018,8f4bb3f7-7f34-4857-9345-cc7b691ec121,list,0,2,0,687748,0
1775729130,af8ebf32-c726-48e0-b053-6e07e853a46c,list,0,1,0,470125,0
1775757164,3e43f9fe-09aa-428c-895e-344049e5f0eb,login,0,2,1,437649,0
1775757181,af8ebf32-c726-48e0-b053-6e07e853a46c,download,0,4,0,4325656,0
1775757198,c737d5c8-b53d-4464-a1d2-9e2bd7456966,login,0,2,0,981799,0
1775716694,24981836-1892-4695-a7ba-6ea35f397c4d,download,0,1,0,3902817,0
1775766586,ab380f02-12bc-473b-a535-28f832822074,download,1,460,0,110858241,1
1775732297,ad53681e-c36e-4b3f-a8ad-22cf2bd4a765,list,0,1,0,1012415,0
1775766626,c89fde94-1c9a-4e8a-90a3-c263cb7eb17e,upload,0,0,0,240929,0
1775716710,bf43f002-7707-4271-b479-7bd6660b6627,login,0,0,1,264362,0
1775766666,c89fde94-1c9a-4e8a-90a3-c263cb7eb17e,list,0,2,0,64483,0
1775763563,67b0661e-1123-49dd-9aab-466dbffefb05,login,0,2,0,837424,0
1775741714,c74fcfdf-af81-457e-a423-f6336477d65e,login,0,1,1,88933,0
1775732351,63ed13fc-16ff-4c73-adea-2135300ae355,login,0,1,1,946111,0
1775729234,16220f75-189c-4d49-b1b9-5a289a9f3df4,list,0,0,0,737861,0
1775751131,f33ea619-379b-4fe8-8607-92f27dba7c4a,login,0,2,1,1016056,0
1775719866,4b67bf97-823a-4df1-bde9-f0a99700964b,download,0,2,0,34893,0
1775766806,ab380f02-12bc-473b-a535-28f832822074,download,1,213,2,827828043,1
1775738656,c89fde94-1c9a-4e8a-90a3-c263cb7eb17e,list,0,2,0,714085,0
1775710488,367f1ba0-3a73-4e8c-8daa-67458bf346b5,list,0,1,0,901596,0
1775738678,15dbe71f-eca0-41d6-8a3a-e5fd6d2c2fca,list,0,0,0,1037488,0
1775751221,032b1a57-8090-46a1-b4e2-919eecba5a54,download,0,1,0,4079600,0
1775732432,fc4fad76-16bc-401b-88b4-73eedb5baf39,list,0,1,0,138695,0
1775713631,c74fcfdf-af81-457e-a423-f6336477d65e,download,0,5,0,1693837,0
1775754402,c737d5c8-b53d-4464-a1d2-9e2bd7456966,upload,0,0,0,480376,0
1775738733,eafb92c7-9925-4cf6-9c62-aaf2d611150b,upload,0,0,0,763583,0
1775741882,24981836-1892-4695-a7ba-6ea35f397c4d,login,0,0,1,426588,0
1775757589,167a8f34-3eb0-427e-b067-859df37c0547,list,0,0,0,151431,0
1775738766,3f213bee-6235-480e-9e70-d5e80fd9ddc3,download,0,4,0,2774262,0
1775707367,12991671-ea7d-4165-971a-36942f3fa1d2,upload,0,2,0,345452,0
1775713652,67b0661e-1123-49dd-9aab-466dbffefb05,upload,0,0,0,339697,0
1775719941,72e59186-4ee7-4a1e-9d41-155f00e06a95,download,0,4,0,3050837,0
1775757674,2cfa69c9-d3d1-4780-967c-3e5e2ff36998,upload,0,2,0,111758,0
1775738821,2778adb7-8d25-4998-840b-d5914a0c3d4c,list,0,1,0,64017,0
1775707372,3797b81a-52e7-4e52-b1c1-6a9fc51bf6c4,list,0,1,0,1043440,0
1775748284,f33ea619-379b-4fe8-8607-92f27dba7c4a,download,0,5,0,2300910,0
1775726262,367f1ba0-3a73-4e8c-8daa-67458bf346b5,upload,0,1,0,584361,0
1775716822,16220f75-189c-4d49-b1b9-5a289a9f3df4,list,0,2,0,402065,0
1775738876,cc6a7b0a-aac4-45a5-89b8-538fccc1db40,download,0,5,0,805537,0
1775710528,e26907cb-e617-4ac2-b726-bea132470922,login,0,0,0,598939,0
1775757810,67b0661e-1123-49dd-9aab-466dbffefb05,upload,0,0,0,638489,0
1775719991,ab380f02-12bc-473b-a535-28f832822074,download,1,157,0,299262160,1
1775713688,8dfb3116-3ac3-4112-be98-a2662c81ae72,list,0,1,0,292733,0
1775735776,8f4bb3f7-7f34-4857-9345-cc7b691ec121,list,0,2,0,766266,0
1775707382,c74fcfdf-af81-457e-a423-f6336477d65e,upload,0,2,0,629072,0
1775761052,eafb92c7-9925-4cf6-9c62-aaf2d611150b,list,0,0,0,774501,0
1775707384,b49ce9ef-011a-422b-8b81-2506dc0fe127,download,0,1,0,5116856,0
1775742134,bb5a333e-d631-4644-91cc-88c161a23399,list,0,1,0,104681,0
1775723186,15dbe71f-eca0-41d6-8a3a-e5fd6d2c2fca,download,0,1,0,5055810,0
1775707387,4bcd6d06-db69-4a40-b976-05c7544a1a2c,list,0,2,0,144878,0
1775729522,bf43f002-7707-4271-b479-7bd6660b6627,list,0,0,0,630963,0
1775726367,af8ebf32-c726-48e0-b053-6e07e853a46c,upload,0,0,0,756221,0
1775748522,e26907cb-e617-4ac2-b726-bea132470922,upload,0,1,0,204273,0
1775716886,3e43f9fe-09aa-428c-895e-344049e5f0eb,login,0,2,0,996124,0
1775739052,67b0661e-1123-49dd-9aab-466dbffefb05,download,0,2,0,5063278,0
1775764399,15dbe71f-eca0-41d6-8a3a-e5fd6d2c2fca,login,0,1,0,254192,0
1775707394,9e0ad054-903f-4afb-93ab-d3f19bcb3be2,upload,0,0,0,785240,0
1775739085,ae00c3fa-f6d5-419b-8612-52db300d9dd9,upload,0,2,0,73216,0
1775732756,72e59186-4ee7-4a1e-9d41-155f00e06a95,login,0,2,0,279890,0
1775735936,ab380f02-12bc-473b-a535-28f832822074,download,1,130,0,111449564,1
1775758150,ace9ed8f-794e-41b0-ab66-c2ba52f19d0f,upload,0,0,0,403106,0
1775720091,9b308c90-9a9b-4ab3-be08-0ca6d6041471,list,0,0,0,851351,0
1775707400,ace9ed8f-794e-41b0-ab66-c2ba52f19d0f,download,0,3,0,1880678,0
1775761376,7019fef8-eee1-4780-8866-3cf355f39326,download,0,5,0,1993443,0
1775764570,25a72f32-e37a-4cab-b3f6-77192fc0aa35,download,0,3,0,4094320,0
1775735996,032b1a57-8090-46a1-b4e2-919eecba5a54,download,0,5,0,2716732,0
1775745540,9e0ad054-903f-4afb-93ab-d3f19bcb3be2,list,0,0,0,450229,0
1775726479,ad53681e-c36e-4b3f-a8ad-22cf2bd4a765,login,0,0,1,132257,0
1775713766,9e0ad054-903f-4afb-93ab-d3f19bcb3be2,download,0,3,0,3027508,0
1775745579,0c0ce9ee-9ada-4d72-a3f2-eb9483feabe8,login,0,2,0,76168,0
1775720136,0a847b66-6bdd-4f6c-9e30-f67be2e768e9,list,0,0,0,484726,0
1775751971,24981836-1892-4695-a7ba-6ea35f397c4d,list,0,0,0,348496,0
1775726514,2778adb7-8d25-4998-840b-d5914a0c3d4c,download,0,2,0,1977461,0
1775742446,8f4bb3f7-7f34-4857-9345-cc7b691ec121,download,0,5,0,698356,0
1775742458,12991671-ea7d-4165-971a-36942f3fa1d2,download,0,3,0,2544019,0
1775752031,af8ebf32-c726-48e0-b053-6e07e853a46c,login,0,1,1,881997,0
1775723354,94ebcab9-38b7-432d-8cff-b96fbc75dfcb,list,0,2,0,995587,0
1775748872,cfeed54f-cb0f-4fcb-a16f-f26aa8f69416,upload,0,0,0,1018240,0
1775729746,72e59186-4ee7-4a1e-9d41-155f00e06a95,list,0,1,0,66429,0
1775768046,f33ea619-379b-4fe8-8607-92f27dba7c4a,login,0,0,1,532944,0
1775742530,fd0692da-82f4-4c34-a563-b3e73b085db8,upload,0,1,0,543647,0
1775752121,fd0692da-82f4-4c34-a563-b3e73b085db8,login,0,2,1,496146,0
1775764912,2cfa69c9-d3d1-4780-967c-3e5e2ff36998,upload,0,2,0,357322,0
1775755346,67b0661e-1123-49dd-9aab-466dbffefb05,login,0,0,1,213415,0
1775713814,af8ebf32-c726-48e0-b053-6e07e853a46c,download,0,2,0,2933767,0
1775726605,15dbe71f-eca0-41d6-8a3a-e5fd6d2c2fca,list,0,2,0,434928,0
1775752196,167a8f34-3eb0-427e-b067-859df37c0547,upload,0,0,0,295197,0
1775720221,ab380f02-12bc-473b-a535-28f832822074,list,0,0,0,409470,0
1775736226,49dda7ce-0e05-4a40-a128-6349450ff1a6,list,0,1,0,795378,0
1775742638,fc4fad76-16bc-401b-88b4-73eedb5baf39,login,0,0,0,326186,0
1775710630,ae00c3fa-f6d5-419b-8612-52db300d9dd9,download,0,2,0,692473,0
1775761880,3f213bee-6235-480e-9e70-d5e80fd9ddc3,login,0,1,0,930286,0
1775739470,cc6a7b0a-aac4-45a5-89b8-538fccc1db40,upload,0,0,0,138398,0
1775707431,e26907cb-e617-4ac2-b726-bea132470922,login,0,2,1,632717,0
1775733080,fc4fad76-16bc-401b-88b4-73eedb5baf39,list,0,2,0,632748,0
1775749124,c8fc1656-71fd-4515-acfb-7ef374d44fe6,login,0,0,1,541106,0
1775713850,ad53681e-c36e-4b3f-a8ad-22cf2bd4a765,login,0,1,1,946128,0
1775733107,e26907cb-e617-4ac2-b726-bea132470922,upload,0,2,0,220141,0
1775768426,24981836-1892-4695-a7ba-6ea35f397c4d,list,0,2,0,649170,0
1775710648,f33ea619-379b-4fe8-8607-92f27dba7c4a,login,0,1,1,662607,0
1775765254,b49ce9ef-011a-422b-8b81-2506dc0fe127,upload,0,1,0,597958,0
1775768486,167a8f34-3eb0-427e-b067-859df37c0547,list,0,0,0,1044256,0
1775717082,c8fc1656-71fd-4515-acfb-7ef374d44fe6,login,0,1,0,167773,0
1775726731,ad53681e-c36e-4b3f-a8ad-22cf2bd4a765,login,0,0,0,674635,0
1775726738,167a8f34-3eb0-427e-b067-859df37c0547,login,0,2,0,651922,0
1775752481,367f1ba0-3a73-4e8c-8daa-67458bf346b5,login,0,2,1,246233,0
1775736406,167a8f34-3eb0-427e-b067-859df37c0547,list,0,2,0,598433,0
1775768606,72e59186-4ee7-4a1e-9d41-155f00e06a95,login,0,2,0,1003104,0
1775717106,8dfb3116-3ac3-4112-be98-a2662c81ae72,download,0,3,0,1941717,0
1775720331,c8fc1656-71fd-4515-acfb-7ef374d44fe6,download,0,2,0,2053226,0
1775749334,15dbe71f-eca0-41d6-8a3a-e5fd6d2c2fca,download,0,3,0,3645713,0
1775717118,ab380f02-12bc-473b-a535-28f832822074,upload,0,0,0,773238,0
1775746138,4a209499-fcdb-4d47-9fba-19deb77f4b7b,download,0,1,0,203361,0
1775720351,4b67bf97-823a-4df1-bde9-f0a99700964b,download,0,1,0,498609,0
1775768746,cfeed54f-cb0f-4fcb-a16f-f26aa8f69416,list,0,0,0,637815,0
1775759085,49dda7ce-0e05-4a40-a128-6349450ff1a6,upload,0,0,0,850776,0
1775749418,b49ce9ef-011a-422b-8b81-2506dc0fe127,download,0,2,0,713708,0
1775736516,032b1a57-8090-46a1-b4e2-919eecba5a54,login,0,0,0,987977,0
1775733296,c8fc1656-71fd-4515-acfb-7ef374d44fe6,download,0,2,0,2811178,0
1775707457,fc4fad76-16bc-401b-88b4-73eedb5baf39,list,0,1,0,980745,0
1775720386,4a209499-fcdb-4d47-9fba-19deb77f4b7b,list,0,1,0,304007,0
1775726857,3f213bee-6235-480e-9e70-d5e80fd9ddc3,login,0,0,1,223527,0
1775752736,c737d5c8-b53d-4464-a1d2-9e2bd7456966,download,0,3,0,3901622,0
1775739811,e26907cb-e617-4ac2-b726-bea132470922,list,0,1,0,360128,0
1775730114,16220f75-189c-4d49-b1b9-5a289a9f3df4,login,0,0,0,437192,0
1775759255,f33ea619-379b-4fe8-8607-92f27dba7c4a,upload,0,1,0,718611,0
1775746320,e26907cb-e617-4ac2-b726-bea132470922,upload,0,0,0,786127,0
1775743094,94ebcab9-38b7-432d-8cff-b96fbc75dfcb,login,0,0,0,433558,0
1775756066,bf43f002-7707-4271-b479-7bd6660b6627,login,0,2,1,179868,0
1775739877,ab380f02-12bc-473b-a535-28f832822074,download,0,1,0,5100982,0
1775723678,ad53681e-c36e-4b3f-a8ad-22cf2bd4a765,upload,0,2,0,922791,0
1775707469,2cfa69c9-d3d1-4780-967c-3e5e2ff36998,login,0,2,1,884100,0
1775730178,72e59186-4ee7-4a1e-9d41-155f00e06a95,download,0,3,0,3128059,0
1775723696,4b67bf97-823a-4df1-bde9-f0a99700964b,upload,0,0,0,640453,0
1775736686,24981836-1892-4695-a7ba-6ea35f397c4d,upload,0,2,0,525328,0
1775765919,cc6a7b0a-aac4-45a5-89b8-538fccc1db40,download,0,3,0,715803,0
1775710722,fd0692da-82f4-4c34-a563-b3e73b085db8,login,0,2,1,575388,0
1775710724,0a847b66-6bdd-4f6c-9e30-f67be2e768e9,list,0,1,0,290096,0
1775739976,ae00c3fa-f6d5-419b-8612-52db300d9dd9,list,0,2,0,220589,0
1775707477,3f213bee-6235-480e-9e70-d5e80fd9ddc3,login,0,2,1,484237,0
1775739998,032b1a57-8090-46a1-b4e2-919eecba5a54,list,0,0,0,557649,0
1775733503,cc6a7b0a-aac4-45a5-89b8-538fccc1db40,list,0,1,0,340878,0
1775769306,16220f75-189c-4d49-b1b9-5a289a9f3df4,list,0,2,0,80899,0
1775746541,ad53681e-c36e-4b3f-a8ad-22cf2bd4a765,login,0,2,1,485355,0
1775753066,c737d5c8-b53d-4464-a1d2-9e2bd7456966,login,0,0,0,730957,0
1775749824,3f213bee-6235-480e-9e70-d5e80fd9ddc3,list,0,2,0,860059,0
1775762870,ab380f02-12bc-473b-a535-28f832822074,download,0,2,0,318950,0
1775762888,ace9ed8f-794e-41b0-ab66-c2ba52f19d0f,login,0,1,0,242041,0
1775733566,25a72f32-e37a-4cab-b3f6-77192fc0aa35,upload,0,1,0,535615,0
1775710748,15dbe71f-eca0-41d6-8a3a-e5fd6d2c2fca,list,0,0,0,868146,0
1775733584,9b308c90-9a9b-4ab3-be08-0ca6d6041471,list,0,2,0,1015631,0
1775730330,67b0661e-1123-49dd-9aab-466dbffefb05,download,0,4,0,5075455,0
1775736866,9b308c90-9a9b-4ab3-be08-0ca6d6041471,download,0,5,0,1880530,0
1775766261,e26907cb-e617-4ac2-b726-bea132470922,login,0,1,1,1026713,0
1775763014,b49ce9ef-011a-422b-8b81-2506dc0fe127,login,0,2,1,797891,0
1775756498,25a72f32-e37a-4cab-b3f6-77192fc0aa35,upload,0,1,0,604282,0
1775717298,ab380f02-12bc-473b-a535-28f832822074,list,0,2,0,327681,0
1775730378,67b0661e-1123-49dd-9aab-466dbffefb05,upload,0,1,0,206713,0
1775727116,b49ce9ef-011a-422b-8b81-2506dc0fe127,login,1,0,0,99035,0
1775769646,cc6a7b0a-aac4-45a5-89b8-538fccc1db40,upload,0,0,0,937761,0
1775730402,67b0661e-1123-49dd-9aab-466dbffefb05,login,0,2,1,551600,0
1775743502,c737d5c8-b53d-4464-a1d2-9e2bd7456966,upload,0,0,0,54238,0
1775736966,f33ea619-379b-4fe8-8607-92f27dba7c4a,download,0,2,0,2250599,0
1775736976,25a72f32-e37a-4cab-b3f6-77192fc0aa35,download,0,3,0,4244658,0
1775717330,c8fc1656-71fd-4515-acfb-7ef374d44fe6,list,0,0,0,320337,0
1775717334,4b67bf97-823a-4df1-bde9-f0a99700964b,login,0,1,1,12271,0
1775740284,25a72f32-e37a-4cab-b3f6-77192fc0aa35,list,0,2,0,813563,0
1775759969,bb5a333e-d631-4644-91cc-88c161a23399,login,0,1,0,702851,0
1775746866,67b0661e-1123-49dd-9aab-466dbffefb05,upload,0,1,0,553416,0
1775733755,cc6a7b0a-aac4-45a5-89b8-538fccc1db40,upload,0,0,0,725876,0
1775740328,ab380f02-12bc-473b-a535-28f832822074,login,0,2,1,847665,0
1775710792,cc6a7b0a-aac4-45a5-89b8-538fccc1db40,upload,0,2,0,788261,0
1775714078,367f1ba0-3a73-4e8c-8daa-67458bf346b5,login,0,2,0,704354,0
1775766641,af8ebf32-c726-48e0-b053-6e07e853a46c,upload,0,0,0,14824,0
1775720656,cc6a7b0a-aac4-45a5-89b8-538fccc1db40,upload,0,0,0,672293,0
1775750244,bb5a333e-d631-4644-91cc-88c161a23399,download,0,1,0,428945,0
1775740394,167a8f34-3eb0-427e-b067-859df37c0547,login,0,2,0,218548,0
1775720671,8f4bb3f7-7f34-4857-9345-cc7b691ec121,list,0,2,0,792744,0
1775723966,25a72f32-e37a-4cab-b3f6-77192fc0aa35,list,0,0,0,779762,0
1775763464,4bcd6d06-db69-4a40-b976-05c7544a1a2c,upload,0,2,0,538722,0
1775707518,cc6a7b0a-aac4-45a5-89b8-538fccc1db40,upload,0,0,0,180026,0
1775717398,ab380f02-12bc-473b-a535-28f832822074,download,1,368,2,898268168,1
1775750342,c8fc1656-71fd-4515-acfb-7ef374d44fe6,download,0,3,0,3824937,0
1775730586,7019fef8-eee1-4780-8866-3cf355f39326,list,0,2,0,409159,0
1775717410,ab380f02-12bc-473b-a535-28f832822074,download,1,461,0,966909135,1
1775740493,9e0ad054-903f-4afb-93ab-d3f19bcb3be2,download,0,3,0,4131798,0
1775707524,4b67bf97-823a-4df1-bde9-f0a99700964b,login,0,0,1,594954,0
1775707525,af8ebf32-c726-48e0-b053-6e07e853a46c,list,0,1,0,960748,0
1775763626,cfeed54f-cb0f-4fcb-a16f-f26aa8f69416,download,0,2,0,73279,0
1775770246,0c0ce9ee-9ada-4d72-a3f2-eb9483feabe8,list,0,2,0,820527,0
1775717434,ab380f02-12bc-473b-a535-28f832822074,download,1,199,1,974119346,1
1775770286,bf43f002-7707-4271-b479-7bd6660b6627,login,0,0,0,124015,0
1775733962,ab380f02-12bc-473b-a535-28f832822074,download,1,492,1,315833673,1
1775767021,ab380f02-12bc-473b-a535-28f832822074,download,1,67,2,178606765,1
1775750510,c74fcfdf-af81-457e-a423-f6336477d65e,upload,0,2,0,859591,0
1775733989,ad53681e-c36e-4b3f-a8ad-22cf2bd4a765,download,0,3,0,4400450,0
1775717458,3797b81a-52e7-4e52-b1c1-6a9fc51bf6c4,login,0,1,0,184182,0
1775740625,b635daa1-ee9f-43f2-9a34-e1d43caad67b,list,0,1,0,724194,0
1775717466,3e43f9fe-09aa-428c-895e-344049e5f0eb,upload,1,2,0,367337,0
1775760513,b49ce9ef-011a-422b-8b81-2506dc0fe127,list,0,0,0,371875,0
1775743970,fc4fad76-16bc-401b-88b4-73eedb5baf39,upload,0,1,0,455880,0
1775727417,8dfb3116-3ac3-4112-be98-a2662c81ae72,upload,0,2,0,638741,0
1775743994,25a72f32-e37a-4cab-b3f6-77192fc0aa35,download,0,4,0,4834526,0
1775760581,ab380f02-12bc-473b-a535-28f832822074,list,0,0,0,322475,0
1775763914,9e93a6a6-b5c3-47bd-9b46-2b2d28bc37f7,upload,0,0,0,939004,0
1775750664,49dda7ce-0e05-4a40-a128-6349450ff1a6,download,0,2,0,258983,0
1775740724,af8ebf32-c726-48e0-b053-6e07e853a46c,list,0,1,0,77908,0
1775760649,ae00c3fa-f6d5-419b-8612-52db300d9dd9,login,0,2,0,204211,0
1775710866,9e93a6a6-b5c3-47bd-9b46-2b2d28bc37f7,list,0,2,0,933052,0
1775707547,c74fcfdf-af81-457e-a423-f6336477d65e,login,0,2,1,167917,0
1775740768,af8ebf32-c726-48e0-b053-6e07e853a46c,list,0,1,0,568035,0
1775740779,fd0692da-82f4-4c34-a563-b3e73b085db8,upload,0,2,0,218446,0
1775730818,9e93a6a6-b5c3-47bd-9b46-2b2d28bc37f7,login,0,1,1,685337,0
1775720851,4bcd6d06-db69-4a40-b976-05c7544a1a2c,download,0,5,0,1214656,0
1775734160,cfeed54f-cb0f-4fcb-a16f-f26aa8f69416,upload,0,2,0,67942,0
1775764112,24981836-1892-4695-a7ba-6ea35f397c4d,download,0,2,0,2031124,0
1775717538,4a209499-fcdb-4d47-9fba-19deb77f4b7b,list,0,0,0,589191,0
1775727529,2778adb7-8d25-4998-840b-d5914a0c3d4c,list,0,1,0,552275,0
1775714216,eafb92c7-9925-4cf6-9c62-aaf2d611150b,list,0,1,0,750173,0
1775714219,3f213bee-6235-480e-9e70-d5e80fd9ddc3,download,0,5,0,1108906,0
1775767534,ab380f02-12bc-473b-a535-28f832822074,list,0,1,0,205571,0
1775760887,c8fc1656-71fd-4515-acfb-7ef374d44fe6,upload,0,2,0,890872,0
1775707560,63ed13fc-16ff-4c73-adea-2135300ae355,upload,0,0,0,933563,0
1775720901,7019fef8-eee1-4780-8866-3cf355f39326,list,0,1,0,50010,0
1775707562,49dda7ce-0e05-4a40-a128-6349450ff1a6,download,0,1,0,1795788,0
1775754281,4a209499-fcdb-4d47-9fba-19deb77f4b7b,download,0,4,0,5009807,0
1775764310,cfeed54f-cb0f-4fcb-a16f-f26aa8f69416,upload,0,0,0,458759,0
1775717582,8dfb3116-3ac3-4112-be98-a2662c81ae72,download,0,4,0,5108094,0
1775737626,c74fcfdf-af81-457e-a423-f6336477d65e,list,0,1,0,640464,0
1775727613,ad53681e-c36e-4b3f-a8ad-22cf2bd4a765,download,0,2,0,2998663,0
1775737646,25a72f32-e37a-4cab-b3f6-77192fc0aa35,upload,0,2,0,844824,0
1775717598,167a8f34-3eb0-427e-b067-859df37c0547,list,0,0,0,153116,0
1775771106,f33ea619-379b-4fe8-8607-92f27dba7c4a,list,0,1,0,208825,0
1775714261,24981836-1892-4695-a7ba-6ea35f397c4d,login,0,1,0,626654,0
1775764454,3f213bee-6235-480e-9e70-d5e80fd9ddc3,login,0,0,1,390824,0
1775734349,16220f75-189c-4d49-b1b9-5a289a9f3df4,upload,0,0,0,42075,0
1775737706,ab380f02-12bc-473b-a535-28f832822074,download,0,2,0,2544692,0
1775724320,cfeed54f-cb0f-4fcb-a16f-f26aa8f69416,list,0,2,0,96555,0
1775720976,16220f75-189c-4d49-b1b9-5a289a9f3df4,list,0,2,0,1026086,0
1775764544,af8ebf32-c726-48e0-b053-6e07e853a46c,list,0,2,0,100439,0
1775751154,3797b81a-52e7-4e52-b1c1-6a9fc51bf6c4,upload,0,0,0,363868,0
1775714285,4bcd6d06-db69-4a40-b976-05c7544a1a2c,list,0,0,0,448965,0
1775714288,e26907cb-e617-4ac2-b726-bea132470922,list,0,2,0,157618,0
1775747841,6ced1eb4-5e32-4d6c-8280-0946d4f05bef,upload,0,2,0,539489,0
1775751210,6ced1eb4-5e32-4d6c-8280-0946d4f05bef,login,0,0,0,1045549,0
1775737796,63ed13fc-16ff-4c73-adea-2135300ae355,download,0,4,0,2273873,0
1775747880,bf43f002-7707-4271-b479-7bd6660b6627,list,0,0,0,277934,0
1775768047,c89fde94-1c9a-4e8a-90a3-c263cb7eb17e,list,0,0,0,837388,0
1775744546,49dda7ce-0e05-4a40-a128-6349450ff1a6,upload,0,2,0,199393,0
1775751280,9e0ad054-903f-4afb-93ab-d3f19bcb3be2,login,0,1,1,444002,0
1775731122,9e0ad054-903f-4afb-93ab-d3f19bcb3be2,download,0,1,0,2350656,0
1775717678,8f4bb3f7-7f34-4857-9345-cc7b691ec121,download,0,3,0,895105,0
1775741230,6ced1eb4-5e32-4d6c-8280-0946d4f05bef,download,0,3,0,1609321,0
1775734511,fd0692da-82f4-4c34-a563-b3e73b085db8,login,0,1,1,487351,0
1775744618,ab380f02-12bc-473b-a535-28f832822074,list,0,0,0,218094,0
1775710960,0c0ce9ee-9ada-4d72-a3f2-eb9483feabe8,list,0,0,0,911067,0
1775741274,3f213bee-6235-480e-9e70-d5e80fd9ddc3,upload,0,1,0,197407,0
1775768237,ae00c3fa-f6d5-419b-8612-52db300d9dd9,upload,0,0,0,581913,0
1775707596,af8ebf32-c726-48e0-b053-6e07e853a46c,upload,0,2,0,473716,0
1775764904,c8fc1656-71fd-4515-acfb-7ef374d44fe6,download,0,5,0,1906787,0
1775714342,ab380f02-12bc-473b-a535-28f832822074,upload,1,2,0,762634,0
1775707599,eafb92c7-9925-4cf6-9c62-aaf2d611150b,upload,0,0,0,513503,0
1775721096,fc4fad76-16bc-401b-88b4-73eedb5baf39,download,0,3,0,2463813,0
1775714351,c89fde94-1c9a-4e8a-90a3-c263cb7eb17e,upload,0,0,0,978141,0
1775727858,ae00c3fa-f6d5-419b-8612-52db300d9dd9,login,0,1,1,258388,0
1775717734,fd0692da-82f4-4c34-a563-b3e73b085db8,upload,0,0,0,190759,0
1775717738,af8ebf32-c726-48e0-b053-6e07e853a46c,upload,0,0,0,881856,0
1775758290,c737d5c8-b53d-4464-a1d2-9e2bd7456966,login,0,0,0,717628,0
1775724506,3f213bee-6235-480e-9e70-d5e80fd9ddc3,list,0,0,0,48570,0
1775727893,cc6a7b0a-aac4-45a5-89b8-538fccc1db40,upload,0,1,0,680803,0
1775717754,cfeed54f-cb0f-4fcb-a16f-f26aa8f69416,upload,0,0,0,187016,0
1775765120,24981836-1892-4695-a7ba-6ea35f397c4d,login,0,1,0,303952,0
1775707610,0c0ce9ee-9ada-4d72-a3f2-eb9483feabe8,login,0,1,0,8282,0
1775758386,367f1ba0-3a73-4e8c-8daa-67458bf346b5,download,0,2,0,1286733,0
1775727928,367f1ba0-3a73-4e8c-8daa-67458bf346b5,upload,0,1,0,1034606,0
1775711000,e26907cb-e617-4ac2-b726-bea132470922,download,0,2,0,1579003,0
1775707614,367f1ba0-3a73-4e8c-8daa-67458bf346b5,list,0,0,0,965431,0
1775748283,72e59186-4ee7-4a1e-9d41-155f00e06a95,upload,0,0,0,61339,0
1775731346,fd0692da-82f4-4c34-a563-b3e73b085db8,list,0,1,0,398432,0
1775717790,72e59186-4ee7-4a1e-9d41-155f00e06a95,download,0,1,0,829353,0
1775755106,ae00c3fa-f6d5-419b-8612-52db300d9dd9,download,0,4,0,5212550,0
1775724584,16220f75-189c-4d49-b1b9-5a289a9f3df4,login,0,1,0,672318,0
1775734772,2cfa69c9-d3d1-4780-967c-3e5e2ff36998,list,0,1,0,560942,0
1775751756,cc6a7b0a-aac4-45a5-89b8-538fccc1db40,list,0,0,0,361280,0
1775761958,fd0692da-82f4-4c34-a563-b3e73b085db8,list,0,2,0,369162,0
1775731402,49dda7ce-0e05-4a40-a128-6349450ff1a6,list,0,2,0,230736,0
1775755196,16220f75-189c-4d49-b1b9-5a289a9f3df4,login,0,1,1,727115,0
1775772206,4b67bf97-823a-4df1-bde9-f0a99700964b,download,0,4,0,1275586,0
1775765426,fd0692da-82f4-4c34-a563-b3e73b085db8,upload,0,0,0,280839,0
1775707627,16220f75-189c-4d49-b1b9-5a289a9f3df4,list,0,0,0,386032,0
1775762060,bf43f002-7707-4271-b479-7bd6660b6627,download,0,2,0,3162085,0
1775765480,e26907cb-e617-4ac2-b726-bea132470922,upload,0,0,0,500179,0
1775751882,ab380f02-12bc-473b-a535-28f832822074,download,1,250,2,663626862,1
1775741681,c89fde94-1c9a-4e8a-90a3-c263cb7eb17e,list,0,2,0,1047797,0
1775721256,63ed13fc-16ff-4c73-adea-2135300ae355,upload,0,0,0,684448,0
1775748517,ab380f02-12bc-473b-a535-28f832822074,download,1,448,1,390105673,1
1775707634,8f4bb3f7-7f34-4857-9345-cc7b691ec121,upload,0,0,0,444518,0
1775721271,ab380f02-12bc-473b-a535-28f832822074,download,1,349,1,587336308,1
1775711046,9e0ad054-903f-4afb-93ab-d3f19bcb3be2,login,0,2,1,220418,0
1775751980,ace9ed8f-794e-41b0-ab66-c2ba52f19d0f,upload,0,0,0,348610,0
1775772466,c737d5c8-b53d-4464-a1d2-9e2bd7456966,login,0,2,1,589968,0
1775714465,9e93a6a6-b5c3-47bd-9b46-2b2d28bc37f7,upload,0,0,0,575503,0
1775765678,bb5a333e-d631-4644-91cc-88c161a23399,upload,0,1,0,828646,0
1775721301,6ced1eb4-5e32-4d6c-8280-0946d4f05bef,upload,0,1,0,737204,0
1775731554,c74fcfdf-af81-457e-a423-f6336477d65e,download,0,5,0,4291328,0
1775758898,032b1a57-8090-46a1-b4e2-919eecba5a54,list,0,1,0,541288,0
1775724734,fd0692da-82f4-4c34-a563-b3e73b085db8,list,0,0,0,438099,0
1775748673,bf43f002-7707-4271-b479-7bd6660b6627,upload,0,0,0,856968,0
1775721326,49dda7ce-0e05-4a40-a128-6349450ff1a6,login,0,1,0,624403,0
1775755541,af8ebf32-c726-48e0-b053-6e07e853a46c,login,0,0,1,600873,0
1775735024,8dfb3116-3ac3-4112-be98-a2662c81ae72,download,0,2,0,4492654,0
1775724764,c737d5c8-b53d-4464-a1d2-9e2bd7456966,login,0,2,0,514520,0
1775748738,367f1ba0-3a73-4e8c-8daa-67458bf346b5,download,0,3,0,3923100,0
1775714501,ab380f02-12bc-473b-a535-28f832822074,download,1,337,1,791115951,1
1775707652,9e0ad054-903f-4afb-93ab-d3f19bcb3be2,upload,0,2,0,203245,0
1775735069,67b0661e-1123-49dd-9aab-466dbffefb05,login,0,2,1,262405,0
1775769358,ab380f02-12bc-473b-a535-28f832822074,download,1,297,1,388479291,1
1775759090,49dda7ce-0e05-4a40-a128-6349450ff1a6,list,0,0,0,225700,0
1775741956,72e59186-4ee7-4a1e-9d41-155f00e06a95,download,0,5,0,1819666,0
1775717950,7019fef8-eee1-4780-8866-3cf355f39326,upload,0,2,0,408900,0
1775748842,f33ea619-379b-4fe8-8607-92f27dba7c4a,list,0,1,0,282549,0
1775748855,12991671-ea7d-4165-971a-36942f3fa1d2,upload,0,1,0,466233,0
1775752302,ab380f02-12bc-473b-a535-28f832822074,login,0,0,1,131471,0
1775742011,2cfa69c9-d3d1-4780-967c-3e5e2ff36998,login,0,2,1,764089,0
1775724842,e26907cb-e617-4ac2-b726-bea132470922,login,0,1,1,644333,0
1775707663,cc6a7b0a-aac4-45a5-89b8-538fccc1db40,list,0,1,0,726451,0
1775735168,cfeed54f-cb0f-4fcb-a16f-f26aa8f69416,login,0,0,0,566357,0
1775745494,9e93a6a6-b5c3-47bd-9b46-2b2d28bc37f7,login,0,0,0,106852,0
1775745506,3797b81a-52e7-4e52-b1c1-6a9fc51bf6c4,login,0,0,1,29567,0
1775714549,c74fcfdf-af81-457e-a423-f6336477d65e,download,0,4,0,3289397,0
1775766182,7019fef8-eee1-4780-8866-3cf355f39326,upload,0,1,0,353593,0
1775731770,16220f75-189c-4d49-b1b9-5a289a9f3df4,download,0,1,0,5161624,0
1775718002,c737d5c8-b53d-4464-a1d2-9e2bd7456966,login,1,2,0,936117,0
1775711116,15dbe71f-eca0-41d6-8a3a-e5fd6d2c2fca,login,0,1,1,406289,0
1775721456,b49ce9ef-011a-422b-8b81-2506dc0fe127,download,0,5,0,1476047,0
1775752484,8dfb3116-3ac3-4112-be98-a2662c81ae72,download,0,2,0,4132635,0
1775755946,c8fc1656-71fd-4515-acfb-7ef374d44fe6,upload,0,2,0,58239,0
1775755961,ad53681e-c36e-4b3f-a8ad-22cf2bd4a765,download,0,4,0,488905,0
1775766326,2cfa69c9-d3d1-4780-967c-3e5e2ff36998,list,0,1,0,687093,0
1775724932,ae00c3fa-f6d5-419b-8612-52db300d9dd9,login,0,0,1,784012,0
1775711130,fd0692da-82f4-4c34-a563-b3e73b085db8,login,0,1,1,560259,0
1775714585,24981836-1892-4695-a7ba-6ea35f397c4d,login,0,0,1,301106,0
1775724950,2cfa69c9-d3d1-4780-967c-3e5e2ff36998,upload,0,1,0,70527,0
1775769871,7019fef8-eee1-4780-8866-3cf355f39326,login,0,0,0,570276,0
1775752610,24981836-1892-4695-a7ba-6ea35f397c4d,upload,0,0,0,394001,0
1775745710,ab380f02-12bc-473b-a535-28f832822074,download,0,1,0,2554055,0
1775742264,cc6a7b0a-aac4-45a5-89b8-538fccc1db40,upload,0,1,0,678552,0
1775742275,cfeed54f-cb0f-4fcb-a16f-f26aa8f69416,login,0,1,1,155861,0
1775752666,cfeed54f-cb0f-4fcb-a16f-f26aa8f69416,login,0,2,1,713774,0
1775731914,15dbe71f-eca0-41d6-8a3a-e5fd6d2c2fca,login,0,0,0,652990,0
1775707688,4b67bf97-823a-4df1-bde9-f0a99700964b,login,0,2,1,851316,0
1775742319,16220f75-189c-4d49-b1b9-5a289a9f3df4,upload,0,0,0,335226,0
1775718082,8dfb3116-3ac3-4112-be98-a2662c81ae72,upload,0,0,0,4613,0
1775731946,67b0661e-1123-49dd-9aab-466dbffefb05,login,0,0,0,484170,0
1775735420,12991671-ea7d-4165-971a-36942f3fa1d2,login,0,2,0,367407,0
1775749297,af8ebf32-c726-48e0-b053-6e07e853a46c,login,0,0,1,156739,0
1775752778,0c0ce9ee-9ada-4d72-a3f2-eb9483feabe8,login,0,2,1,349926,0
1775759730,9e0ad054-903f-4afb-93ab-d3f19bcb3be2,login,0,2,0,587743,0
1775718106,c89fde94-1c9a-4e8a-90a3-c263cb7eb17e,list,0,2,0,849507,0
1775770175,e26907cb-e617-4ac2-b726-bea132470922,list,0,1,0,460024,0
1775721586,0a847b66-6bdd-4f6c-9e30-f67be2e768e9,upload,0,1,0,1035159,0
1775752848,f33ea619-379b-4fe8-8607-92f27dba7c4a,login,0,2,0,217800,0
1775735492,3e43f9fe-09aa-428c-895e-344049e5f0eb,download,0,2,0,3829001,0
1775759826,ad53681e-c36e-4b3f-a8ad-22cf2bd4a765,upload,0,2,0,9927,0
1775763318,c737d5c8-b53d-4464-a1d2-9e2bd7456966,download,0,5,0,3163134,0
1775763335,0c0ce9ee-9ada-4d72-a3f2-eb9483feabe8,download,0,4,0,2780589,0
1775732050,0c0ce9ee-9ada-4d72-a3f2-eb9483feabe8,list,0,1,0,737109,0
1775718142,16220f75-189c-4d49-b1b9-5a289a9f3df4,upload,0,1,0,36732,0
1775711186,c8fc1656-71fd-4515-acfb-7ef374d44fe6,download,0,5,0,1999701,0
1775707707,b49ce9ef-011a-422b-8b81-2506dc0fe127,download,0,1,0,1073486,0
1775721636,3797b81a-52e7-4e52-b1c1-6a9fc51bf6c4,upload,0,1,0,831386,0
1775735573,4b67bf97-823a-4df1-bde9-f0a99700964b,login,0,1,0,1013856,0
1775739066,cc6a7b0a-aac4-45a5-89b8-538fccc1db40,list,0,2,0,869561,0
1775721651,367f1ba0-3a73-4e8c-8daa-67458bf346b5,list,0,0,0,31552,0
1775753030,9e93a6a6-b5c3-47bd-9b46-2b2d28bc37f7,login,0,1,0,682668,0
1775746070,9b308c90-9a9b-4ab3-be08-0ca6d6041471,upload,0,2,0,953610,0
1775760034,15dbe71f-eca0-41d6-8a3a-e5fd6d2c2fca,upload,0,0,0,815297,0
1775756561,0a847b66-6bdd-4f6c-9e30-f67be2e768e9,download,0,2,0,278785,0
1775711206,167a8f34-3eb0-427e-b067-859df37c0547,download,0,2,0,1058075,0
1775746118,bf43f002-7707-4271-b479-7bd6660b6627,login,0,2,0,850976,0
1775711210,2778adb7-8d25-4998-840b-d5914a0c3d4c,login,0,0,1,930759,0
1775770593,8dfb3116-3ac3-4112-be98-a2662c81ae72,login,0,0,0,844118,0
1775718202,bf43f002-7707-4271-b479-7bd6660b6627,upload,0,2,0,193435,0
1775742671,9e93a6a6-b5c3-47bd-9b46-2b2d28bc37f7,upload,0,0,0,834849,0
1775760162,15dbe71f-eca0-41d6-8a3a-e5fd6d2c2fca,list,0,1,0,936608,0
1775770669,c74fcfdf-af81-457e-a423-f6336477d65e,login,0,0,1,696034,0
1775714720,8dfb3116-3ac3-4112-be98-a2662c81ae72,upload,0,0,0,654660,0
1775763709,7019fef8-eee1-4780-8866-3cf355f39326,upload,0,2,0,29142,0
1775770726,b635daa1-ee9f-43f2-9a34-e1d43caad67b,upload,0,2,0,314782,0
1775756741,8f4bb3f7-7f34-4857-9345-cc7b691ec121,login,0,0,1,340693,0
1775770764,ab380f02-12bc-473b-a535-28f832822074,list,0,2,0,164555,0
1775732250,c8fc1656-71fd-4515-acfb-7ef374d44fe6,list,0,2,0,125087,0
1775767298,c8fc1656-71fd-4515-acfb-7ef374d44fe6,download,0,5,0,998905,0
1775728761,4bcd6d06-db69-4a40-b976-05c7544a1a2c,upload,0,0,0,879770,0
1775763828,15dbe71f-eca0-41d6-8a3a-e5fd6d2c2fca,list,0,0,0,203743,0
1775721761,12991671-ea7d-4165-971a-36942f3fa1d2,upload,0,2,0,381524,0
1775725274,15dbe71f-eca0-41d6-8a3a-e5fd6d2c2fca,upload,0,2,0,860478,0
1775753352,25a72f32-e37a-4cab-b3f6-77192fc0aa35,list,0,2,0,968157,0
1775760386,0c0ce9ee-9ada-4d72-a3f2-eb9483feabe8,upload,0,2,0,142163,0
1775742847,ad53681e-c36e-4b3f-a8ad-22cf2bd4a765,upload,0,0,0,862896,0
1775739346,fc4fad76-16bc-401b-88b4-73eedb5baf39,download,0,4,0,928751,0
1775760434,8dfb3116-3ac3-4112-be98-a2662c81ae72,login,0,2,1,724224,0
1775760450,7019fef8-eee1-4780-8866-3cf355f39326,download,0,2,0,2382539,0
1775728831,ab380f02-12bc-473b-a535-28f832822074,download,1,116,2,899700010,1
1775718290,63ed13fc-16ff-4c73-adea-2135300ae355,login,0,1,1,595584,0
1775728845,4bcd6d06-db69-4a40-b976-05c7544a1a2c,login,0,1,1,666022,0
1775728852,cfeed54f-cb0f-4fcb-a16f-f26aa8f69416,download,0,4,0,3176973,0
1775764049,4a209499-fcdb-4d47-9fba-19deb77f4b7b,login,0,1,0,880746,0
1775725346,72e59186-4ee7-4a1e-9d41-155f00e06a95,upload,0,1,0,383080,0
1775774646,9e93a6a6-b5c3-47bd-9b46-2b2d28bc37f7,download,0,5,0,3311799,0
1775728880,ab380f02-12bc-473b-a535-28f832822074,download,1,160,1,196669945,1
1775714795,8f4bb3f7-7f34-4857-9345-cc7b691ec121,upload,0,1,0,303349,0
1775757086,63ed13fc-16ff-4c73-adea-2135300ae355,download,0,5,0,3571329,0
1775760626,0c0ce9ee-9ada-4d72-a3f2-eb9483feabe8,download,0,5,0,3851038,0
1775774746,032b1a57-8090-46a1-b4e2-919eecba5a54,list,0,0,0,35308,0
1775725388,4bcd6d06-db69-4a40-b976-05c7544a1a2c,login,0,0,0,364302,0
1775771258,3e43f9fe-09aa-428c-895e-344049e5f0eb,download,0,2,0,728568,0
1775757161,6ced1eb4-5e32-4d6c-8280-0946d4f05bef,login,0,1,0,36190,0
1775732466,c737d5c8-b53d-4464-a1d2-9e2bd7456966,upload,0,1,0,485269,0
1775753660,8dfb3116-3ac3-4112-be98-a2662c81ae72,download,0,5,0,2759394,0
1775725418,3e43f9fe-09aa-428c-895e-344049e5f0eb,list,0,2,0,361115,0
1775725424,72e59186-4ee7-4a1e-9d41-155f00e06a95,list,0,0,0,955804,0
1775757236,49dda7ce-0e05-4a40-a128-6349450ff1a6,list,0,0,0,1008562,0
1775714831,4b67bf97-823a-4df1-bde9-f0a99700964b,list,0,1,0,1025607,0
1775753730,ab380f02-12bc-473b-a535-28f832822074,download,1,168,1,143124213,1
1775714837,fd0692da-82f4-4c34-a563-b3e73b085db8,login,0,2,0,192818,0
1775746682,0a847b66-6bdd-4f6c-9e30-f67be2e768e9,download,0,3,0,4033854,0
1775736077,af8ebf32-c726-48e0-b053-6e07e853a46c,download,0,3,0,4964212,0
1775711306,cc6a7b0a-aac4-45a5-89b8-538fccc1db40,login,0,2,0,804022,0
1775764423,0a847b66-6bdd-4f6c-9e30-f67be2e768e9,login,0,2,1,768559,0
1775714852,67b0661e-1123-49dd-9aab-466dbffefb05,list,0,2,0,451771,0
1775750285,eafb92c7-9925-4cf6-9c62-aaf2d611150b,download,0,1,0,242324,0
1775729034,ad53681e-c36e-4b3f-a8ad-22cf2bd4a765,upload,0,1,0,168552,0
1775711316,72e59186-4ee7-4a1e-9d41-155f00e06a95,download,0,3,0,548701,0
1775757416,6ced1eb4-5e32-4d6c-8280-0946d4f05bef,download,0,3,0,4325828,0
1775718414,4bcd6d06-db69-4a40-b976-05c7544a1a2c,list,0,0,0,394443,0
1775711322,fc4fad76-16bc-401b-88b4-73eedb5baf39,list,0,1,0,878321,0
1775714873,ae00c3fa-f6d5-419b-8612-52db300d9dd9,list,0,0,0,833925,0
1775736176,167a8f34-3eb0-427e-b067-859df37c0547,list,0,1,0,871178,0
1775707777,e26907cb-e617-4ac2-b726-bea132470922,list,0,2,0,880027,0
1775743298,67b0661e-1123-49dd-9aab-466dbffefb05,upload,0,1,0,687260,0
1775753968,67b0661e-1123-49dd-9aab-466dbffefb05,list,0,2,0,692609,0
1775711334,25a72f32-e37a-4cab-b3f6-77192fc0aa35,list,0,1,0,325880,0
1775722001,c74fcfdf-af81-457e-a423-f6336477d65e,login,0,0,0,767896,0
1775718450,72e59186-4ee7-4a1e-9d41-155f00e06a95,download,0,1,0,996305,0
1775754024,15dbe71f-eca0-41d6-8a3a-e5fd6d2c2fca,login,0,2,0,503863,0
1775768270,367f1ba0-3a73-4e8c-8daa-67458bf346b5,upload,0,1,0,315122,0
1775718462,c737d5c8-b53d-4464-a1d2-9e2bd7456966,login,0,1,0,663594,0
1775736266,ab380f02-12bc-473b-a535-28f832822074,download,1,267,2,706643555,1
1775711348,032b1a57-8090-46a1-b4e2-919eecba5a54,login,0,2,0,280095,0
1775771904,3e43f9fe-09aa-428c-895e-344049e5f0eb,login,0,1,1,341397,0
1775771923,2cfa69c9-d3d1-4780-967c-3e5e2ff36998,login,0,2,1,977343,0
1775750558,f33ea619-379b-4fe8-8607-92f27dba7c4a,login,0,2,1,293547,0
1775707791,e26907cb-e617-4ac2-b726-bea132470922,login,0,1,1,570418,0
1775739886,cc6a7b0a-aac4-45a5-89b8-538fccc1db40,upload,0,2,0,273103,0
1775757731,bf43f002-7707-4271-b479-7bd6660b6627,login,0,0,1,865162,0
1775714930,3797b81a-52e7-4e52-b1c1-6a9fc51bf6c4,download,0,3,0,1304898,0
1775761330,0c0ce9ee-9ada-4d72-a3f2-eb9483feabe8,upload,0,2,0,141281,0
1775718506,af8ebf32-c726-48e0-b053-6e07e853a46c,login,0,2,1,346095,0
1775725652,3f213bee-6235-480e-9e70-d5e80fd9ddc3,login,0,0,1,640528,0
1775732802,167a8f34-3eb0-427e-b067-859df37c0547,list,0,2,0,260590,0
1775725664,94ebcab9-38b7-432d-8cff-b96fbc75dfcb,login,0,1,0,308269,0
1775768558,b49ce9ef-011a-422b-8b81-2506dc0fe127,upload,0,0,0,719303,0
1775732826,ab380f02-12bc-473b-a535-28f832822074,download,1,293,2,251387732,1
1775761442,c8fc1656-71fd-4515-acfb-7ef374d44fe6,upload,0,1,0,786567,0
1775750727,c89fde94-1c9a-4e8a-90a3-c263cb7eb17e,list,0,0,0,301931,0
1775711382,8f4bb3f7-7f34-4857-9345-cc7b691ec121,login,0,1,1,444108,0
1775725700,bf43f002-7707-4271-b479-7bd6660b6627,upload,0,2,0,606212,0
1775765086,c89fde94-1c9a-4e8a-90a3-c263cb7eb17e,upload,0,0,0,524191,0
1775711388,9e0ad054-903f-4afb-93ab-d3f19bcb3be2,upload,0,0,0,642646,0
1775736464,bb5a333e-d631-4644-91cc-88c161a23399,login,0,0,0,474275,0
1775714975,4b67bf97-823a-4df1-bde9-f0a99700964b,list,0,0,0,888858,0
1775725730,2778adb7-8d25-4998-840b-d5914a0c3d4c,login,0,0,1,152986,0
1775718566,67b0661e-1123-49dd-9aab-466dbffefb05,download,0,1,0,2680743,0
1775754430,4b67bf97-823a-4df1-bde9-f0a99700964b,list,1,0,0,653710,0
1775750857,63ed13fc-16ff-4c73-adea-2135300ae355,download,0,1,0,1063483,0
1775722166,ab380f02-12bc-473b-a535-28f832822074,download,1,94,2,956964109,1
1775743705,c8fc1656-71fd-4515-acfb-7ef374d44fe6,download,0,3,0,2562915,0
1775718586,67b0661e-1123-49dd-9aab-466dbffefb05,upload,0,2,0,801783,0
1775772455,24981836-1892-4695-a7ba-6ea35f397c4d,download,0,4,0,3549197,0
1775747330,032b1a57-8090-46a1-b4e2-919eecba5a54,login,0,0,1,991238,0
1775725784,ab380f02-12bc-473b-a535-28f832822074,download,1,380,1,999633141,1
1775725790,c737d5c8-b53d-4464-a1d2-9e2bd7456966,login,0,0,0,305404,0
1775715011,b635daa1-ee9f-43f2-9a34-e1d43caad67b,login,0,0,0,476179,0
1775768954,67b0661e-1123-49dd-9aab-466dbffefb05,upload,0,2,0,348013,0
1775761778,7019fef8-eee1-4780-8866-3cf355f39326,list,0,2,0,813614,0
1775722216,94ebcab9-38b7-432d-8cff-b96fbc75dfcb,login,0,0,1,219532,0
1775743815,6ced1eb4-5e32-4d6c-8280-0946d4f05bef,download,0,5,0,5085778,0
1775765426,032b1a57-8090-46a1-b4e2-919eecba5a54,download,0,1,0,481623,0
1775761842,3797b81a-52e7-4e52-b1c1-6a9fc51bf6c4,upload,0,2,0,464665,0
1775736644,ab380f02-12bc-473b-a535-28f832822074,upload,0,0,0,688760,0
1775754668,e26907cb-e617-4ac2-b726-bea132470922,upload,0,2,0,931217,0
1775707830,3f213bee-6235-480e-9e70-d5e80fd9ddc3,list,0,1,0,53435,0
1775751091,67b0661e-1123-49dd-9aab-466dbffefb05,login,0,1,0,442932,0
1775743892,c89fde94-1c9a-4e8a-90a3-c263cb7eb17e,download,0,4,0,5102723,0
1775736689,9e0ad054-903f-4afb-93ab-d3f19bcb3be2,list,0,1,0,421012,0
1775718658,63ed13fc-16ff-4c73-adea-2135300ae355,download,0,1,0,5015631,0
1775747534,4a209499-fcdb-4d47-9fba-19deb77f4b7b,login,0,1,1,513103,0
1775758376,fc4fad76-16bc-401b-88b4-73eedb5baf39,list,0,2,0,378167,0
1775729503,25a72f32-e37a-4cab-b3f6-77192fc0aa35,upload,0,1,0,244751,0
1775736734,f33ea619-379b-4fe8-8607-92f27dba7c4a,upload,0,0,0,845813,0
1775733130,9e0ad054-903f-4afb-93ab-d3f19bcb3be2,list,0,0,0,475151,0
1775754822,9e0ad054-903f-4afb-93ab-d3f19bcb3be2,download,0,5,0,4953305,0
1775758451,3e43f9fe-09aa-428c-895e-344049e5f0eb,list,0,2,0,1044491,0
1775722306,67b0661e-1123-49dd-9aab-466dbffefb05,list,0,0,0,935090,0
1775725928,0a847b66-6bdd-4f6c-9e30-f67be2e768e9,upload,0,2,0,936146,0
1775707844,cfeed54f-cb0f-4fcb-a16f-f26aa8f69416,list,0,0,0,152709,0
1775769368,ab380f02-12bc-473b-a535-28f832822074,download,1,107,0,213365371,1
1775707846,cfeed54f-cb0f-4fcb-a16f-f26aa8f69416,upload,0,1,0,227968,0
1775773025,3f213bee-6235-480e-9e70-d5e80fd9ddc3,upload,0,0,0,672462,0
1775707848,f33ea619-379b-4fe8-8607-92f27dba7c4a,list,0,1,0,1005632,0
1775711472,6ced1eb4-5e32-4d6c-8280-0946d4f05bef,list,0,0,0,42037,0
1775765834,2cfa69c9-d3d1-4780-967c-3e5e2ff36998,download,0,4,0,1193812,0
1775769476,ab380f02-12bc-473b-a535-28f832822074,download,1,140,1,1016010717,1
1775736860,6ced1eb4-5e32-4d6c-8280-0946d4f05bef,download,0,2,0,710037,0
1775747750,fc4fad76-16bc-401b-88b4-73eedb5baf39,login,0,1,0,56897,0
1775736878,16220f75-189c-4d49-b1b9-5a289a9f3df4,download,0,5,0,3318661,0
1775751403,ab380f02-12bc-473b-a535-28f832822074,download,1,437,1,857094109,1
1775773196,e26907cb-e617-4ac2-b726-bea132470922,list,0,0,0,910672,0
1775765953,0a847b66-6bdd-4f6c-9e30-f67be2e768e9,login,0,0,1,757597,0
1775755074,8f4bb3f7-7f34-4857-9345-cc7b691ec121,list,0,2,0,270649,0
1775744189,ace9ed8f-794e-41b0-ab66-c2ba52f19d0f,download,0,4,0,685346,0
1775726030,2778adb7-8d25-4998-840b-d5914a0c3d4c,download,0,5,0,4172233,0
1775751481,3e43f9fe-09aa-428c-895e-344049e5f0eb,login,0,0,1,480300,0
1775747858,f33ea619-379b-4fe8-8607-92f27dba7c4a,login,0,0,0,747852,0
1775733322,49dda7ce-0e05-4a40-a128-6349450ff1a6,upload,0,2,0,7131,0
1775722416,c737d5c8-b53d-4464-a1d2-9e2bd7456966,download,0,4,0,2873297,0
1775758811,c737d5c8-b53d-4464-a1d2-9e2bd7456966,download,0,1,0,1662653,0
1775762466,67b0661e-1123-49dd-9aab-466dbffefb05,list,0,0,0,11190,0
1775707867,af8ebf32-c726-48e0-b053-6e07e853a46c,list,0,2,0,163223,0
1775740646,b635daa1-ee9f-43f2-9a34-e1d43caad67b,list,0,2,0,593476,0
1775744299,8dfb3116-3ac3-4112-be98-a2662c81ae72,list,0,2,0,751150,0
1775755242,72e59186-4ee7-4a1e-9d41-155f00e06a95,list,0,2,0,158318,0
1775758901,ae00c3fa-f6d5-419b-8612-52db300d9dd9,download,0,5,0,1255834,0
1775762562,24981836-1892-4695-a7ba-6ea35f397c4d,list,0,2,0,868548,0
1775758931,af8ebf32-c726-48e0-b053-6e07e853a46c,login,0,0,0,48365,0
1775718818,9b308c90-9a9b-4ab3-be08-0ca6d6041471,list,0,2,0,510874,0
1775777206,63ed13fc-16ff-4c73-adea-2135300ae355,download,0,5,0,5211718,0
1775762626,67b0661e-1123-49dd-9aab-466dbffefb05,login,0,0,1,455756,0
1775722481,fd0692da-82f4-4c34-a563-b3e73b085db8,login,0,1,1,437429,0
1775740746,0c0ce9ee-9ada-4d72-a3f2-eb9483feabe8,upload,0,0,0,401498,0
1775737103,c737d5c8-b53d-4464-a1d2-9e2bd7456966,list,0,1,0,895072,0
1775718842,3f213bee-6235-480e-9e70-d5e80fd9ddc3,download,0,4,0,1839850,0
1775726156,ab380f02-12bc-473b-a535-28f832822074,login,0,1,1,701595,0
1775762722,3797b81a-52e7-4e52-b1c1-6a9fc51bf6c4,download,0,5,0,1680570,0
1775751767,6ced1eb4-5e32-4d6c-8280-0946d4f05bef,login,0,0,0,798922,0
1775770070,6ced1eb4-5e32-4d6c-8280-0946d4f05bef,upload,0,1,0,854500,0
1775707885,ab380f02-12bc-473b-a535-28f832822074,download,1,305,2,624753800,1
1775718866,49dda7ce-0e05-4a40-a128-6349450ff1a6,list,0,1,0,976395,0
1775740836,c737d5c8-b53d-4464-a1d2-9e2bd7456966,login,0,0,1,119186,0
1775707888,4bcd6d06-db69-4a40-b976-05c7544a1a2c,download,0,4,0,3814458,0
1775729867,9b308c90-9a9b-4ab3-be08-0ca6d6041471,login,0,2,1,983656,0
1775748194,9e0ad054-903f-4afb-93ab-d3f19bcb3be2,upload,0,0,0,518462,0
1775773861,15dbe71f-eca0-41d6-8a3a-e5fd6d2c2fca,download,0,1,0,2380886,0
1775740886,2cfa69c9-d3d1-4780-967c-3e5e2ff36998,login,0,0,0,387283,0
1775707893,cc6a7b0a-aac4-45a5-89b8-538fccc1db40,upload,0,1,0,566397,0
1775773918,fc4fad76-16bc-401b-88b4-73eedb5baf39,login,0,1,0,738379,0
1775722571,25a72f32-e37a-4cab-b3f6-77192fc0aa35,upload,0,1,0,149608,0
1775715236,7019fef8-eee1-4780-8866-3cf355f39326,list,0,0,0,411821,0
1775777646,ab380f02-12bc-473b-a535-28f832822074,list,0,0,0,918710,0
1775755634,eafb92c7-9925-4cf6-9c62-aaf2d611150b,login,0,2,1,369719,0
1775718918,bf43f002-7707-4271-b479-7bd6660b6627,download,0,2,0,4820223,0
1775744640,c74fcfdf-af81-457e-a423-f6336477d65e,upload,0,1,0,723803,0
1775770376,94ebcab9-38b7-432d-8cff-b96fbc75dfcb,upload,0,2,0,213614,0
1775777746,fd0692da-82f4-4c34-a563-b3e73b085db8,upload,0,0,0,132166,0
1775733642,ab380f02-12bc-473b-a535-28f832822074,download,1,238,2,224913583,1
1775707904,bf43f002-7707-4271-b479-7bd6660b6627,download,0,3,0,3485100,0
1775755732,367f1ba0-3a73-4e8c-8daa-67458bf346b5,list,0,2,0,870207,0
1775744706,ae00c3fa-f6d5-419b-8612-52db300d9dd9,list,0,0,0,685597,0
1775763122,72e59186-4ee7-4a1e-9d41-155f00e06a95,upload,0,2,0,1031919,0
1775741046,8dfb3116-3ac3-4112-be98-a2662c81ae72,login,0,0,1,949037,0
1775748422,94ebcab9-38b7-432d-8cff-b96fbc75dfcb,list,0,1,0,683039,0
1775755802,0c0ce9ee-9ada-4d72-a3f2-eb9483feabe8,download,0,3,0,2088174,0
1775741076,49dda7ce-0e05-4a40-a128-6349450ff1a6,list,0,1,0,858960,0
1775763202,eafb92c7-9925-4cf6-9c62-aaf2d611150b,list,0,0,0,220185,0
1775730035,b49ce9ef-011a-422b-8b81-2506dc0fe127,list,0,2,0,61816,0
1775715290,63ed13fc-16ff-4c73-adea-2135300ae355,download,0,2,0,17332,0
1775759561,12991671-ea7d-4165-971a-36942f3fa1d2,list,0,0,0,914826,0
1775752196,67b0661e-1123-49dd-9aab-466dbffefb05,download,0,2,0,1799423,0
1775763282,ab380f02-12bc-473b-a535-28f832822074,download,1,366,2,380069374,1
1775752222,eafb92c7-9925-4cf6-9c62-aaf2d611150b,list,0,2,0,725954,0
1775707919,f33ea619-379b-4fe8-8607-92f27dba7c4a,list,0,2,0,926680,0
1775748554,9e93a6a6-b5c3-47bd-9b46-2b2d28bc37f7,login,0,2,1,724854,0
1775715311,72e59186-4ee7-4a1e-9d41-155f00e06a95,upload,0,0,0,460411,0
1775774450,25a72f32-e37a-4cab-b3f6-77192fc0aa35,upload,0,1,0,424978,0
1775748590,ab380f02-12bc-473b-a535-28f832822074,download,0,3,0,4298740,0
1775752300,3797b81a-52e7-4e52-b1c1-6a9fc51bf6c4,login,0,1,1,647275,0
1775778206,8dfb3116-3ac3-4112-be98-a2662c81ae72,upload,0,1,0,301748,0
1775756026,67b0661e-1123-49dd-9aab-466dbffefb05,download,0,4,0,2035517,0
1775715329,f33ea619-379b-4fe8-8607-92f27dba7c4a,download,0,2,0,5180742,0
1775770862,3f213bee-6235-480e-9e70-d5e80fd9ddc3,list,0,0,0,804696,0
1775719038,7019fef8-eee1-4780-8866-3cf355f39326,upload,0,2,0,426357,0
1775730154,9e0ad054-903f-4afb-93ab-d3f19bcb3be2,list,0,2,0,376358,0
1775759801,3f213bee-6235-480e-9e70-d5e80fd9ddc3,login,0,0,1,882104,0
1775737580,eafb92c7-9925-4cf6-9c62-aaf2d611150b,upload,0,2,0,198504,0
1775726468,fd0692da-82f4-4c34-a563-b3e73b085db8,list,0,0,0,666844,0
1775737598,ab380f02-12bc-473b-a535-28f832822074,download,1,69,1,271021164,1
1775711644,367f1ba0-3a73-4e8c-8daa-67458bf346b5,list,0,2,0,897260,0
1775763586,2778adb7-8d25-4998-840b-d5914a0c3d4c,download,0,3,0,2409756,0
1775748758,6ced1eb4-5e32-4d6c-8280-0946d4f05bef,upload,0,2,0,176668,0
1775741346,25a72f32-e37a-4cab-b3f6-77192fc0aa35,upload,0,0,0,403590,0
1775711652,c737d5c8-b53d-4464-a1d2-9e2bd7456966,list,0,1,0,474532,0
1775745080,16220f75-189c-4d49-b1b9-5a289a9f3df4,download,0,2,0,4233124,0
1775778526,167a8f34-3eb0-427e-b067-859df37c0547,list,0,0,0,401363,0
1775745102,f33ea619-379b-4fe8-8607-92f27dba7c4a,login,0,1,0,841219,0
1775778566,0a847b66-6bdd-4f6c-9e30-f67be2e768e9,upload,0,1,0,762253,0
1775774868,3e43f9fe-09aa-428c-895e-344049e5f0eb,upload,0,0,0,147024,0
1775741416,8f4bb3f7-7f34-4857-9345-cc7b691ec121,download,0,2,0,2705511,0
1775752586,3797b81a-52e7-4e52-b1c1-6a9fc51bf6c4,upload,0,1,0,369109,0
1775774925,af8ebf32-c726-48e0-b053-6e07e853a46c,upload,0,1,0,977747,0
1775722836,ab380f02-12bc-473b-a535-28f832822074,upload,0,2,0,59915,0
1775748902,67b0661e-1123-49dd-9aab-466dbffefb05,login,0,2,0,919845,0
1775752638,ab380f02-12bc-473b-a535-28f832822074,download,0,75,0,477809348,1
1775775001,032b1a57-8090-46a1-b4e2-919eecba5a54,list,0,2,0,460353,0
1775730308,15dbe71f-eca0-41d6-8a3a-e5fd6d2c2fca,download,0,2,0,1191470,0
1775730315,3f213bee-6235-480e-9e70-d5e80fd9ddc3,login,0,0,0,222684,0
1775707954,9e0ad054-903f-4afb-93ab-d3f19bcb3be2,login,0,2,1,782663,0
1775775077,9e93a6a6-b5c3-47bd-9b46-2b2d28bc37f7,download,0,5,0,403157,0
1775756446,ab380f02-12bc-473b-a535-28f832822074,login,0,1,0,468412,0
1775760191,b49ce9ef-011a-422b-8b81-2506dc0fe127,login,0,2,0,433760,0
1775715422,3f213bee-6235-480e-9e70-d5e80fd9ddc3,upload,0,0,0,155300,0
1775771420,fc4fad76-16bc-401b-88b4-73eedb5baf39,login,0,2,1,446848,0
1775745300,fd0692da-82f4-4c34-a563-b3e73b085db8,login,0,0,1,779457,0
1775722901,fc4fad76-16bc-401b-88b4-73eedb5baf39,list,0,1,0,787496,0
1775749058,f33ea619-379b-4fe8-8607-92f27dba7c4a,upload,1,0,0,237603,0
1775778966,fc4fad76-16bc-401b-88b4-73eedb5baf39,list,0,2,0,490238,0
1775745344,9e93a6a6-b5c3-47bd-9b46-2b2d28bc37f7,upload,0,2,0,329516,0
1775741616,c74fcfdf-af81-457e-a423-f6336477d65e,login,0,0,1,307926,0
1775711706,cc6a7b0a-aac4-45a5-89b8-538fccc1db40,upload,0,0,0,593930,0
1775775305,ab380f02-12bc-473b-a535-28f832822074,download,1,301,2,1027340105,1
1775760356,eafb92c7-9925-4cf6-9c62-aaf2d611150b,download,0,4,0,1843490,0
1775764114,ab380f02-12bc-473b-a535-28f832822074,download,0,3,0,227190,0
1775771618,b635daa1-ee9f-43f2-9a34-e1d43caad67b,upload,0,0,0,1048285,0
1775760401,367f1ba0-3a73-4e8c-8daa-67458bf346b5,login,0,2,1,1030507,0
1775771654,cc6a7b0a-aac4-45a5-89b8-538fccc1db40,download,0,4,0,1590129,0
1775752937,3f213bee-6235-480e-9e70-d5e80fd9ddc3,list,0,1,0,386336,0
1775745454,0c0ce9ee-9ada-4d72-a3f2-eb9483feabe8,download,0,1,0,216758,0
1775764210,c74fcfdf-af81-457e-a423-f6336477d65e,list,0,2,0,209097,0
1775707976,c737d5c8-b53d-4464-a1d2-9e2bd7456966,list,0,0,0,1017026,0
1775707977,94ebcab9-38b7-432d-8cff-b96fbc75dfcb,upload,0,0,0,24926,0
1775764258,ab380f02-12bc-473b-a535-28f832822074,download,1,479,0,173232927,1
1775726744,367f1ba0-3a73-4e8c-8daa-67458bf346b5,upload,0,2,0,345310,0
1775775552,b635daa1-ee9f-43f2-9a34-e1d43caad67b,list,0,1,0,217763,0
1775775571,ab380f02-12bc-473b-a535-28f832822074,download,1,221,2,913733638,1
1775753054,af8ebf32-c726-48e0-b053-6e07e853a46c,upload,0,0,0,696377,0
1775756824,cfeed54f-cb0f-4fcb-a16f-f26aa8f69416,login,0,2,1,618422,0
1775779386,bb5a333e-d631-4644-91cc-88c161a23399,list,0,1,0,306302,0
1775768129,0a847b66-6bdd-4f6c-9e30-f67be2e768e9,upload,0,2,0,523608,0
1775779426,ab380f02-12bc-473b-a535-28f832822074,download,0,3,0,2085872,0
1775723031,72e59186-4ee7-4a1e-9d41-155f00e06a95,download,0,4,0,5015097,0
1775730560,16220f75-189c-4d49-b1b9-5a289a9f3df4,login,0,1,1,671937,0
1775730567,ab380f02-12bc-473b-a535-28f832822074,download,1,434,2,738545965,1
1775741866,367f1ba0-3a73-4e8c-8daa-67458bf346b5,login,0,1,0,28455,0
1775711756,e26907cb-e617-4ac2-b726-bea132470922,download,0,5,0,4044962,0
1775723056,ad53681e-c36e-4b3f-a8ad-22cf2bd4a765,list,0,1,0,672583,0
1775726828,94ebcab9-38b7-432d-8cff-b96fbc75dfcb,download,0,4,0,4512153,0
1775726834,ab380f02-12bc-473b-a535-28f832822074,download,0,3,0,2630098,0
1775730609,0c0ce9ee-9ada-4d72-a3f2-eb9483feabe8,download,0,1,0,854774,0
1775749466,8f4bb3f7-7f34-4857-9345-cc7b691ec121,upload,0,2,0,667425,0
1775757020,367f1ba0-3a73-4e8c-8daa-67458bf346b5,login,0,1,1,257509,0
1775772122,49dda7ce-0e05-4a40-a128-6349450ff1a6,download,0,5,0,4668924,0
1775775913,2cfa69c9-d3d1-4780-967c-3e5e2ff36998,list,0,2,0,490983,0
1775779706,12991671-ea7d-4165-971a-36942f3fa1d2,login,0,2,1,93333,0
1775711776,9b308c90-9a9b-4ab3-be08-0ca6d6041471,upload,0,1,0,592170,0
1775779746,0a847b66-6bdd-4f6c-9e30-f67be2e768e9,list,0,1,0,308619,0
1775760881,167a8f34-3eb0-427e-b067-859df37c0547,upload,0,0,0,215854,0
1775776008,fd0692da-82f4-4c34-a563-b3e73b085db8,list,0,1,0,879988,0
1775723121,24981836-1892-4695-a7ba-6ea35f397c4d,list,0,0,0,1017850,0
1775753366,c89fde94-1c9a-4e8a-90a3-c263cb7eb17e,upload,0,2,0,789937,0
1775719350,ab380f02-12bc-473b-a535-28f832822074,download,1,303,1,192390015,1
1775715572,6ced1eb4-5e32-4d6c-8280-0946d4f05bef,download,0,4,0,1264593,0
1775772320,167a8f34-3eb0-427e-b067-859df37c0547,login,0,1,0,609887,0
1775753418,94ebcab9-38b7-432d-8cff-b96fbc75dfcb,download,0,4,0,1712960,0
1775738291,f33ea619-379b-4fe8-8607-92f27dba7c4a,list,0,1,0,274022,0
1775772374,2778adb7-8d25-4998-840b-d5914a0c3d4c,login,0,1,0,810010,0
1775772392,fc4fad76-16bc-401b-88b4-73eedb5baf39,download,0,5,0,2257757,0
1775776198,c74fcfdf-af81-457e-a423-f6336477d65e,list,0,0,0,418562,0
1775723171,4b67bf97-823a-4df1-bde9-f0a99700964b,login,0,2,0,160618,0
1775745916,ab380f02-12bc-473b-a535-28f832822074,download,0,3,0,172162,0
1775742136,9b308c90-9a9b-4ab3-be08-0ca6d6041471,upload,0,0,0,153975,0
1775711810,3e43f9fe-09aa-428c-895e-344049e5f0eb,download,0,2,0,1196514,0
1775745949,63ed13fc-16ff-4c73-adea-2135300ae355,login,0,2,0,376626,0
1775768724,0c0ce9ee-9ada-4d72-a3f2-eb9483feabe8,login,0,0,1,390779,0
1775711816,94ebcab9-38b7-432d-8cff-b96fbc75dfcb,download,0,4,0,5232855,0
1775764962,ab380f02-12bc-473b-a535-28f832822074,login,0,2,0,235780,0
1775734602,16220f75-189c-4d49-b1b9-5a289a9f3df4,list,0,1,0,473278,0
1775719418,15dbe71f-eca0-41d6-8a3a-e5fd6d2c2fca,upload,0,1,0,926178,0
1775711824,167a8f34-3eb0-427e-b067-859df37c0547,upload,0,2,0,207822,0
1775753626,cc6a7b0a-aac4-45a5-89b8-538fccc1db40,upload,0,0,0,417505,0
1775768843,2cfa69c9-d3d1-4780-967c-3e5e2ff36998,list,0,1,0,232369,0
1775753652,e26907cb-e617-4ac2-b726-bea132470922,download,0,5,0,4842718,0
1775742256,6ced1eb4-5e32-4d6c-8280-0946d4f05bef,login,0,0,1,156408,0
1775780306,3f213bee-6235-480e-9e70-d5e80fd9ddc3,upload,0,1,0,424218,0
1775765106,24981836-1892-4695-a7ba-6ea35f397c4d,upload,0,2,0,917634,0
1775772734,ab380f02-12bc-473b-a535-28f832822074,download,1,454,1,192198422,1
1775768945,7019fef8-eee1-4780-8866-3cf355f39326,login,0,2,0,1004222,0
1775772770,3e43f9fe-09aa-428c-895e-344049e5f0eb,upload,0,0,0,957979,0
1775738507,15dbe71f-eca0-41d6-8a3a-e5fd6d2c2fca,upload,0,0,0,977563,0
1775742326,367f1ba0-3a73-4e8c-8daa-67458bf346b5,download,0,2,0,3024052,0
1775723281,2cfa69c9-d3d1-4780-967c-3e5e2ff36998,download,0,1,0,3039538,0
1775757594,49dda7ce-0e05-4a40-a128-6349450ff1a6,upload,0,0,0,388182,0
1775708039,9b308c90-9a9b-4ab3-be08-0ca6d6041471,login,0,1,0,357982,0
1775776692,b635daa1-ee9f-43f2-9a34-e1d43caad67b,download,0,4,0,855996,0
1775776711,16220f75-189c-4d49-b1b9-5a289a9f3df4,list,0,2,0,895513,0
1775772914,4bcd6d06-db69-4a40-b976-05c7544a1a2c,upload,0,1,0,353772,0
1775772932,2cfa69c9-d3d1-4780-967c-3e5e2ff36998,download,0,3,0,5008221,0
1775715680,ab380f02-12bc-473b-a535-28f832822074,download,1,153,0,381211168,1
1775772968,12991671-ea7d-4165-971a-36942f3fa1d2,list,0,1,0,956761,0
1775780626,12991671-ea7d-4165-971a-36942f3fa1d2,login,0,2,0,652454,0
1775765362,3797b81a-52e7-4e52-b1c1-6a9fc51bf6c4,login,0,0,1,57599,0
1775773022,72e59186-4ee7-4a1e-9d41-155f00e06a95,upload,0,2,0,281896,0
1775757748,0a847b66-6bdd-4f6c-9e30-f67be2e768e9,download,0,1,0,3856209,0
1775750114,94ebcab9-38b7-432d-8cff-b96fbc75dfcb,download,0,1,0,778775,0
1775776901,c89fde94-1c9a-4e8a-90a3-c263cb7eb17e,upload,0,2,0,822996,0
1775734834,8f4bb3f7-7f34-4857-9345-cc7b691ec121,download,0,4,0,4569545,0
1775753977,9b308c90-9a9b-4ab3-be08-0ca6d6041471,upload,0,1,0,1037604,0
1775719538,bf43f002-7707-4271-b479-7bd6660b6627,download,0,2,0,742382,0
1775708055,bf43f002-7707-4271-b479-7bd6660b6627,login,0,0,1,866405,0
1775727206,032b1a57-8090-46a1-b4e2-919eecba5a54,list,0,1,0,1044861,0
1775738705,2cfa69c9-d3d1-4780-967c-3e5e2ff36998,list,0,0,0,3411,0
1775738714,67b0661e-1123-49dd-9aab-466dbffefb05,download,0,2,0,4441072,0
1775715725,63ed13fc-16ff-4c73-adea-2135300ae355,download,0,1,0,2969814,0
1775731064,4b67bf97-823a-4df1-bde9-f0a99700964b,list,0,2,0,491671,0
1775769421,ab380f02-12bc-473b-a535-28f832822074,download,0,5,0,4651177,0
1775738750,367f1ba0-3a73-4e8c-8daa-67458bf346b5,download,0,1,0,141156,0
1775742596,15dbe71f-eca0-41d6-8a3a-e5fd6d2c2fca,download,0,1,0,3123676,0
1775734930,0a847b66-6bdd-4f6c-9e30-f67be2e768e9,login,0,0,1,986397,0
1775742616,367f1ba0-3a73-4e8c-8daa-67458bf346b5,list,0,1,0,826292,0
1775757986,25a72f32-e37a-4cab-b3f6-77192fc0aa35,upload,0,1,0,59059,0
1775738795,25a72f32-e37a-4cab-b3f6-77192fc0aa35,download,0,3,0,353994,0
1775742646,e26907cb-e617-4ac2-b726-bea132470922,login,0,1,0,882803,0
1775708069,167a8f34-3eb0-427e-b067-859df37c0547,login,0,0,0,633447,0
1775758042,94ebcab9-38b7-432d-8cff-b96fbc75dfcb,list,0,2,0,594380,0
1775738831,cc6a7b0a-aac4-45a5-89b8-538fccc1db40,download,0,3,0,401678,0
1775723456,fc4fad76-16bc-401b-88b4-73eedb5baf39,list,0,2,0,544137,0
1775723461,25a72f32-e37a-4cab-b3f6-77192fc0aa35,list,0,0,0,417363,0
1775781186,ad53681e-c36e-4b3f-a8ad-22cf2bd4a765,upload,0,2,0,813186,0
1775738867,4bcd6d06-db69-4a40-b976-05c7544a1a2c,upload,0,2,0,193471,0
1775761976,032b1a57-8090-46a1-b4e2-919eecba5a54,list,0,2,0,574227,0
1775715779,4bcd6d06-db69-4a40-b976-05c7544a1a2c,upload,0,1,0,910293,0
1775735042,63ed13fc-16ff-4c73-adea-2135300ae355,upload,0,1,0,339814,0
1775758168,eafb92c7-9925-4cf6-9c62-aaf2d611150b,login,0,2,1,935801,0
1775769744,fc4fad76-16bc-401b-88b4-73eedb5baf39,login,0,2,0,49271,0
1775769761,12991671-ea7d-4165-971a-36942f3fa1d2,login,0,2,0,615680,0
1775708082,367f1ba0-3a73-4e8c-8daa-67458bf346b5,login,0,0,1,397529,0
1775723511,ab380f02-12bc-473b-a535-28f832822074,download,1,265,2,650364476,1
1775750522,cc6a7b0a-aac4-45a5-89b8-538fccc1db40,list,0,0,0,613355,0
1775765970,cc6a7b0a-aac4-45a5-89b8-538fccc1db40,upload,0,0,0,765505,0
1775715806,c737d5c8-b53d-4464-a1d2-9e2bd7456966,list,0,1,0,853577,0
1775746697,0a847b66-6bdd-4f6c-9e30-f67be2e768e9,download,0,3,0,3221264,0
1775735122,9e93a6a6-b5c3-47bd-9b46-2b2d28bc37f7,download,0,5,0,132562,0
1775750582,0a847b66-6bdd-4f6c-9e30-f67be2e768e9,upload,0,0,0,28425,0
1775773778,c74fcfdf-af81-457e-a423-f6336477d65e,login,0,1,1,447760,0
1775746741,4b67bf97-823a-4df1-bde9-f0a99700964b,download,0,5,0,1662711,0
1775758350,ab380f02-12bc-473b-a535-28f832822074,download,1,420,2,395676087,1
1775758364,ae00c3fa-f6d5-419b-8612-52db300d9dd9,list,0,0,0,882410,0
1775762246,4b67bf97-823a-4df1-bde9-f0a99700964b,list,0,1,0,231478,0
1775781606,ab380f02-12bc-473b-a535-28f832822074,download,1,473,1,268559798,1
1775708096,e26907cb-e617-4ac2-b726-bea132470922,upload,0,0,0,550988,0
1775727452,72e59186-4ee7-4a1e-9d41-155f00e06a95,list,0,1,0,727696,0
1775727458,ab380f02-12bc-473b-a535-28f832822074,download,1,208,1,678955862,1
1775739083,c737d5c8-b53d-4464-a1d2-9e2bd7456966,login,0,0,0,881810,0
1775719722,24981836-1892-4695-a7ba-6ea35f397c4d,login,0,1,0,92437,0
1775762351,8f4bb3f7-7f34-4857-9345-cc7b691ec121,upload,0,1,0,225257,0
1775742986,3e43f9fe-09aa-428c-895e-344049e5f0eb,download,0,3,0,2803819,0
1775715857,eafb92c7-9925-4cf6-9c62-aaf2d611150b,list,0,1,0,587204,0
1775777908,7019fef8-eee1-4780-8866-3cf355f39326,list,0,2,0,822977,0
1775746895,0c0ce9ee-9ada-4d72-a3f2-eb9483feabe8,upload,0,1,0,865784,0
1775770186,ad53681e-c36e-4b3f-a8ad-22cf2bd4a765,upload,0,0,0,404871,0
1775727512,bf43f002-7707-4271-b479-7bd6660b6627,download,0,1,0,2992667,0
1775708108,9b308c90-9a9b-4ab3-be08-0ca6d6041471,login,0,1,0,898595,0
1775750822,167a8f34-3eb0-427e-b067-859df37c0547,list,0,2,0,827454,0
1775739182,b49ce9ef-011a-422b-8b81-2506dc0fe127,upload,0,2,0,115709,0
1775715881,15dbe71f-eca0-41d6-8a3a-e5fd6d2c2fca,list,0,2,0,654765,0
1775739200,ae00c3fa-f6d5-419b-8612-52db300d9dd9,upload,0,1,0,498986,0
1775735322,f33ea619-379b-4fe8-8607-92f27dba7c4a,login,0,0,0,141439,0
1775739218,9b308c90-9a9b-4ab3-be08-0ca6d6041471,download,0,4,0,4681917,0
1775774228,67b0661e-1123-49dd-9aab-466dbffefb05,list,0,0,0,509575,0
1775731456,9b308c90-9a9b-4ab3-be08-0ca6d6041471,list,0,1,0,282618,0
1775743136,4b67bf97-823a-4df1-bde9-f0a99700964b,upload,0,0,0,875060,0
1775723686,af8ebf32-c726-48e0-b053-6e07e853a46c,upload,0,2,0,372807,0
1775770407,c8fc1656-71fd-4515-acfb-7ef374d44fe6,upload,0,0,0,374459,0
1775747060,f33ea619-379b-4fe8-8607-92f27dba7c4a,upload,0,2,0,970830,0
1775715911,fd0692da-82f4-4c34-a563-b3e73b085db8,list,0,2,0,192232,0
1775715914,15dbe71f-eca0-41d6-8a3a-e5fd6d2c2fca,login,0,0,0,990195,0
1775782166,4b67bf97-823a-4df1-bde9-f0a99700964b,upload,0,2,0,187410,0
1775727614,25a72f32-e37a-4cab-b3f6-77192fc0aa35,login,0,2,0,590836,0
1775719822,9e93a6a6-b5c3-47bd-9b46-2b2d28bc37f7,download,0,2,0,4127326,0
1775727626,fd0692da-82f4-4c34-a563-b3e73b085db8,upload,0,1,0,103172,0
1775747137,3797b81a-52e7-4e52-b1c1-6a9fc51bf6c4,login,0,1,0,1043846,0
1775762756,b635daa1-ee9f-43f2-9a34-e1d43caad67b,download,0,3,0,1711001,0
1775754965,ab380f02-12bc-473b-a535-28f832822074,upload,0,2,0,212021,0
1775719842,16220f75-189c-4d49-b1b9-5a289a9f3df4,login,0,2,0,192410,0
1775747181,24981836-1892-4695-a7ba-6ea35f397c4d,list,0,2,0,330718,0
1775731568,0a847b66-6bdd-4f6c-9e30-f67be2e768e9,download,0,4,0,3309407,0
1775708133,0c0ce9ee-9ada-4d72-a3f2-eb9483feabe8,upload,0,0,0,771093,0
1775715950,7019fef8-eee1-4780-8866-3cf355f39326,login,0,1,1,320351,0
1775774588,ad53681e-c36e-4b3f-a8ad-22cf2bd4a765,login,0,1,1,263994,0
1775755056,cfeed54f-cb0f-4fcb-a16f-f26aa8f69416,list,0,2,0,19918,0
1775747247,2cfa69c9-d3d1-4780-967c-3e5e2ff36998,login,0,0,0,742067,0
1775755082,6ced1eb4-5e32-4d6c-8280-0946d4f05bef,upload,0,0,0,454157,0
1775712052,3797b81a-52e7-4e52-b1c1-6a9fc51bf6c4,login,0,0,0,874643,0
1775719882,ad53681e-c36e-4b3f-a8ad-22cf2bd4a765,download,0,1,0,2436362,0
1775766866,fc4fad76-16bc-401b-88b4-73eedb5baf39,login,0,0,0,274288,0
1775731638,2778adb7-8d25-4998-840b-d5914a0c3d4c,list,0,0,0,262016,0
1775735562,ab380f02-12bc-473b-a535-28f832822074,download,1,289,1,549378727,1
1775719898,24981836-1892-4695-a7ba-6ea35f397c4d,download,0,5,0,3464297,0
1775715983,f33ea619-379b-4fe8-8607-92f27dba7c4a,upload,0,2,0,869832,0
1775747346,ae00c3fa-f6d5-419b-8612-52db300d9dd9,upload,0,0,0,826641,0
1775712068,ab380f02-12bc-473b-a535-28f832822074,list,0,1,0,322339,0
1775708148,f33ea619-379b-4fe8-8607-92f27dba7c4a,download,0,5,0,4824082,0
1775770917,4b67bf97-823a-4df1-bde9-f0a99700964b,list,0,1,0,42817,0
1775708150,25a72f32-e37a-4cab-b3f6-77192fc0aa35,login,0,2,1,469710,0
1775747401,af8ebf32-c726-48e0-b053-6e07e853a46c,list,0,0,0,236781,0
1775712078,8dfb3116-3ac3-4112-be98-a2662c81ae72,login,0,0,0,282303,0
1775735642,15dbe71f-eca0-41d6-8a3a-e5fd6d2c2fca,login,0,0,0,1014308,0
1775782786,ae00c3fa-f6d5-419b-8612-52db300d9dd9,list,0,2,0,551570,0
1775755303,ab380f02-12bc-473b-a535-28f832822074,download,1,364,2,338825418,1
1775731736,8f4bb3f7-7f34-4857-9345-cc7b691ec121,list,0,1,0,112598,0
1775759260,cfeed54f-cb0f-4fcb-a16f-f26aa8f69416,list,0,2,0,580242,0
1775782866,9e93a6a6-b5c3-47bd-9b46-2b2d28bc37f7,upload,0,1,0,782449,0
1775708159,fd0692da-82f4-4c34-a563-b3e73b085db8,download,0,3,0,3544685,0
1775719962,ad53681e-c36e-4b3f-a8ad-22cf2bd4a765,list,0,2,0,738954,0
1775778991,4a209499-fcdb-4d47-9fba-19deb77f4b7b,upload,0,2,0,263693,0
1775747522,6ced1eb4-5e32-4d6c-8280-0946d4f05bef,list,0,0,0,161936,0
1775708163,6ced1eb4-5e32-4d6c-8280-0946d4f05bef,download,0,5,0,1197227,0
1775767234,8f4bb3f7-7f34-4857-9345-cc7b691ec121,upload,0,2,0,754300,0
1775743616,c737d5c8-b53d-4464-a1d2-9e2bd7456966,upload,0,0,0,499007,0
1775708166,e26907cb-e617-4ac2-b726-bea132470922,login,0,2,0,557820,0
1775723931,c8fc1656-71fd-4515-acfb-7ef374d44fe6,upload,0,1,0,513672,0
1775716052,ad53681e-c36e-4b3f-a8ad-22cf2bd4a765,upload,0,2,0,905073,0
1775775200,ace9ed8f-794e-41b0-ab66-c2ba52f19d0f,list,0,1,0,182457,0
1775779162,3e43f9fe-09aa-428c-895e-344049e5f0eb,login,0,2,1,65660,0
1775735786,3e43f9fe-09aa-428c-895e-344049e5f0eb,list,0,1,0,390715,0
1775735794,bb5a333e-d631-4644-91cc-88c161a23399,download,0,3,0,4638224,0
1775779219,9e93a6a6-b5c3-47bd-9b46-2b2d28bc37f7,list,0,1,0,344540,0
1775763446,72e59186-4ee7-4a1e-9d41-155f00e06a95,list,0,2,0,287062,0
1775751614,cc6a7b0a-aac4-45a5-89b8-538fccc1db40,list,0,2,0,83940,0
1775716076,367f1ba0-3a73-4e8c-8daa-67458bf346b5,list,0,0,0,481866,0
1775763491,63ed13fc-16ff-4c73-adea-2135300ae355,download,0,3,0,1966203,0
1775759554,b49ce9ef-011a-422b-8b81-2506dc0fe127,list,0,1,0,952614,0
1775775380,0c0ce9ee-9ada-4d72-a3f2-eb9483feabe8,download,0,2,0,2193148,0
1775783306,0a847b66-6bdd-4f6c-9e30-f67be2e768e9,upload,0,2,0,796414,0
1775708181,0a847b66-6bdd-4f6c-9e30-f67be2e768e9,list,0,0,0,460759,0
1775712138,6ced1eb4-5e32-4d6c-8280-0946d4f05bef,list,0,2,0,211716,0
1775731925,e26907cb-e617-4ac2-b726-bea132470922,login,0,0,1,401132,0
1775716100,ab380f02-12bc-473b-a535-28f832822074,download,1,84,0,297121265,1
1775747775,c89fde94-1c9a-4e8a-90a3-c263cb7eb17e,login,0,1,0,901271,0
1775783426,9e0ad054-903f-4afb-93ab-d3f19bcb3be2,login,0,2,1,1020136,0
1775783446,6ced1eb4-5e32-4d6c-8280-0946d4f05bef,upload,0,1,0,440595,0
1775775542,ab380f02-12bc-473b-a535-28f832822074,download,1,481,1,355301075,1
1775747819,e26907cb-e617-4ac2-b726-bea132470922,upload,0,1,0,31223,0
1775755758,ad53681e-c36e-4b3f-a8ad-22cf2bd4a765,list,0,0,0,121781,0
1775731981,15dbe71f-eca0-41d6-8a3a-e5fd6d2c2fca,login,0,2,1,807116,0
1775743886,8f4bb3f7-7f34-4857-9345-cc7b691ec121,list,0,1,0,650404,0
1775708193,3e43f9fe-09aa-428c-895e-344049e5f0eb,upload,0,1,0,802483,0
1775712162,2778adb7-8d25-4998-840b-d5914a0c3d4c,upload,0,0,0,640118,0
1775724071,67b0661e-1123-49dd-9aab-466dbffefb05,list,0,1,0,443299,0
1775759806,9b308c90-9a9b-4ab3-be08-0ca6d6041471,login,0,1,1,80998,0
1775779675,72e59186-4ee7-4a1e-9d41-155f00e06a95,upload,0,0,0,338222,0
1775716142,032b1a57-8090-46a1-b4e2-919eecba5a54,login,0,1,0,574411,0
1775763821,cfeed54f-cb0f-4fcb-a16f-f26aa8f69416,upload,0,0,0,521613,0
1775736018,3f213bee-6235-480e-9e70-d5e80fd9ddc3,upload,0,1,0,755051,0
1775767826,032b1a57-8090-46a1-b4e2-919eecba5a54,list,0,0,0,621846,0
1775743986,2778adb7-8d25-4998-840b-d5914a0c3d4c,download,0,1,0,4980240,0
1775716157,67b0661e-1123-49dd-9aab-466dbffefb05,upload,0,2,0,513718,0
1775779808,94ebcab9-38b7-432d-8cff-b96fbc75dfcb,download,1,3,0,3758024,0
1775720142,67b0661e-1123-49dd-9aab-466dbffefb05,login,0,2,0,650499,0
1775767906,f33ea619-379b-4fe8-8607-92f27dba7c4a,list,0,2,0,883314,0
1775755979,9e93a6a6-b5c3-47bd-9b46-2b2d28bc37f7,upload,0,0,0,1039922,0
1775728118,c89fde94-1c9a-4e8a-90a3-c263cb7eb17e,list,0,1,0,324461,0
1775759988,032b1a57-8090-46a1-b4e2-919eecba5a54,list,0,2,0,876619,0
1775708210,3f213bee-6235-480e-9e70-d5e80fd9ddc3,list,0,1,0,486083,0
1775728136,9b308c90-9a9b-4ab3-be08-0ca6d6041471,login,0,1,1,636177,0
1775768002,bf43f002-7707-4271-b479-7bd6660b6627,download,0,1,0,3944018,0
1775728148,63ed13fc-16ff-4c73-adea-2135300ae355,download,0,3,0,2283671,0
1775760058,bb5a333e-d631-4644-91cc-88c161a23399,login,0,1,1,684762,0
1775748105,ae00c3fa-f6d5-419b-8612-52db300d9dd9,list,0,0,0,457455,0
1775732156,8dfb3116-3ac3-4112-be98-a2662c81ae72,upload,0,0,0,1000066,0
1775736154,c74fcfdf-af81-457e-a423-f6336477d65e,upload,0,1,0,859118,0
1775736162,e26907cb-e617-4ac2-b726-bea132470922,upload,0,0,0,401884,0
1775752142,7019fef8-eee1-4780-8866-3cf355f39326,upload,0,0,0,101252,0
1775712214,0a847b66-6bdd-4f6c-9e30-f67be2e768e9,list,0,1,0,120966,0
1775768146,67b0661e-1123-49dd-9aab-466dbffefb05,list,0,0,0,798774,0
1775744186,fd0692da-82f4-4c34-a563-b3e73b085db8,download,0,5,0,1876263,0
1775740199,167a8f34-3eb0-427e-b067-859df37c0547,upload,0,1,0,489931,0
1775780188,63ed13fc-16ff-4c73-adea-2135300ae355,list,0,2,0,165170,0
1775768210,ae00c3fa-f6d5-419b-8612-52db300d9dd9,list,0,1,0,988848,0
1775736226,f33ea619-379b-4fe8-8607-92f27dba7c4a,upload,0,1,0,914964,0
1775712228,cc6a7b0a-aac4-45a5-89b8-538fccc1db40,list,0,0,0,1017976,0
1775768258,bf43f002-7707-4271-b479-7bd6660b6627,list,0,2,0,343087,0
1775760268,af8ebf32-c726-48e0-b053-6e07e853a46c,login,1,2,1,75602,0
1775748270,167a8f34-3eb0-427e-b067-859df37c0547,login,0,0,0,323153,0
1775764301,63ed13fc-16ff-4c73-adea-2135300ae355,download,0,1,0,3878459,0
1775736274,ab380f02-12bc-473b-a535-28f832822074,download,1,287,2,607216719,1
1775720254,7019fef8-eee1-4780-8866-3cf355f39326,download,0,1,0,33063,0
1775764346,9e93a6a6-b5c3-47bd-9b46-2b2d28bc37f7,login,0,2,0,300158,0
1775744316,fd0692da-82f4-4c34-a563-b3e73b085db8,login,0,2,0,217250,0
1775768386,4b67bf97-823a-4df1-bde9-f0a99700964b,upload,0,2,0,607614,0
1775720270,bf43f002-7707-4271-b479-7bd6660b6627,list,0,0,0,1031466,0
1775716262,e26907cb-e617-4ac2-b726-bea132470922,login,0,0,1,64637,0
1775716265,0c0ce9ee-9ada-4d72-a3f2-eb9483feabe8,list,0,0,0,658442,0
1775764436,8f4bb3f7-7f34-4857-9345-cc7b691ec121,upload,0,2,0,1024200,0
1775748391,b49ce9ef-011a-422b-8b81-2506dc0fe127,login,0,0,0,440114,0
1775760450,4a209499-fcdb-4d47-9fba-19deb77f4b7b,list,0,0,0,723255,0
1775720294,16220f75-189c-4d49-b1b9-5a289a9f3df4,upload,0,2,0,562386,0
1775720298,8dfb3116-3ac3-4112-be98-a2662c81ae72,login,0,1,0,240236,0
1775740397,3e43f9fe-09aa-428c-895e-344049e5f0eb,login,0,2,1,961060,0
1775720306,9b308c90-9a9b-4ab3-be08-0ca6d6041471,download,0,4,0,3465520,0
1775784646,367f1ba0-3a73-4e8c-8daa-67458bf346b5,login,0,0,0,794021,0
1775744446,4b67bf97-823a-4df1-bde9-f0a99700964b,download,0,5,0,3093924,0
1775764571,8f4bb3f7-7f34-4857-9345-cc7b691ec121,download,0,5,0,4471649,0
1775772634,eafb92c7-9925-4cf6-9c62-aaf2d611150b,list,0,0,0,80421,0
1775744476,63ed13fc-16ff-4c73-adea-2135300ae355,login,0,0,1,759684,0
1775740460,63ed13fc-16ff-4c73-adea-2135300ae355,list,0,2,0,184253,0
1775724361,ad53681e-c36e-4b3f-a8ad-22cf2bd4a765,list,0,0,0,426259,0
1775744506,fc4fad76-16bc-401b-88b4-73eedb5baf39,upload,0,2,0,806076,0
1775776748,8dfb3116-3ac3-4112-be98-a2662c81ae72,login,0,1,0,478434,0
1775780796,fc4fad76-16bc-401b-88b4-73eedb5baf39,upload,0,2,0,920517,0
1775716319,25a72f32-e37a-4cab-b3f6-77192fc0aa35,list,0,2,0,299599,0
1775720354,0a847b66-6bdd-4f6c-9e30-f67be2e768e9,list,0,1,0,32419,0
1775728424,fd0692da-82f4-4c34-a563-b3e73b085db8,list,0,1,0,896024,0
1775764736,ad53681e-c36e-4b3f-a8ad-22cf2bd4a765,login,0,2,1,110507,0
1775780891,b49ce9ef-011a-422b-8b81-2506dc0fe127,list,0,1,0,224661,0
1775708262,8dfb3116-3ac3-4112-be98-a2662c81ae72,login,0,2,1,382923,0
1775780929,167a8f34-3eb0-427e-b067-859df37c0547,login,0,2,0,565633,0
1775784986,67b0661e-1123-49dd-9aab-466dbffefb05,download,0,5,0,2770437,0
1775740577,ad53681e-c36e-4b3f-a8ad-22cf2bd4a765,upload,0,2,0,864176,0
1775740586,7019fef8-eee1-4780-8866-3cf355f39326,list,0,2,0,825361,0
1775785046,e26907cb-e617-4ac2-b726-bea132470922,list,0,1,0,772188,0
1775781024,f33ea619-379b-4fe8-8607-92f27dba7c4a,download,0,4,0,1942044,0
1775740613,e26907cb-e617-4ac2-b726-bea132470922,login,0,1,0,885546,0
1775748710,3797b81a-52e7-4e52-b1c1-6a9fc51bf6c4,download,0,2,0,3182900,0
1775760856,63ed13fc-16ff-4c73-adea-2135300ae355,download,0,3,0,985873,0
1775712318,8f4bb3f7-7f34-4857-9345-cc7b691ec121,list,0,1,0,726089,0
1775720414,cc6a7b0a-aac4-45a5-89b8-538fccc1db40,login,0,1,0,873528,0
1775720418,2778adb7-8d25-4998-840b-d5914a0c3d4c,list,0,0,0,98640,0
1775748765,c8fc1656-71fd-4515-acfb-7ef374d44fe6,list,0,2,0,23479,0
1775773076,0c0ce9ee-9ada-4d72-a3f2-eb9483feabe8,login,0,2,1,545778,0
1775720430,eafb92c7-9925-4cf6-9c62-aaf2d611150b,login,0,2,1,825047,0
1775765006,eafb92c7-9925-4cf6-9c62-aaf2d611150b,list,0,1,0,88020,0
1775773127,7019fef8-eee1-4780-8866-3cf355f39326,download,0,5,0,596957,0
1775769090,8dfb3116-3ac3-4112-be98-a2662c81ae72,login,0,2,1,53128,0
1775781271,fc4fad76-16bc-401b-88b4-73eedb5baf39,login,0,1,1,313843,0
1775720450,9e0ad054-903f-4afb-93ab-d3f19bcb3be2,upload,0,1,0,437223,0
1775736682,4a209499-fcdb-4d47-9fba-19deb77f4b7b,upload,0,1,0,949871,0
1775761038,b635daa1-ee9f-43f2-9a34-e1d43caad67b,upload,0,2,0,779039,0
1775724521,ace9ed8f-794e-41b0-ab66-c2ba52f19d0f,list,0,1,0,12913,0
1775736706,12991671-ea7d-4165-971a-36942f3fa1d2,download,0,2,0,4651050,0
1775736714,c8fc1656-71fd-4515-acfb-7ef374d44fe6,login,0,2,1,963225,0
1775748908,7019fef8-eee1-4780-8866-3cf355f39326,download,0,4,0,2897858,0
1775732667,e26907cb-e617-4ac2-b726-bea132470922,download,0,2,0,1771495,0
1775712354,c8fc1656-71fd-4515-acfb-7ef374d44fe6,download,0,5,0,5131441,0
1775785526,0a847b66-6bdd-4f6c-9e30-f67be2e768e9,upload,0,2,0,701905,0
1775732688,94ebcab9-38b7-432d-8cff-b96fbc75dfcb,list,0,1,0,195519,0
1775740829,8dfb3116-3ac3-4112-be98-a2662c81ae72,login,0,0,1,233075,0
1775753042,49dda7ce-0e05-4a40-a128-6349450ff1a6,login,0,1,0,722573,0
1775740847,72e59186-4ee7-4a1e-9d41-155f00e06a95,download,0,2,0,4733961,0
1775732716,ace9ed8f-794e-41b0-ab66-c2ba52f19d0f,login,0,0,0,276240,0
1775708297,8f4bb3f7-7f34-4857-9345-cc7b691ec121,download,0,1,0,3394703,0
1775757162,fd0692da-82f4-4c34-a563-b3e73b085db8,download,0,4,0,3219128,0
1775716445,72e59186-4ee7-4a1e-9d41-155f00e06a95,download,0,1,0,1844554,0
1775773484,9e0ad054-903f-4afb-93ab-d3f19bcb3be2,login,0,2,1,304943,0
1775728676,cfeed54f-cb0f-4fcb-a16f-f26aa8f69416,download,0,1,0,262358,0
1775753138,25a72f32-e37a-4cab-b3f6-77192fc0aa35,upload,0,2,0,536999,0
1775777612,0a847b66-6bdd-4f6c-9e30-f67be2e768e9,download,0,4,0,1719662,0
1775749084,16220f75-189c-4d49-b1b9-5a289a9f3df4,download,0,5,0,873112,0
1775757253,032b1a57-8090-46a1-b4e2-919eecba5a54,upload,0,1,0,129438,0
1775736866,032b1a57-8090-46a1-b4e2-919eecba5a54,list,0,0,0,8916,0
1775732793,7019fef8-eee1-4780-8866-3cf355f39326,upload,0,1,0,444842,0
1775769538,8dfb3116-3ac3-4112-be98-a2662c81ae72,login,0,1,1,311390,0
1775765471,bf43f002-7707-4271-b479-7bd6660b6627,list,0,1,0,953095,0
1775777738,ad53681e-c36e-4b3f-a8ad-22cf2bd4a765,upload,0,1,0,1001324,0
1775728736,b635daa1-ee9f-43f2-9a34-e1d43caad67b,download,0,5,0,512527,0
1775777774,ace9ed8f-794e-41b0-ab66-c2ba52f19d0f,login,0,2,0,76778,0
1775736922,0c0ce9ee-9ada-4d72-a3f2-eb9483feabe8,upload,0,1,0,390741,0
1775749194,b49ce9ef-011a-422b-8b81-2506dc0fe127,download,0,2,0,90430,0
1775736938,c8fc1656-71fd-4515-acfb-7ef374d44fe6,login,0,0,0,1042277,0
1775712406,ad53681e-c36e-4b3f-a8ad-22cf2bd4a765,upload,0,1,0,225398,0
1775745136,367f1ba0-3a73-4e8c-8daa-67458bf346b5,upload,0,2,0,749036,0
1775773790,c737d5c8-b53d-4464-a1d2-9e2bd7456966,list,1,1,0,713370,0
1775712412,12991671-ea7d-4165-971a-36942f3fa1d2,list,0,1,0,548069,0
1775716508,2778adb7-8d25-4998-840b-d5914a0c3d4c,upload,0,1,0,373155,0
1775720606,bb5a333e-d631-4644-91cc-88c161a23399,download,0,4,0,4568465,0
1775749282,eafb92c7-9925-4cf6-9c62-aaf2d611150b,upload,0,2,0,307367,0
1775741099,eafb92c7-9925-4cf6-9c62-aaf2d611150b,download,0,4,0,3843192,0
1775777990,2778adb7-8d25-4998-840b-d5914a0c3d4c,login,0,2,1,70134,0
1775716523,fd0692da-82f4-4c34-a563-b3e73b085db8,list,0,1,0,264750,0
1775757526,67b0661e-1123-49dd-9aab-466dbffefb05,download,0,3,0,3632071,0
1775732933,3f213bee-6235-480e-9e70-d5e80fd9ddc3,login,0,1,0,927337,0
1775745246,8f4bb3f7-7f34-4857-9345-cc7b691ec121,list,0,1,0,319590,0
1775757565,7019fef8-eee1-4780-8866-3cf355f39326,login,0,0,0,617505,0
1775757578,af8ebf32-c726-48e0-b053-6e07e853a46c,upload,0,0,0,587554,0
1775737066,2778adb7-8d25-4998-840b-d5914a0c3d4c,upload,0,2,0,527215,0
1775769922,e26907cb-e617-4ac2-b726-bea132470922,upload,0,0,0,8775,0
1775716547,c737d5c8-b53d-4464-a1d2-9e2bd7456966,login,0,1,0,382034,0
1775782278,67b0661e-1123-49dd-9aab-466dbffefb05,list,0,1,0,819118,0
1775741207,4bcd6d06-db69-4a40-b976-05c7544a1a2c,download,0,2,0,3498477,0
1775749436,fd0692da-82f4-4c34-a563-b3e73b085db8,download,0,2,0,2062638,0
1775782335,ab380f02-12bc-473b-a535-28f832822074,download,0,243,2,874384556,1
1775720674,6ced1eb4-5e32-4d6c-8280-0946d4f05bef,login,0,1,0,1015607,0
1775728904,cc6a7b0a-aac4-45a5-89b8-538fccc1db40,upload,0,0,0,138627,0
1775728910,9e0ad054-903f-4afb-93ab-d3f19bcb3be2,upload,0,0,0,80184,0
1775708341,ae00c3fa-f6d5-419b-8612-52db300d9dd9,download,0,3,0,257607,0
1775745386,ad53681e-c36e-4b3f-a8ad-22cf2bd4a765,list,0,0,0,627106,0
1775724811,4bcd6d06-db69-4a40-b976-05c7544a1a2c,login,0,1,0,383913,0
1775774232,9e93a6a6-b5c3-47bd-9b46-2b2d28bc37f7,download,0,5,0,1687352,0
1775741297,2cfa69c9-d3d1-4780-967c-3e5e2ff36998,download,0,5,0,4639008,0
1775770146,12991671-ea7d-4165-971a-36942f3fa1d2,download,0,3,0,4604020,0
1775786646,15dbe71f-eca0-41d6-8a3a-e5fd6d2c2fca,upload,0,2,0,958314,0
1775766056,ace9ed8f-794e-41b0-ab66-c2ba52f19d0f,upload,0,0,0,241230,0
1775761948,cfeed54f-cb0f-4fcb-a16f-f26aa8f69416,login,0,1,1,472203,0
1775749590,c8fc1656-71fd-4515-acfb-7ef374d44fe6,list,0,0,0,527891,0
1775724851,167a8f34-3eb0-427e-b067-859df37c0547,login,0,1,0,171411,0
1775708352,e26907cb-e617-4ac2-b726-bea132470922,login,0,1,0,412404,0
1775766131,25a72f32-e37a-4cab-b3f6-77192fc0aa35,download,0,4,0,3207337,0
1775708354,12991671-ea7d-4165-971a-36942f3fa1d2,download,0,5,0,2355412,0
1775753774,3e43f9fe-09aa-428c-895e-344049e5f0eb,login,0,0,0,452369,0
1775708356,16220f75-189c-4d49-b1b9-5a289a9f3df4,upload,0,1,0,519105,0
1775749667,2cfa69c9-d3d1-4780-967c-3e5e2ff36998,list,0,0,0,58370,0
1775729018,bb5a333e-d631-4644-91cc-88c161a23399,list,0,1,0,446149,0
1775720758,ab380f02-12bc-473b-a535-28f832822074,download,1,259,0,838331607,1
1775786906,eafb92c7-9925-4cf6-9c62-aaf2d611150b,list,0,2,0,469523,0
1775753846,367f1ba0-3a73-4e8c-8daa-67458bf346b5,list,0,0,0,33201,0
1775749722,3e43f9fe-09aa-428c-895e-344049e5f0eb,list,0,2,0,813165,0
1775774555,9e93a6a6-b5c3-47bd-9b46-2b2d28bc37f7,upload,0,2,0,750327,0
1775733192,16220f75-189c-4d49-b1b9-5a289a9f3df4,login,0,0,0,485337,0
1775729060,2cfa69c9-d3d1-4780-967c-3e5e2ff36998,upload,0,2,0,602705,0
1775737346,12991671-ea7d-4165-971a-36942f3fa1d2,upload,0,0,0,990143,0
1775749777,16220f75-189c-4d49-b1b9-5a289a9f3df4,download,0,5,0,3108860,0
1775782924,bf43f002-7707-4271-b479-7bd6660b6627,upload,0,0,0,211087,0
1775724941,63ed13fc-16ff-4c73-adea-2135300ae355,login,0,1,0,693138,0
1775778818,ad53681e-c36e-4b3f-a8ad-22cf2bd4a765,list,0,2,0,58368,0
1775774691,ab380f02-12bc-473b-a535-28f832822074,download,0,2,0,4183762,0
1775749832,8dfb3116-3ac3-4112-be98-a2662c81ae72,login,0,2,0,1033514,0
1775783019,9b308c90-9a9b-4ab3-be08-0ca6d6041471,list,0,0,0,944514,0
1775754002,fd0692da-82f4-4c34-a563-b3e73b085db8,login,0,2,0,396532,0
1775754014,3e43f9fe-09aa-428c-895e-344049e5f0eb,list,0,1,0,450305,0
1775737426,fc4fad76-16bc-401b-88b4-73eedb5baf39,list,0,2,0,374203,0
1775741585,367f1ba0-3a73-4e8c-8daa-67458bf346b5,upload,0,2,0,235601,0
1775783114,f33ea619-379b-4fe8-8607-92f27dba7c4a,upload,0,2,0,705473,0
1775787286,0a847b66-6bdd-4f6c-9e30-f67be2e768e9,list,0,1,0,465655,0
1775749920,9e93a6a6-b5c3-47bd-9b46-2b2d28bc37f7,download,0,2,0,3460799,0
1775741621,032b1a57-8090-46a1-b4e2-919eecba5a54,upload,0,1,0,362613,0
1775770722,8f4bb3f7-7f34-4857-9345-cc7b691ec121,upload,0,0,0,433114,0
1775762424,0c0ce9ee-9ada-4d72-a3f2-eb9483feabe8,download,0,3,0,1067849,0
1775758280,4b67bf97-823a-4df1-bde9-f0a99700964b,login,0,2,0,758683,0
1775770770,cfeed54f-cb0f-4fcb-a16f-f26aa8f69416,list,0,1,0,382141,0
1775737506,8dfb3116-3ac3-4112-be98-a2662c81ae72,upload,0,0,0,397377,0
1775749997,12991671-ea7d-4165-971a-36942f3fa1d2,upload,0,0,0,993522,0
1775745846,cc6a7b0a-aac4-45a5-89b8-538fccc1db40,login,0,0,1,813151,0
1775750019,25a72f32-e37a-4cab-b3f6-77192fc0aa35,upload,0,2,0,629521,0
1775775014,c8fc1656-71fd-4515-acfb-7ef374d44fe6,login,0,1,1,182901,0
1775783361,9e0ad054-903f-4afb-93ab-d3f19bcb3be2,login,0,1,0,598760,0
1775729222,15dbe71f-eca0-41d6-8a3a-e5fd6d2c2fca,login,0,2,0,537625,0
1775720894,25a72f32-e37a-4cab-b3f6-77192fc0aa35,upload,0,2,0,871572,0
1775737570,ae00c3fa-f6d5-419b-8612-52db300d9dd9,download,0,3,0,1834338,0
1775716733,3f213bee-6235-480e-9e70-d5e80fd9ddc3,login,0,2,0,556907,0
1775779286,4b67bf97-823a-4df1-bde9-f0a99700964b,upload,0,2,0,856660,0
1775725081,8dfb3116-3ac3-4112-be98-a2662c81ae72,login,0,1,1,721811,0
1775712570,15dbe71f-eca0-41d6-8a3a-e5fd6d2c2fca,download,0,5,0,1802616,0
1775741783,6ced1eb4-5e32-4d6c-8280-0946d4f05bef,download,0,5,0,5109897,0
1775720922,67b0661e-1123-49dd-9aab-466dbffefb05,download,0,4,0,4169813,0
1775758501,bb5a333e-d631-4644-91cc-88c161a23399,login,0,2,0,727196,0
1775712578,6ced1eb4-5e32-4d6c-8280-0946d4f05bef,login,0,0,0,642358,0
1775745996,c737d5c8-b53d-4464-a1d2-9e2bd7456966,download,0,1,0,1877647,0
1775771074,cfeed54f-cb0f-4fcb-a16f-f26aa8f69416,download,0,4,0,212692,0
1775754374,3797b81a-52e7-4e52-b1c1-6a9fc51bf6c4,login,0,0,1,899651,0
1775779466,8dfb3116-3ac3-4112-be98-a2662c81ae72,list,0,1,0,756900,0
1775779484,ab380f02-12bc-473b-a535-28f832822074,download,1,140,1,195131397,1
1775771138,ad53681e-c36e-4b3f-a8ad-22cf2bd4a765,upload,0,0,0,99582,0
1775741873,6ced1eb4-5e32-4d6c-8280-0946d4f05bef,upload,0,2,0,19084,0
1775746066,af8ebf32-c726-48e0-b053-6e07e853a46c,login,0,2,1,421725,0
1775779556,e26907cb-e617-4ac2-b726-bea132470922,upload,0,1,0,375202,0
1775741900,fc4fad76-16bc-401b-88b4-73eedb5baf39,upload,0,1,0,138370,0
1775733535,4b67bf97-823a-4df1-bde9-f0a99700964b,download,0,3,0,1125903,0
1775737730,15dbe71f-eca0-41d6-8a3a-e5fd6d2c2fca,list,0,2,0,376951,0
1775788006,167a8f34-3eb0-427e-b067-859df37c0547,login,0,2,1,949687,0
1775725176,b635daa1-ee9f-43f2-9a34-e1d43caad67b,upload,0,1,0,17498,0
1775720990,67b0661e-1123-49dd-9aab-466dbffefb05,download,0,4,0,402251,0
1775788066,2cfa69c9-d3d1-4780-967c-3e5e2ff36998,login,0,2,0,483835,0
1775783893,16220f75-189c-4d49-b1b9-5a289a9f3df4,upload,0,2,0,507552,0
1775721002,c8fc1656-71fd-4515-acfb-7ef374d44fe6,download,0,2,0,1774107,0
1775754566,4b67bf97-823a-4df1-bde9-f0a99700964b,login,0,1,1,280530,0
1775712618,ab380f02-12bc-473b-a535-28f832822074,download,1,471,2,952472463,1
1775788166,bb5a333e-d631-4644-91cc-88c161a23399,login,0,0,0,93497,0
1775758800,3797b81a-52e7-4e52-b1c1-6a9fc51bf6c4,login,0,2,0,127485,0
1775737818,bf43f002-7707-4271-b479-7bd6660b6627,login,0,1,0,647760,0
1775775626,94ebcab9-38b7-432d-8cff-b96fbc75dfcb,upload,0,1,0,203422,0
1775788246,4bcd6d06-db69-4a40-b976-05c7544a1a2c,login,0,2,1,311389,0
1775775660,eafb92c7-9925-4cf6-9c62-aaf2d611150b,list,0,0,0,633236,0
1775721038,49dda7ce-0e05-4a40-a128-6349450ff1a6,list,0,0,0,540682,0
1775763082,cc6a7b0a-aac4-45a5-89b8-538fccc1db40,download,0,5,0,1155652,0
1775725251,fd0692da-82f4-4c34-a563-b3e73b085db8,download,0,5,0,4236135,0
1775754698,c74fcfdf-af81-457e-a423-f6336477d65e,login,0,1,1,198203,0
1775742089,ab380f02-12bc-473b-a535-28f832822074,upload,0,1,0,981696,0
1775784178,9e0ad054-903f-4afb-93ab-d3f19bcb3be2,login,0,0,1,599552,0
1775742107,4bcd6d06-db69-4a40-b976-05c7544a1a2c,login,0,1,1,460670,0
1775780006,49dda7ce-0e05-4a40-a128-6349450ff1a6,list,0,1,0,325222,0
1775729492,3f213bee-6235-480e-9e70-d5e80fd9ddc3,list,0,0,0,163721,0
1775788466,c89fde94-1c9a-4e8a-90a3-c263cb7eb17e,list,0,1,0,726432,0
1775742143,ace9ed8f-794e-41b0-ab66-c2ba52f19d0f,login,0,2,0,657580,0
1775780078,3e43f9fe-09aa-428c-895e-344049e5f0eb,login,0,0,0,134400,0
1775767451,25a72f32-e37a-4cab-b3f6-77192fc0aa35,upload,0,1,0,853620,0
1775733738,c89fde94-1c9a-4e8a-90a3-c263cb7eb17e,upload,0,2,0,404300,0
1775733745,367f1ba0-3a73-4e8c-8daa-67458bf346b5,list,0,1,0,82129,0
1775780150,e26907cb-e617-4ac2-b726-bea132470922,list,0,1,0,227918,0
1775767511,c89fde94-1c9a-4e8a-90a3-c263cb7eb17e,list,0,0,0,343584,0
1775788626,12991671-ea7d-4165-971a-36942f3fa1d2,list,0,1,0,653918,0
1775784425,72e59186-4ee7-4a1e-9d41-155f00e06a95,list,0,0,0,1037983,0
1775767556,9e0ad054-903f-4afb-93ab-d3f19bcb3be2,list,0,0,0,924979,0
1775750679,67b0661e-1123-49dd-9aab-466dbffefb05,list,0,0,0,347170,0
1775771810,fd0692da-82f4-4c34-a563-b3e73b085db8,login,0,0,1,664009,0
1775729576,67b0661e-1123-49dd-9aab-466dbffefb05,download,1,3,0,4776901,0
1775742260,2778adb7-8d25-4998-840b-d5914a0c3d4c,login,0,2,1,98870,0
1775759177,ad53681e-c36e-4b3f-a8ad-22cf2bd4a765,list,0,2,0,91125,0
1775763418,fc4fad76-16bc-401b-88b4-73eedb5baf39,download,0,1,0,2800339,0
1775729600,bf43f002-7707-4271-b479-7bd6660b6627,login,0,2,1,684975,0
1775733836,49dda7ce-0e05-4a40-a128-6349450ff1a6,login,0,1,0,940393,0
1775784615,bb5a333e-d631-4644-91cc-88c161a23399,upload,0,1,0,675180,0
1775771938,2778adb7-8d25-4998-840b-d5914a0c3d4c,login,0,1,1,350069,0
1775729624,67b0661e-1123-49dd-9aab-466dbffefb05,login,0,2,0,332499,0
1775746566,9b308c90-9a9b-4ab3-be08-0ca6d6041471,upload,0,1,0,474909,0
1775708461,63ed13fc-16ff-4c73-adea-2135300ae355,list,0,1,0,460205,0
1775712698,25a72f32-e37a-4cab-b3f6-77192fc0aa35,download,0,3,0,2422433,0
1775733885,367f1ba0-3a73-4e8c-8daa-67458bf346b5,login,0,1,1,438945,0
1775772034,032b1a57-8090-46a1-b4e2-919eecba5a54,upload,0,2,0,533115,0
1775742377,16220f75-189c-4d49-b1b9-5a289a9f3df4,list,1,1,0,47028,0
1775772066,25a72f32-e37a-4cab-b3f6-77192fc0aa35,download,0,4,0,3753123,0
1775721190,4a209499-fcdb-4d47-9fba-19deb77f4b7b,list,0,2,0,496817,0
1775755130,4b67bf97-823a-4df1-bde9-f0a99700964b,list,0,2,0,113538,0
1775759385,ab380f02-12bc-473b-a535-28f832822074,download,1,103,0,372253950,1
1775759398,cc6a7b0a-aac4-45a5-89b8-538fccc1db40,list,0,1,0,288370,0
1775729696,72e59186-4ee7-4a1e-9d41-155f00e06a95,download,0,4,0,296600,0
1775721210,3f213bee-6235-480e-9e70-d5e80fd9ddc3,login,0,1,0,909071,0
1775750943,15dbe71f-eca0-41d6-8a3a-e5fd6d2c2fca,list,0,0,0,257416,0
1775767946,49dda7ce-0e05-4a40-a128-6349450ff1a6,download,0,3,0,197353,0
1775784957,e26907cb-e617-4ac2-b726-bea132470922,login,0,0,1,579420,0
1775755226,c8fc1656-71fd-4515-acfb-7ef374d44fe6,list,0,0,0,927218,0
1775776493,032b1a57-8090-46a1-b4e2-919eecba5a54,list,0,1,0,872895,0
1775746746,ab380f02-12bc-473b-a535-28f832822074,list,0,0,0,271207,0
1775725491,9e0ad054-903f-4afb-93ab-d3f19bcb3be2,list,0,0,0,997290,0
1775746766,15dbe71f-eca0-41d6-8a3a-e5fd6d2c2fca,upload,0,0,0,388858,0
1775780816,367f1ba0-3a73-4e8c-8daa-67458bf346b5,login,0,0,1,384209,0
1775755298,ae00c3fa-f6d5-419b-8612-52db300d9dd9,download,0,3,0,4094203,0
1775712740,8f4bb3f7-7f34-4857-9345-cc7b691ec121,upload,0,1,0,1043207,0
1775717000,63ed13fc-16ff-4c73-adea-2135300ae355,login,0,2,0,597764,0
1775785147,7019fef8-eee1-4780-8866-3cf355f39326,login,0,1,0,893615,0
1775785166,bb5a333e-d631-4644-91cc-88c161a23399,upload,0,0,0,581876,0
1775789446,0a847b66-6bdd-4f6c-9e30-f67be2e768e9,list,0,1,0,792761,0
1775746846,2778adb7-8d25-4998-840b-d5914a0c3d4c,upload,0,0,0,768112,0
1775759645,e26907cb-e617-4ac2-b726-bea132470922,download,0,3,0,4478096,0
1775789506,3797b81a-52e7-4e52-b1c1-6a9fc51bf6c4,upload,0,1,0,923598,0
1775746876,0c0ce9ee-9ada-4d72-a3f2-eb9483feabe8,upload,0,2,0,411271,0
1775751152,fc4fad76-16bc-401b-88b4-73eedb5baf39,login,0,1,0,321173,0
1775759697,3f213bee-6235-480e-9e70-d5e80fd9ddc3,upload,0,2,0,915017,0
1775717030,4bcd6d06-db69-4a40-b976-05c7544a1a2c,list,0,1,0,47443,0
1775717033,63ed13fc-16ff-4c73-adea-2135300ae355,list,0,1,0,131065,0
1775776816,8dfb3116-3ac3-4112-be98-a2662c81ae72,list,0,0,0,806139,0
1775781104,fc4fad76-16bc-401b-88b4-73eedb5baf39,upload,0,1,0,980034,0
1775768306,f33ea619-379b-4fe8-8607-92f27dba7c4a,download,0,2,0,4029134,0
1775721318,c737d5c8-b53d-4464-a1d2-9e2bd7456966,list,0,0,0,1009232,0
1775759788,94ebcab9-38b7-432d-8cff-b96fbc75dfcb,list,0,2,0,941909,0
1775725601,63ed13fc-16ff-4c73-adea-2135300ae355,download,0,3,0,4913458,0
1775725606,fd0692da-82f4-4c34-a563-b3e73b085db8,upload,0,0,0,502896,0
1775717057,24981836-1892-4695-a7ba-6ea35f397c4d,list,0,0,0,702894,0
1775729894,6ced1eb4-5e32-4d6c-8280-0946d4f05bef,login,0,1,0,870088,0
1775712784,c74fcfdf-af81-457e-a423-f6336477d65e,login,0,0,1,367389,0
1775772706,ae00c3fa-f6d5-419b-8612-52db300d9dd9,login,0,0,1,7272,0
1775747036,2cfa69c9-d3d1-4780-967c-3e5e2ff36998,login,0,1,0,725705,0
1775734200,25a72f32-e37a-4cab-b3f6-77192fc0aa35,download,0,5,0,213330,0
1775738490,032b1a57-8090-46a1-b4e2-919eecba5a54,list,0,1,0,503147,0
1775772770,fd0692da-82f4-4c34-a563-b3e73b085db8,list,0,1,0,39322,0
1775751361,16220f75-189c-4d49-b1b9-5a289a9f3df4,login,0,2,0,593782,0
1775738514,2cfa69c9-d3d1-4780-967c-3e5e2ff36998,download,0,1,0,2495635,0
1775789966,24981836-1892-4695-a7ba-6ea35f397c4d,login,0,1,1,815892,0
1775734242,fd0692da-82f4-4c34-a563-b3e73b085db8,upload,0,0,0,630147,0
1775729960,3797b81a-52e7-4e52-b1c1-6a9fc51bf6c4,download,0,2,0,4459442,0
1775747126,ab380f02-12bc-473b-a535-28f832822074,download,0,5,0,3881839,0
1775708517,af8ebf32-c726-48e0-b053-6e07e853a46c,upload,0,0,0,90385,0
1775747146,167a8f34-3eb0-427e-b067-859df37c0547,login,0,2,0,616915,0
1775729984,9e93a6a6-b5c3-47bd-9b46-2b2d28bc37f7,list,0,1,0,137847,0
1775772930,3e43f9fe-09aa-428c-895e-344049e5f0eb,download,0,1,0,4585994,0
1775708521,b635daa1-ee9f-43f2-9a34-e1d43caad67b,upload,0,1,0,868967,0
1775755778,2778adb7-8d25-4998-840b-d5914a0c3d4c,login,0,0,1,1042318,0
1775790166,72e59186-4ee7-4a1e-9d41-155f00e06a95,upload,0,0,0,518297,0
1775712822,bb5a333e-d631-4644-91cc-88c161a23399,login,0,2,1,1021969,0
1775790206,67b0661e-1123-49dd-9aab-466dbffefb05,upload,0,0,0,947454,0
1775734326,b49ce9ef-011a-422b-8b81-2506dc0fe127,login,0,0,0,584876,0
1775785945,cfeed54f-cb0f-4fcb-a16f-f26aa8f69416,upload,0,1,0,18370,0
1775747246,94ebcab9-38b7-432d-8cff-b96fbc75dfcb,login,0,2,1,336091,0
1775725741,3f213bee-6235-480e-9e70-d5e80fd9ddc3,download,0,1,0,1031447,0
1775751570,94ebcab9-38b7-432d-8cff-b96fbc75dfcb,download,0,1,0,3227462,0
1775738666,2778adb7-8d25-4998-840b-d5914a0c3d4c,login,0,1,1,248684,0
1775738674,e26907cb-e617-4ac2-b726-bea132470922,download,0,1,0,1825337,0
1775721454,ae00c3fa-f6d5-419b-8612-52db300d9dd9,upload,0,0,0,245432,0
1775742998,2cfa69c9-d3d1-4780-967c-3e5e2ff36998,list,0,2,0,190668,0
1775777479,c74fcfdf-af81-457e-a423-f6336477d65e,upload,0,2,0,51471,0
1775760256,ab380f02-12bc-473b-a535-28f832822074,download,1,307,1,143178205,1
1775743025,3797b81a-52e7-4e52-b1c1-6a9fc51bf6c4,upload,0,0,0,673509,0
1775777530,b49ce9ef-011a-422b-8b81-2506dc0fe127,login,0,2,0,37600,0
1775777547,7019fef8-eee1-4780-8866-3cf355f39326,list,0,2,0,884183,0
1775755994,ab380f02-12bc-473b-a535-28f832822074,login,0,1,0,283312,0
1775734431,f33ea619-379b-4fe8-8607-92f27dba7c4a,list,0,0,0,591245,0
1775721490,b635daa1-ee9f-43f2-9a34-e1d43caad67b,download,0,5,0,5194000,0
1775756030,bb5a333e-d631-4644-91cc-88c161a23399,list,0,0,0,597530,0
1775781950,0c0ce9ee-9ada-4d72-a3f2-eb9483feabe8,login,0,0,1,655815,0
1775760373,3797b81a-52e7-4e52-b1c1-6a9fc51bf6c4,upload,0,0,0,604597,0
1775769026,c737d5c8-b53d-4464-a1d2-9e2bd7456966,upload,0,1,0,957187,0
1775734473,0a847b66-6bdd-4f6c-9e30-f67be2e768e9,login,0,1,0,185915,0
1775721514,9b308c90-9a9b-4ab3-be08-0ca6d6041471,login,0,0,0,231577,0
1775764748,8dfb3116-3ac3-4112-be98-a2662c81ae72,list,0,1,0,524703,0
1775790706,9e93a6a6-b5c3-47bd-9b46-2b2d28bc37f7,upload,0,1,0,255615,0
1775751801,b635daa1-ee9f-43f2-9a34-e1d43caad67b,login,0,0,1,887232,0
1775751812,367f1ba0-3a73-4e8c-8daa-67458bf346b5,upload,0,1,0,674068,0
1775747496,8f4bb3f7-7f34-4857-9345-cc7b691ec121,login,0,0,1,352050,0
1775738850,ab380f02-12bc-473b-a535-28f832822074,download,0,405,1,1065358166,1
1775790806,b635daa1-ee9f-43f2-9a34-e1d43caad67b,login,0,0,1,314981,0
1775725876,8dfb3116-3ac3-4112-be98-a2662c81ae72,upload,0,2,0,924663,0
1775760529,4b67bf97-823a-4df1-bde9-f0a99700964b,upload,0,0,0,309920,0
1775777870,e26907cb-e617-4ac2-b726-bea132470922,login,0,1,1,240530,0
1775730224,ad53681e-c36e-4b3f-a8ad-22cf2bd4a765,list,0,0,0,349710,0
1775786572,7019fef8-eee1-4780-8866-3cf355f39326,download,0,2,0,4710688,0
1775790926,ab380f02-12bc-473b-a535-28f832822074,download,1,431,0,687282589,1
1775734578,16220f75-189c-4d49-b1b9-5a289a9f3df4,download,0,1,0,3156693,0
1775721574,4a209499-fcdb-4d47-9fba-19deb77f4b7b,download,0,2,0,4258518,0
1775717240,ace9ed8f-794e-41b0-ab66-c2ba52f19d0f,login,0,0,0,221106,0
1775734599,bb5a333e-d631-4644-91cc-88c161a23399,login,0,0,1,534791,0
1775743286,16220f75-189c-4d49-b1b9-5a289a9f3df4,login,0,1,0,509665,0
1775708567,72e59186-4ee7-4a1e-9d41-155f00e06a95,upload,1,2,0,502710,0
1775751988,c8fc1656-71fd-4515-acfb-7ef374d44fe6,list,0,0,0,906622,0
1775717255,bf43f002-7707-4271-b479-7bd6660b6627,upload,0,2,0,758063,0
1775708570,ab380f02-12bc-473b-a535-28f832822074,download,1,156,0,925191339,1
1775708571,c74fcfdf-af81-457e-a423-f6336477d65e,login,0,2,1,451643,0
1775773762,f33ea619-379b-4fe8-8607-92f27dba7c4a,download,0,5,0,2137726,0
1775717267,ab380f02-12bc-473b-a535-28f832822074,download,1,81,1,836698528,1
1775708574,3e43f9fe-09aa-428c-895e-344049e5f0eb,login,0,1,1,221517,0
1775756414,167a8f34-3eb0-427e-b067-859df37c0547,download,0,3,0,3742789,0
1775791226,4bcd6d06-db69-4a40-b976-05c7544a1a2c,download,0,1,0,4579312,0
1775734683,bb5a333e-d631-4644-91cc-88c161a23399,upload,0,1,0,262321,0
1775756450,4b67bf97-823a-4df1-bde9-f0a99700964b,list,0,1,0,746287,0
1775786933,fd0692da-82f4-4c34-a563-b3e73b085db8,upload,0,2,0,864577,0
1775721642,3797b81a-52e7-4e52-b1c1-6a9fc51bf6c4,download,0,5,0,3808967,0
1775782616,e26907cb-e617-4ac2-b726-bea132470922,download,0,3,0,4040672,0
1775717294,ad53681e-c36e-4b3f-a8ad-22cf2bd4a765,download,0,4,0,1087408,0
1775787009,4bcd6d06-db69-4a40-b976-05c7544a1a2c,download,0,4,0,1288329,0
1775726016,ab380f02-12bc-473b-a535-28f832822074,download,1,250,2,713907989,1
1775712944,ab380f02-12bc-473b-a535-28f832822074,download,1,233,0,408615340,1
1775769626,67b0661e-1123-49dd-9aab-466dbffefb05,download,0,1,0,722584,0
1775756558,15dbe71f-eca0-41d6-8a3a-e5fd6d2c2fca,login,0,1,0,764983,0
1775756570,67b0661e-1123-49dd-9aab-466dbffefb05,upload,0,0,0,1000388,0
1775782760,67b0661e-1123-49dd-9aab-466dbffefb05,login,0,2,1,462751,0
1775765322,12991671-ea7d-4165-971a-36942f3fa1d2,upload,0,0,0,106825,0
1775708591,c74fcfdf-af81-457e-a423-f6336477d65e,list,0,1,0,147138,0
1775739154,cc6a7b0a-aac4-45a5-89b8-538fccc1db40,login,0,2,0,412363,0
1775708593,8dfb3116-3ac3-4112-be98-a2662c81ae72,login,0,2,1,435684,0
1775726066,4bcd6d06-db69-4a40-b976-05c7544a1a2c,list,0,0,0,22073,0
1775747916,72e59186-4ee7-4a1e-9d41-155f00e06a95,upload,0,2,0,648177,0
1775774146,8f4bb3f7-7f34-4857-9345-cc7b691ec121,upload,0,1,0,1000775,0
1775787275,c737d5c8-b53d-4464-a1d2-9e2bd7456966,upload,0,1,0,681173,0
1775747946,ae00c3fa-f6d5-419b-8612-52db300d9dd9,download,0,2,0,5226083,0
1775769821,cc6a7b0a-aac4-45a5-89b8-538fccc1db40,download,0,2,0,5145930,0
1775752340,3f213bee-6235-480e-9e70-d5e80fd9ddc3,upload,0,0,0,789575,0
1775787351,67b0661e-1123-49dd-9aab-466dbffefb05,download,0,2,0,3366341,0
1775730482,2cfa69c9-d3d1-4780-967c-3e5e2ff36998,upload,0,0,0,398147,0
1775739242,c737d5c8-b53d-4464-a1d2-9e2bd7456966,list,0,0,0,604089,0
1775761140,fd0692da-82f4-4c34-a563-b3e73b085db8,list,0,2,0,558273,0
1775734879,ae00c3fa-f6d5-419b-8612-52db300d9dd9,upload,0,0,0,128055,0
1775769926,ab380f02-12bc-473b-a535-28f832822074,login,0,0,0,551333,0
1775765560,94ebcab9-38b7-432d-8cff-b96fbc75dfcb,upload,0,1,0,32965,0
1775730518,9b308c90-9a9b-4ab3-be08-0ca6d6041471,login,0,1,1,879997,0
1775730524,367f1ba0-3a73-4e8c-8daa-67458bf346b5,upload,0,1,0,10832,0
1775717378,9e93a6a6-b5c3-47bd-9b46-2b2d28bc37f7,upload,0,1,0,4805,0
1775717381,ae00c3fa-f6d5-419b-8612-52db300d9dd9,download,0,3,0,1897127,0
1775770016,16220f75-189c-4d49-b1b9-5a289a9f3df4,login,0,1,1,641822,0
1775774418,cc6a7b0a-aac4-45a5-89b8-538fccc1db40,download,0,2,0,4989593,0
1775774434,2778adb7-8d25-4998-840b-d5914a0c3d4c,upload,0,2,0,341901,0
1775774450,c74fcfdf-af81-457e-a423-f6336477d65e,upload,0,1,0,1024660,0
1775756906,bf43f002-7707-4271-b479-7bd6660b6627,download,0,4,0,1474016,0
1775774482,ab380f02-12bc-473b-a535-28f832822074,download,0,382,0,221613888,1
1775765714,c89fde94-1c9a-4e8a-90a3-c263cb7eb17e,login,0,2,1,381788,0
1775748156,c74fcfdf-af81-457e-a423-f6336477d65e,login,0,1,1,264037,0
1775743772,67b0661e-1123-49dd-9aab-466dbffefb05,download,0,2,0,205661,0
1775726201,b635daa1-ee9f-43f2-9a34-e1d43caad67b,login,0,2,0,16945,0
1775743790,15dbe71f-eca0-41d6-8a3a-e5fd6d2c2fca,list,0,2,0,446697,0
1775783372,bb5a333e-d631-4644-91cc-88c161a23399,login,0,2,1,247604,0
1775717420,c8fc1656-71fd-4515-acfb-7ef374d44fe6,login,0,1,0,997941,0
1775748216,c8fc1656-71fd-4515-acfb-7ef374d44fe6,login,0,2,0,217463,0
1775792226,94ebcab9-38b7-432d-8cff-b96fbc75dfcb,upload,0,1,0,622629,0
1775774642,8dfb3116-3ac3-4112-be98-a2662c81ae72,list,0,1,0,258508,0
1775748246,6ced1eb4-5e32-4d6c-8280-0946d4f05bef,upload,0,1,0,62050,0
1775735047,167a8f34-3eb0-427e-b067-859df37c0547,upload,0,2,0,285160,0
1775748266,67b0661e-1123-49dd-9aab-466dbffefb05,login,0,1,0,800707,0
1775713036,fc4fad76-16bc-401b-88b4-73eedb5baf39,list,0,2,0,469688,0
1775735068,ab380f02-12bc-473b-a535-28f832822074,download,1,388,1,579325882,1
1775774738,ab380f02-12bc-473b-a535-28f832822074,download,1,320,0,532038303,1
1775761530,12991671-ea7d-4165-971a-36942f3fa1d2,login,0,0,1,883752,0
1775787997,9e0ad054-903f-4afb-93ab-d3f19bcb3be2,download,0,2,0,1059947,0
1775721866,032b1a57-8090-46a1-b4e2-919eecba5a54,download,0,2,0,4682342,0
1775770391,cc6a7b0a-aac4-45a5-89b8-538fccc1db40,list,0,1,0,416168,0
1775765994,ab380f02-12bc-473b-a535-28f832822074,download,0,1,0,1618720,0
1775752769,e26907cb-e617-4ac2-b726-bea132470922,upload,0,0,0,469940,0
1775788092,72e59186-4ee7-4a1e-9d41-155f00e06a95,upload,0,2,0,751734,0
1775792526,f33ea619-379b-4fe8-8607-92f27dba7c4a,upload,0,2,0,849409,0
1775757218,3e43f9fe-09aa-428c-895e-344049e5f0eb,download,0,4,0,4543022,0
1775766064,bb5a333e-d631-4644-91cc-88c161a23399,list,0,0,0,443910,0
1775713062,ab380f02-12bc-473b-a535-28f832822074,download,1,355,2,816637544,1
1775726321,c8fc1656-71fd-4515-acfb-7ef374d44fe6,download,0,4,0,2867170,0
1775708646,bb5a333e-d631-4644-91cc-88c161a23399,download,0,2,0,5095731,0
1775708647,9e0ad054-903f-4afb-93ab-d3f19bcb3be2,list,0,1,0,738215,0
1775744024,94ebcab9-38b7-432d-8cff-b96fbc75dfcb,download,0,3,0,2736710,0
1775713072,ace9ed8f-794e-41b0-ab66-c2ba52f19d0f,upload,0,1,0,702068,0
1775739618,49dda7ce-0e05-4a40-a128-6349450ff1a6,download,0,4,0,1740033,0
1775752901,ace9ed8f-794e-41b0-ab66-c2ba52f19d0f,download,0,3,0,4208952,0
1775779468,cfeed54f-cb0f-4fcb-a16f-f26aa8f69416,login,0,0,1,740660,0
1775739642,af8ebf32-c726-48e0-b053-6e07e853a46c,download,0,2,0,1236900,0
1775792786,ab380f02-12bc-473b-a535-28f832822074,download,1,238,2,329802316,1
1775735229,367f1ba0-3a73-4e8c-8daa-67458bf346b5,upload,0,1,0,950181,0
1775761816,b635daa1-ee9f-43f2-9a34-e1d43caad67b,login,0,1,0,962990,0
1775744105,fd0692da-82f4-4c34-a563-b3e73b085db8,list,0,2,0,760861,0
1775744114,12991671-ea7d-4165-971a-36942f3fa1d2,list,0,1,0,875881,0
1775766288,9e93a6a6-b5c3-47bd-9b46-2b2d28bc37f7,download,0,3,0,265332,0
1775713094,94ebcab9-38b7-432d-8cff-b96fbc75dfcb,login,0,0,0,784816,0
1775784056,cfeed54f-cb0f-4fcb-a16f-f26aa8f69416,upload,0,0,0,564169,0
1775726406,7019fef8-eee1-4780-8866-3cf355f39326,upload,0,1,0,578948,0
1775713100,b49ce9ef-011a-422b-8b81-2506dc0fe127,list,0,0,0,691334,0
1775775234,bf43f002-7707-4271-b479-7bd6660b6627,download,0,3,0,522641,0
1775779689,63ed13fc-16ff-4c73-adea-2135300ae355,login,0,0,0,846947,0
1775713106,3f213bee-6235-480e-9e70-d5e80fd9ddc3,download,0,5,0,3805579,0
1775739754,eafb92c7-9925-4cf6-9c62-aaf2d611150b,login,0,2,0,445969,0
1775748646,15dbe71f-eca0-41d6-8a3a-e5fd6d2c2fca,upload,0,2,0,974569,0
1775717555,eafb92c7-9925-4cf6-9c62-aaf2d611150b,login,0,1,1,120805,0
1775713114,fd0692da-82f4-4c34-a563-b3e73b085db8,login,0,1,0,503893,0
1775722006,ad53681e-c36e-4b3f-a8ad-22cf2bd4a765,login,0,2,1,14422,0
1775788700,7019fef8-eee1-4780-8866-3cf355f39326,login,0,2,0,129341,0
1775753143,cfeed54f-cb0f-4fcb-a16f-f26aa8f69416,login,0,1,1,94126,0
1775757602,eafb92c7-9925-4cf6-9c62-aaf2d611150b,upload,0,0,0,487424,0
1775722022,f33ea619-379b-4fe8-8607-92f27dba7c4a,login,0,0,1,926369,0
1775770976,9e93a6a6-b5c3-47bd-9b46-2b2d28bc37f7,list,0,1,0,456662,0
1775766540,12991671-ea7d-4165-971a-36942f3fa1d2,download,0,5,0,505307,0
1775757650,ad53681e-c36e-4b3f-a8ad-22cf2bd4a765,list,0,2,0,331939,0
1775739850,25a72f32-e37a-4cab-b3f6-77192fc0aa35,login,0,2,1,75643,0
1775726496,6ced1eb4-5e32-4d6c-8280-0946d4f05bef,list,0,2,0,311095,0
1775775506,16220f75-189c-4d49-b1b9-5a289a9f3df4,list,0,2,0,444333,0
1775753242,c89fde94-1c9a-4e8a-90a3-c263cb7eb17e,list,0,1,0,196419,0
1775726511,bb5a333e-d631-4644-91cc-88c161a23399,login,0,2,0,51862,0
1775717600,b49ce9ef-011a-422b-8b81-2506dc0fe127,download,0,4,0,2963615,0
1775757734,fc4fad76-16bc-401b-88b4-73eedb5baf39,list,0,1,0,45457,0
1775748826,49dda7ce-0e05-4a40-a128-6349450ff1a6,download,0,1,0,2997808,0
1775748836,b49ce9ef-011a-422b-8b81-2506dc0fe127,upload,0,1,0,729672,0
1775766694,94ebcab9-38b7-432d-8cff-b96fbc75dfcb,download,0,2,0,4321257,0
1775713152,c737d5c8-b53d-4464-a1d2-9e2bd7456966,list,0,2,0,458940,0
1775780114,3797b81a-52e7-4e52-b1c1-6a9fc51bf6c4,list,0,1,0,23930,0
1775762271,25a72f32-e37a-4cab-b3f6-77192fc0aa35,upload,0,1,0,628322,0
1775713158,367f1ba0-3a73-4e8c-8daa-67458bf346b5,upload,0,2,0,430708,0
1775789099,63ed13fc-16ff-4c73-adea-2135300ae355,list,0,0,0,456312,0
1775735502,8dfb3116-3ac3-4112-be98-a2662c81ae72,login,0,1,0,553018,0
1775753385,bb5a333e-d631-4644-91cc-88c161a23399,list,0,0,0,75542,0
1775766806,24981836-1892-4695-a7ba-6ea35f397c4d,list,0,1,0,616856,0
1775793646,7019fef8-eee1-4780-8866-3cf355f39326,upload,0,0,0,535523,0
1775731058,2cfa69c9-d3d1-4780-967c-3e5e2ff36998,list,0,0,0,549710,0
1775757902,15dbe71f-eca0-41d6-8a3a-e5fd6d2c2fca,login,0,1,0,135172,0
1775708700,3797b81a-52e7-4e52-b1c1-6a9fc51bf6c4,login,0,0,0,267602,0
1775726601,367f1ba0-3a73-4e8c-8daa-67458bf346b5,download,0,1,0,4145486,0
1775726606,7019fef8-eee1-4780-8866-3cf355f39326,download,0,1,0,3030638,0
1775726611,9e93a6a6-b5c3-47bd-9b46-2b2d28bc37f7,upload,0,1,0,166577,0
1775731094,94ebcab9-38b7-432d-8cff-b96fbc75dfcb,download,0,4,0,3520406,0
1775784848,67b0661e-1123-49dd-9aab-466dbffefb05,list,0,0,0,764768,0
1775762466,ab380f02-12bc-473b-a535-28f832822074,upload,0,2,0,810939,0
1775717669,3797b81a-52e7-4e52-b1c1-6a9fc51bf6c4,login,0,0,1,247398,0
1775722154,c8fc1656-71fd-4515-acfb-7ef374d44fe6,login,0,0,0,898604,0
1775793886,f33ea619-379b-4fe8-8607-92f27dba7c4a,download,0,2,0,500685,0
1775726646,0c0ce9ee-9ada-4d72-a3f2-eb9483feabe8,list,0,1,0,361993,0
1775753561,49dda7ce-0e05-4a40-a128-6349450ff1a6,download,0,2,0,4205845,0
1775740114,ab380f02-12bc-473b-a535-28f832822074,download,1,135,0,331292095,1
1775744609,bf43f002-7707-4271-b479-7bd6660b6627,list,0,2,0,140042,0
1775780522,eafb92c7-9925-4cf6-9c62-aaf2d611150b,download,0,1,0,359754,0
1775726671,c8fc1656-71fd-4515-acfb-7ef374d44fe6,upload,0,0,0,78236,0
1775717696,ab380f02-12bc-473b-a535-28f832822074,download,1,94,2,406855076,1
1775758118,e26907cb-e617-4ac2-b726-bea132470922,upload,0,0,0,717518,0
1775785082,63ed13fc-16ff-4c73-adea-2135300ae355,login,0,1,1,349355,0
1775794086,12991671-ea7d-4165-971a-36942f3fa1d2,upload,0,1,0,387261,0
1775726696,c8fc1656-71fd-4515-acfb-7ef374d44fe6,login,0,0,1,647592,0
1775758166,9b308c90-9a9b-4ab3-be08-0ca6d6041471,download,0,4,0,261536,0
1775713218,ae00c3fa-f6d5-419b-8612-52db300d9dd9,list,0,0,0,579367,0
1775744699,3e43f9fe-09aa-428c-895e-344049e5f0eb,upload,0,2,0,52580,0
1775722218,12991671-ea7d-4165-971a-36942f3fa1d2,list,0,2,0,882536,0
1775767212,9b308c90-9a9b-4ab3-be08-0ca6d6041471,list,0,0,0,116662,0
1775767226,24981836-1892-4695-a7ba-6ea35f397c4d,login,0,1,1,135126,0
1775776242,4a209499-fcdb-4d47-9fba-19deb77f4b7b,download,0,5,0,1571317,0
1775771756,c89fde94-1c9a-4e8a-90a3-c263cb7eb17e,upload,0,2,0,524093,0
1775767268,c89fde94-1c9a-4e8a-90a3-c263cb7eb17e,download,0,3,0,3143727,0
1775722242,2778adb7-8d25-4998-840b-d5914a0c3d4c,list,0,1,0,586611,0
1775762791,16220f75-189c-4d49-b1b9-5a289a9f3df4,upload,0,0,0,152531,0
1775708732,ab380f02-12bc-473b-a535-28f832822074,download,1,55,1,178861332,1
1775717747,2cfa69c9-d3d1-4780-967c-3e5e2ff36998,login,0,1,1,378799,0
1775735782,8f4bb3f7-7f34-4857-9345-cc7b691ec121,login,0,2,0,884672,0
1775794406,ab380f02-12bc-473b-a535-28f832822074,download,1,51,2,977385821,1
1775776386,f33ea619-379b-4fe8-8607-92f27dba7c4a,upload,0,0,0,997804,0
1775762869,032b1a57-8090-46a1-b4e2-919eecba5a54,upload,0,2,0,714327,0
1775749346,2cfa69c9-d3d1-4780-967c-3e5e2ff36998,list,0,0,0,200719,0
1775789973,15dbe71f-eca0-41d6-8a3a-e5fd6d2c2fca,login,0,2,1,413034,0
1775780964,0a847b66-6bdd-4f6c-9e30-f67be2e768e9,login,0,2,1,764526,0
1775749376,0a847b66-6bdd-4f6c-9e30-f67be2e768e9,login,0,1,0,823071,0
1775731322,24981836-1892-4695-a7ba-6ea35f397c4d,list,0,2,0,778843,0
1775767464,8dfb3116-3ac3-4112-be98-a2662c81ae72,upload,0,2,0,648217,0
1775717780,9b308c90-9a9b-4ab3-be08-0ca6d6041471,login,0,2,1,1024710,0
1775781049,167a8f34-3eb0-427e-b067-859df37c0547,download,0,4,0,3520214,0
1775781066,ab380f02-12bc-473b-a535-28f832822074,download,1,281,1,240309196,1
1775781083,8f4bb3f7-7f34-4857-9345-cc7b691ec121,list,0,0,0,737930,0
1775717792,8dfb3116-3ac3-4112-be98-a2662c81ae72,upload,0,0,0,458226,0
1775772071,167a8f34-3eb0-427e-b067-859df37c0547,download,0,5,0,4810468,0
1775763038,ab380f02-12bc-473b-a535-28f832822074,download,1,90,0,885244395,1
1775717801,16220f75-189c-4d49-b1b9-5a289a9f3df4,list,0,1,0,226856,0
1775726856,eafb92c7-9925-4cf6-9c62-aaf2d611150b,login,0,1,1,780479,0
1775772131,e26907cb-e617-4ac2-b726-bea132470922,upload,0,0,0,522231,0
1775754034,9e93a6a6-b5c3-47bd-9b46-2b2d28bc37f7,login,0,1,1,1031718,0
1775726871,ace9ed8f-794e-41b0-ab66-c2ba52f19d0f,upload,0,2,0,690935,0
1775772176,ab380f02-12bc-473b-a535-28f832822074,login,0,2,1,127701,0
1775722350,25a72f32-e37a-4cab-b3f6-77192fc0aa35,login,0,2,0,602324,0
1775754078,3797b81a-52e7-4e52-b1c1-6a9fc51bf6c4,upload,0,2,0,973487,0
1775754089,94ebcab9-38b7-432d-8cff-b96fbc75dfcb,list,0,0,0,10915,0
1775713294,c74fcfdf-af81-457e-a423-f6336477d65e,login,0,0,1,498427,0
1775717831,ae00c3fa-f6d5-419b-8612-52db300d9dd9,login,0,0,0,958411,0
1775794946,7019fef8-eee1-4780-8866-3cf355f39326,list,0,1,0,54463,0
1775776818,ae00c3fa-f6d5-419b-8612-52db300d9dd9,download,0,4,0,3344935,0
1775763220,af8ebf32-c726-48e0-b053-6e07e853a46c,download,0,4,0,3593022,0
1775745077,16220f75-189c-4d49-b1b9-5a289a9f3df4,login,0,2,0,19543,0
1775713306,af8ebf32-c726-48e0-b053-6e07e853a46c,login,0,2,0,833120,0
1775781423,eafb92c7-9925-4cf6-9c62-aaf2d611150b,upload,0,2,0,130370,0
1775749646,032b1a57-8090-46a1-b4e2-919eecba5a54,upload,0,2,0,828279,0
1775758742,032b1a57-8090-46a1-b4e2-919eecba5a54,login,0,2,0,549928,0
1775722402,94ebcab9-38b7-432d-8cff-b96fbc75dfcb,download,0,5,0,1575777,0
1775722406,8dfb3116-3ac3-4112-be98-a2662c81ae72,upload,0,2,0,560778,0
1775717864,16220f75-189c-4d49-b1b9-5a289a9f3df4,download,0,4,0,2413793,0
1775786072,af8ebf32-c726-48e0-b053-6e07e853a46c,download,0,1,0,3976578,0
1775736062,b49ce9ef-011a-422b-8b81-2506dc0fe127,list,0,1,0,749583,0
1775713324,eafb92c7-9925-4cf6-9c62-aaf2d611150b,download,0,5,0,4634736,0
1775790676,cc6a7b0a-aac4-45a5-89b8-538fccc1db40,login,0,2,1,776360,0
1775740634,167a8f34-3eb0-427e-b067-859df37c0547,download,0,5,0,3222756,0
1775772506,cfeed54f-cb0f-4fcb-a16f-f26aa8f69416,download,0,5,0,1649887,0
1775795286,fc4fad76-16bc-401b-88b4-73eedb5baf39,download,0,3,0,1667173,0
1775717888,b635daa1-ee9f-43f2-9a34-e1d43caad67b,download,0,3,0,3903247,0
1775717891,2cfa69c9-d3d1-4780-967c-3e5e2ff36998,download,0,3,0,4327665,0
1775713338,63ed13fc-16ff-4c73-adea-2135300ae355,download,0,2,0,1232696,0
1775749796,4a209499-fcdb-4d47-9fba-19deb77f4b7b,download,0,1,0,3913273,0
1775790828,0a847b66-6bdd-4f6c-9e30-f67be2e768e9,login,0,1,0,761043,0
1775722462,367f1ba0-3a73-4e8c-8daa-67458bf346b5,download,0,5,0,1595256,0
1775768066,6ced1eb4-5e32-4d6c-8280-0946d4f05bef,upload,0,0,0,680973,0
1775758958,bf43f002-7707-4271-b479-7bd6660b6627,download,0,5,0,2266497,0
1775768094,24981836-1892-4695-a7ba-6ea35f397c4d,upload,0,0,0,685496,0
1775727041,63ed13fc-16ff-4c73-adea-2135300ae355,list,0,2,0,120696,0
1775754430,9e93a6a6-b5c3-47bd-9b46-2b2d28bc37f7,upload,0,1,0,857920,0
1775763571,b635daa1-ee9f-43f2-9a34-e1d43caad67b,login,0,0,1,188648,0
1775795546,94ebcab9-38b7-432d-8cff-b96fbc75dfcb,upload,0,1,0,909163,0
1775763597,63ed13fc-16ff-4c73-adea-2135300ae355,login,0,1,1,203988,0
1775745338,0a847b66-6bdd-4f6c-9e30-f67be2e768e9,list,0,1,0,516106,0
1775749916,72e59186-4ee7-4a1e-9d41-155f00e06a95,list,0,0,0,574572,0
1775740786,0c0ce9ee-9ada-4d72-a3f2-eb9483feabe8,login,0,0,0,326497,0
1775745365,6ced1eb4-5e32-4d6c-8280-0946d4f05bef,download,0,3,0,448927,0
1775740802,25a72f32-e37a-4cab-b3f6-77192fc0aa35,login,0,1,1,615330,0
1775759102,ab380f02-12bc-473b-a535-28f832822074,upload,0,2,0,31339,0
1775727096,ab380f02-12bc-473b-a535-28f832822074,download,0,61,1,603668838,1
1775722526,cfeed54f-cb0f-4fcb-a16f-f26aa8f69416,login,0,1,1,268909,0
1775768290,63ed13fc-16ff-4c73-adea-2135300ae355,download,0,1,0,5056003,0
1775740842,25a72f32-e37a-4cab-b3f6-77192fc0aa35,login,0,1,1,278388,0
1775777474,ace9ed8f-794e-41b0-ab66-c2ba52f19d0f,login,0,2,0,588843,0
1775750016,2cfa69c9-d3d1-4780-967c-3e5e2ff36998,list,0,1,0,707924,0
1775791246,bb5a333e-d631-4644-91cc-88c161a23399,list,0,1,0,689591,0
1775772941,9e0ad054-903f-4afb-93ab-d3f19bcb3be2,login,0,0,0,69834,0
1775750046,2778adb7-8d25-4998-840b-d5914a0c3d4c,login,0,2,1,786108,0
1775745473,b635daa1-ee9f-43f2-9a34-e1d43caad67b,list,0,1,0,528053,0
1775777570,ab380f02-12bc-473b-a535-28f832822074,download,0,2,0,1138913,0
1775791341,bb5a333e-d631-4644-91cc-88c161a23399,login,0,0,0,273153,0
1775736328,4a209499-fcdb-4d47-9fba-19deb77f4b7b,download,0,2,0,3464396,0
1775736335,12991671-ea7d-4165-971a-36942f3fa1d2,download,0,3,0,5095387,0
1775708814,24981836-1892-4695-a7ba-6ea35f397c4d,download,0,3,0,2491576,0
1775777650,af8ebf32-c726-48e0-b053-6e07e853a46c,list,0,1,0,631367,0
1775768486,c74fcfdf-af81-457e-a423-f6336477d65e,download,0,1,0,4368931,0
1775791455,ab380f02-12bc-473b-a535-28f832822074,download,1,224,1,921291380,1
1775718002,0a847b66-6bdd-4f6c-9e30-f67be2e768e9,list,0,1,0,1015901,0
1775759342,ae00c3fa-f6d5-419b-8612-52db300d9dd9,list,0,1,0,45462,0
1775796106,ae00c3fa-f6d5-419b-8612-52db300d9dd9,list,0,1,0,52026,0
1775782341,0c0ce9ee-9ada-4d72-a3f2-eb9483feabe8,login,0,0,0,937209,0
1775731802,15dbe71f-eca0-41d6-8a3a-e5fd6d2c2fca,login,0,1,1,785812,0
1775754793,cc6a7b0a-aac4-45a5-89b8-538fccc1db40,upload,0,2,0,517240,0
1775731814,ab380f02-12bc-473b-a535-28f832822074,download,1,204,1,611112002,1
1775791607,bf43f002-7707-4271-b479-7bd6660b6627,login,0,0,0,824145,0
1775777826,ad53681e-c36e-4b3f-a8ad-22cf2bd4a765,login,0,0,0,881445,0
1775787044,3797b81a-52e7-4e52-b1c1-6a9fc51bf6c4,download,0,1,0,4536390,0
1775731838,167a8f34-3eb0-427e-b067-859df37c0547,login,0,2,1,244813,0
1775713432,0a847b66-6bdd-4f6c-9e30-f67be2e768e9,download,0,3,0,4473772,0
1775768682,4b67bf97-823a-4df1-bde9-f0a99700964b,list,0,0,0,171856,0
1775722646,c74fcfdf-af81-457e-a423-f6336477d65e,list,0,1,0,680401,0
1775750286,0a847b66-6bdd-4f6c-9e30-f67be2e768e9,list,0,2,0,43312,0
1775796366,af8ebf32-c726-48e0-b053-6e07e853a46c,download,0,2,0,2611030,0
1775718050,c737d5c8-b53d-4464-a1d2-9e2bd7456966,upload,0,2,0,440118,0
1775731880,fd0692da-82f4-4c34-a563-b3e73b085db8,download,0,3,0,4093564,0
1775731886,4bcd6d06-db69-4a40-b976-05c7544a1a2c,upload,0,0,0,368420,0
1775796446,c74fcfdf-af81-457e-a423-f6336477d65e,login,0,1,1,668693,0
1775768794,fd0692da-82f4-4c34-a563-b3e73b085db8,login,0,0,0,379166,0
1775773421,4bcd6d06-db69-4a40-b976-05c7544a1a2c,upload,0,0,0,320385,0
1775754980,e26907cb-e617-4ac2-b726-bea132470922,download,0,3,0,669888,0
1775764221,4b67bf97-823a-4df1-bde9-f0a99700964b,list,0,2,0,410959,0
1775764234,eafb92c7-9925-4cf6-9c62-aaf2d611150b,download,0,2,0,1125407,0
1775708843,0c0ce9ee-9ada-4d72-a3f2-eb9483feabe8,login,0,1,1,1013218,0
1775731934,3797b81a-52e7-4e52-b1c1-6a9fc51bf6c4,list,0,2,0,334538,0
1775796606,367f1ba0-3a73-4e8c-8daa-67458bf346b5,login,0,1,0,717798,0
1775736566,f33ea619-379b-4fe8-8607-92f27dba7c4a,upload,0,1,0,488559,0
1775778162,4b67bf97-823a-4df1-bde9-f0a99700964b,list,0,1,0,397081,0
1775722714,367f1ba0-3a73-4e8c-8daa-67458bf346b5,upload,0,2,0,635152,0
1775741210,3797b81a-52e7-4e52-b1c1-6a9fc51bf6c4,upload,0,0,0,997343,0
1775768962,b635daa1-ee9f-43f2-9a34-e1d43caad67b,download,0,5,0,301161,0
1775750476,eafb92c7-9925-4cf6-9c62-aaf2d611150b,download,0,5,0,4657698,0
1775796746,ab380f02-12bc-473b-a535-28f832822074,download,1,78,2,911223784,1
1775755123,3797b81a-52e7-4e52-b1c1-6a9fc51bf6c4,download,0,3,0,4259758,0
1775722738,c74fcfdf-af81-457e-a423-f6336477d65e,download,0,4,0,3560993,0
1775759774,fc4fad76-16bc-401b-88b4-73eedb5baf39,login,0,0,0,498631,0
1775750526,7019fef8-eee1-4780-8866-3cf355f39326,login,0,0,1,1029379,0
1775713488,9e93a6a6-b5c3-47bd-9b46-2b2d28bc37f7,upload,0,2,0,544499,0
1775782970,bf43f002-7707-4271-b479-7bd6660b6627,upload,0,2,0,713502,0
1775755189,8dfb3116-3ac3-4112-be98-a2662c81ae72,list,0,0,0,439250,0
1775708860,9b308c90-9a9b-4ab3-be08-0ca6d6041471,upload,0,0,0,370243,0
1775769116,c8fc1656-71fd-4515-acfb-7ef374d44fe6,list,0,1,0,845179,0
1775759858,b635daa1-ee9f-43f2-9a34-e1d43caad67b,download,0,5,0,3473698,0
1775713500,fd0692da-82f4-4c34-a563-b3e73b085db8,login,0,2,0,996865,0
1775741330,ae00c3fa-f6d5-419b-8612-52db300d9dd9,login,0,2,0,52458,0
1775778450,24981836-1892-4695-a7ba-6ea35f397c4d,login,0,0,0,957966,0
1775708866,0a847b66-6bdd-4f6c-9e30-f67be2e768e9,download,0,4,0,1296122,0
1775741354,8dfb3116-3ac3-4112-be98-a2662c81ae72,login,0,2,0,664315,0
1775746004,24981836-1892-4695-a7ba-6ea35f397c4d,login,0,1,0,393929,0
1775713512,4b67bf97-823a-4df1-bde9-f0a99700964b,download,0,5,0,3388700,0
1775746022,cc6a7b0a-aac4-45a5-89b8-538fccc1db40,download,0,5,0,1727153,0
1775727451,ab380f02-12bc-473b-a535-28f832822074,download,1,92,1,572575164,1
1775713518,c89fde94-1c9a-4e8a-90a3-c263cb7eb17e,list,0,0,0,170534,0
1775755343,3797b81a-52e7-4e52-b1c1-6a9fc51bf6c4,login,0,2,0,807914,0
1775713522,2778adb7-8d25-4998-840b-d5914a0c3d4c,list,0,0,0,321490,0
1775778610,bf43f002-7707-4271-b479-7bd6660b6627,login,0,1,1,692470,0
1775713526,cfeed54f-cb0f-4fcb-a16f-f26aa8f69416,download,0,4,0,4474475,0
1775741434,12991671-ea7d-4165-971a-36942f3fa1d2,list,0,1,0,467940,0
1775760050,bf43f002-7707-4271-b479-7bd6660b6627,upload,0,2,0,543392,0
1775755409,0a847b66-6bdd-4f6c-9e30-f67be2e768e9,upload,0,1,0,408115,0
1775783344,8dfb3116-3ac3-4112-be98-a2662c81ae72,upload,0,0,0,402951,0
1775718191,ab380f02-12bc-473b-a535-28f832822074,download,1,175,0,595070578,1
1775778722,9e93a6a6-b5c3-47bd-9b46-2b2d28bc37f7,download,0,5,0,3336411,0
1775732168,24981836-1892-4695-a7ba-6ea35f397c4d,login,0,2,0,545089,0
1775797386,3f213bee-6235-480e-9e70-d5e80fd9ddc3,login,0,0,0,54436,0
1775792747,67b0661e-1123-49dd-9aab-466dbffefb05,download,0,1,0,776794,0
1775774126,15dbe71f-eca0-41d6-8a3a-e5fd6d2c2fca,download,0,4,0,2882065,0
1775732192,b49ce9ef-011a-422b-8b81-2506dc0fe127,download,0,1,0,852732,0
1775727536,9e0ad054-903f-4afb-93ab-d3f19bcb3be2,login,0,1,1,607358,0
1775797486,c737d5c8-b53d-4464-a1d2-9e2bd7456966,login,0,0,0,240201,0
1775741538,ad53681e-c36e-4b3f-a8ad-22cf2bd4a765,list,0,2,0,101575,0
1775783531,032b1a57-8090-46a1-b4e2-919eecba5a54,download,0,2,0,1845663,0
1775774216,c8fc1656-71fd-4515-acfb-7ef374d44fe6,login,0,2,0,781186,0
1775741562,cfeed54f-cb0f-4fcb-a16f-f26aa8f69416,login,0,2,0,768020,0
1775769578,3e43f9fe-09aa-428c-895e-344049e5f0eb,login,0,0,1,612689,0
1775788268,7019fef8-eee1-4780-8866-3cf355f39326,download,0,3,0,4335756,0
1775760266,94ebcab9-38b7-432d-8cff-b96fbc75dfcb,download,0,1,0,1718839,0
1775769620,3797b81a-52e7-4e52-b1c1-6a9fc51bf6c4,download,0,1,0,665195,0
1775708898,f33ea619-379b-4fe8-8607-92f27dba7c4a,login,0,2,1,975030,0
1775708899,ab380f02-12bc-473b-a535-28f832822074,upload,0,0,0,973924,0
1775764988,c737d5c8-b53d-4464-a1d2-9e2bd7456966,list,0,2,0,192473,0
1775732276,24981836-1892-4695-a7ba-6ea35f397c4d,list,0,1,0,112658,0
1775769690,15dbe71f-eca0-41d6-8a3a-e5fd6d2c2fca,upload,0,0,0,427602,0
1775713580,12991671-ea7d-4165-971a-36942f3fa1d2,download,0,4,0,834852,0
1775793108,fc4fad76-16bc-401b-88b4-73eedb5baf39,list,0,0,0,654796,0
1775765053,8dfb3116-3ac3-4112-be98-a2662c81ae72,login,0,2,0,606126,0
1775788466,cfeed54f-cb0f-4fcb-a16f-f26aa8f69416,upload,0,2,0,171710,0
1775779122,2cfa69c9-d3d1-4780-967c-3e5e2ff36998,login,0,1,1,221392,0
1775755728,94ebcab9-38b7-432d-8cff-b96fbc75dfcb,login,0,1,0,285571,0
1775708909,e26907cb-e617-4ac2-b726-bea132470922,download,0,2,0,3138485,0
1775713594,af8ebf32-c726-48e0-b053-6e07e853a46c,upload,0,1,0,595408,0
1775746391,16220f75-189c-4d49-b1b9-5a289a9f3df4,login,0,0,0,212871,0
1775746400,032b1a57-8090-46a1-b4e2-919eecba5a54,upload,0,0,0,70186,0
1775746409,4b67bf97-823a-4df1-bde9-f0a99700964b,upload,0,2,0,783658,0
1775746418,4a209499-fcdb-4d47-9fba-19deb77f4b7b,download,0,4,0,4569944,0
1775788628,fc4fad76-16bc-401b-88b4-73eedb5baf39,download,0,2,0,1612930,0
1775746436,9e93a6a6-b5c3-47bd-9b46-2b2d28bc37f7,login,0,0,1,892902,0
1775718299,ace9ed8f-794e-41b0-ab66-c2ba52f19d0f,list,0,2,0,2448,0
1775774606,25a72f32-e37a-4cab-b3f6-77192fc0aa35,download,0,2,0,4626135,0
1775751156,16220f75-189c-4d49-b1b9-5a289a9f3df4,login,0,2,1,890040,0
1775788718,2cfa69c9-d3d1-4780-967c-3e5e2ff36998,login,0,0,1,845656,0
1775760566,12991671-ea7d-4165-971a-36942f3fa1d2,list,0,2,0,447466,0
1775765274,2778adb7-8d25-4998-840b-d5914a0c3d4c,download,0,3,0,2321886,0
1775718317,eafb92c7-9925-4cf6-9c62-aaf2d611150b,upload,0,2,0,466322,0
1775708924,cfeed54f-cb0f-4fcb-a16f-f26aa8f69416,list,0,1,0,345777,0
1775774711,16220f75-189c-4d49-b1b9-5a289a9f3df4,upload,0,0,0,64686,0
1775737126,67b0661e-1123-49dd-9aab-466dbffefb05,download,0,2,0,556032,0
1775751236,4bcd6d06-db69-4a40-b976-05c7544a1a2c,download,0,4,0,1538304,0
1775793564,0a847b66-6bdd-4f6c-9e30-f67be2e768e9,download,0,2,0,684973,0
1775732444,bf43f002-7707-4271-b479-7bd6660b6627,login,0,1,0,1044850,0
1775760674,c74fcfdf-af81-457e-a423-f6336477d65e,upload,0,1,0,347000,0
1775732456,c74fcfdf-af81-457e-a423-f6336477d65e,download,0,4,0,2162168,0
1775741874,b49ce9ef-011a-422b-8b81-2506dc0fe127,login,0,1,1,886581,0
1775751296,3f213bee-6235-480e-9e70-d5e80fd9ddc3,download,0,5,0,621130,0
1775732474,4b67bf97-823a-4df1-bde9-f0a99700964b,login,0,0,1,14618,0
1775751316,49dda7ce-0e05-4a40-a128-6349450ff1a6,download,0,3,0,4608914,0
1775765456,c89fde94-1c9a-4e8a-90a3-c263cb7eb17e,download,0,2,0,3263275,0
1775774891,bb5a333e-d631-4644-91cc-88c161a23399,login,0,2,1,367932,0
1775708938,ad53681e-c36e-4b3f-a8ad-22cf2bd4a765,upload,0,0,0,979309,0
1775723078,67b0661e-1123-49dd-9aab-466dbffefb05,login,0,1,1,116249,0
1775713654,0c0ce9ee-9ada-4d72-a3f2-eb9483feabe8,login,0,2,0,942009,0
1775713656,25a72f32-e37a-4cab-b3f6-77192fc0aa35,upload,0,2,0,696264,0
1775774966,fc4fad76-16bc-401b-88b4-73eedb5baf39,upload,0,1,0,73270,0
1775756113,67b0661e-1123-49dd-9aab-466dbffefb05,download,0,1,0,856332,0
1775723098,fc4fad76-16bc-401b-88b4-73eedb5baf39,list,0,0,0,936609,0
1775723102,167a8f34-3eb0-427e-b067-859df37c0547,upload,0,0,0,27289,0
1775760866,367f1ba0-3a73-4e8c-8daa-67458bf346b5,login,0,2,1,727539,0
1775737273,24981836-1892-4695-a7ba-6ea35f397c4d,list,0,0,0,99561,0
1775793944,24981836-1892-4695-a7ba-6ea35f397c4d,upload,0,0,0,607846,0
1775756179,032b1a57-8090-46a1-b4e2-919eecba5a54,upload,0,1,0,903729,0
1775708950,9e0ad054-903f-4afb-93ab-d3f19bcb3be2,list,0,1,0,318006,0
1775708951,bb5a333e-d631-4644-91cc-88c161a23399,list,0,2,0,700185,0
1775718404,b49ce9ef-011a-422b-8b81-2506dc0fe127,login,0,0,0,553485,0
1775713680,cc6a7b0a-aac4-45a5-89b8-538fccc1db40,upload,0,2,0,128126,0
1775765690,4bcd6d06-db69-4a40-b976-05c7544a1a2c,upload,0,1,0,748796,0
1775742058,cfeed54f-cb0f-4fcb-a16f-f26aa8f69416,upload,0,1,0,892691,0
1775775176,b49ce9ef-011a-422b-8b81-2506dc0fe127,download,0,5,0,4089579,0
1775718419,9b308c90-9a9b-4ab3-be08-0ca6d6041471,upload,0,2,0,830239,0
1775713690,ab380f02-12bc-473b-a535-28f832822074,download,1,104,2,707981577,1
1775798886,c737d5c8-b53d-4464-a1d2-9e2bd7456966,list,0,2,0,259310,0
1775713694,15dbe71f-eca0-41d6-8a3a-e5fd6d2c2fca,list,0,1,0,854335,0
1775751576,af8ebf32-c726-48e0-b053-6e07e853a46c,list,0,1,0,641184,0
1775746850,8dfb3116-3ac3-4112-be98-a2662c81ae72,upload,0,1,0,589666,0
1775718437,e26907cb-e617-4ac2-b726-bea132470922,list,0,1,0,966626,0
1775756344,16220f75-189c-4d49-b1b9-5a289a9f3df4,download,0,1,0,754562,0
1775784789,8dfb3116-3ac3-4112-be98-a2662c81ae72,list,0,1,0,404106,0
1775765846,67b0661e-1123-49dd-9aab-466dbffefb05,download,0,1,0,1100221,0
1775732672,ace9ed8f-794e-41b0-ab66-c2ba52f19d0f,list,0,0,0,858512,0
1775775356,fc4fad76-16bc-401b-88b4-73eedb5baf39,upload,0,2,0,808980,0
1775784857,9e0ad054-903f-4afb-93ab-d3f19bcb3be2,login,0,1,1,31956,0
1775746922,16220f75-189c-4d49-b1b9-5a289a9f3df4,list,0,2,0,107822,0
1775713716,ace9ed8f-794e-41b0-ab66-c2ba52f19d0f,login,0,1,0,852042,0
1775732702,2cfa69c9-d3d1-4780-967c-3e5e2ff36998,download,0,2,0,2825190,0
1775775431,c737d5c8-b53d-4464-a1d2-9e2bd7456966,login,0,0,1,367423,0
1775784942,ae00c3fa-f6d5-419b-8612-52db300d9dd9,list,0,2,0,1003437,0
1775765963,b49ce9ef-011a-422b-8b81-2506dc0fe127,upload,0,1,0,72612,0
1775756476,49dda7ce-0e05-4a40-a128-6349450ff1a6,login,0,0,1,247071,0
1775775491,24981836-1892-4695-a7ba-6ea35f397c4d,download,0,2,0,1340877,0
1775780258,bf43f002-7707-4271-b479-7bd6660b6627,list,0,1,0,484299,0
1775785027,2cfa69c9-d3d1-4780-967c-3e5e2ff36998,upload,0,2,0,737627,0
1775708980,4bcd6d06-db69-4a40-b976-05c7544a1a2c,login,0,0,1,548909,0
1775747021,9e0ad054-903f-4afb-93ab-d3f19bcb3be2,login,0,1,0,496667,0
1775789834,12991671-ea7d-4165-971a-36942f3fa1d2,list,0,1,0,699245,0
1775775581,4a209499-fcdb-4d47-9fba-19deb77f4b7b,upload,0,1,0,648847,0
1775708984,25a72f32-e37a-4cab-b3f6-77192fc0aa35,upload,0,0,0,990053,0
1775766093,ace9ed8f-794e-41b0-ab66-c2ba52f19d0f,list,0,2,0,640845,0
1775708986,fd0692da-82f4-4c34-a563-b3e73b085db8,upload,0,1,0,124629,0
1775737553,9e0ad054-903f-4afb-93ab-d3f19bcb3be2,download,0,2,0,3434603,0
1775766132,49dda7ce-0e05-4a40-a128-6349450ff1a6,list,0,2,0,835257,0
1775799486,8dfb3116-3ac3-4112-be98-a2662c81ae72,list,0,0,0,929807,0
1775737574,94ebcab9-38b7-432d-8cff-b96fbc75dfcb,upload,1,2,0,761590,0
1775775701,3e43f9fe-09aa-428c-895e-344049e5f0eb,list,0,2,0,403733,0
1775761418,12991671-ea7d-4165-971a-36942f3fa1d2,upload,0,2,0,717178,0
1775737595,0a847b66-6bdd-4f6c-9e30-f67be2e768e9,upload,0,1,0,134718,0
1775766210,15dbe71f-eca0-41d6-8a3a-e5fd6d2c2fca,upload,0,0,0,510980,0
1775799606,3f213bee-6235-480e-9e70-d5e80fd9ddc3,download,0,5,0,4768598,0
1775728076,9b308c90-9a9b-4ab3-be08-0ca6d6041471,upload,0,0,0,698167,0
1775747165,0c0ce9ee-9ada-4d72-a3f2-eb9483feabe8,upload,0,2,0,947390,0
1775732858,167a8f34-3eb0-427e-b067-859df37c0547,login,0,1,0,307970,0
1775771048,15dbe71f-eca0-41d6-8a3a-e5fd6d2c2fca,list,0,1,0,734225,0
1775761514,b49ce9ef-011a-422b-8b81-2506dc0fe127,upload,0,0,0,860623,0
1775747201,032b1a57-8090-46a1-b4e2-919eecba5a54,download,0,3,0,1582764,0
1775794970,ab380f02-12bc-473b-a535-28f832822074,download,1,127,1,693352726,1
1775799766,fc4fad76-16bc-401b-88b4-73eedb5baf39,download,0,5,0,4933197,0
1775785452,63ed13fc-16ff-4c73-adea-2135300ae355,upload,0,1,0,325469,0
1775761574,67b0661e-1123-49dd-9aab-466dbffefb05,login,0,1,1,490420,0
1775747246,c89fde94-1c9a-4e8a-90a3-c263cb7eb17e,list,0,1,0,990281,0
1775718569,67b0661e-1123-49dd-9aab-466dbffefb05,upload,0,1,0,50732,0
1775780738,032b1a57-8090-46a1-b4e2-919eecba5a54,login,0,2,0,40204,0
1775799886,3f213bee-6235-480e-9e70-d5e80fd9ddc3,list,0,2,0,730887,0
1775790338,ab380f02-12bc-473b-a535-28f832822074,download,0,83,2,239925334,1
1775718581,3f213bee-6235-480e-9e70-d5e80fd9ddc3,list,0,0,0,954459,0
1775723370,94ebcab9-38b7-432d-8cff-b96fbc75dfcb,download,0,2,0,2119580,0
1775728161,0a847b66-6bdd-4f6c-9e30-f67be2e768e9,login,0,2,1,254272,0
1775737742,15dbe71f-eca0-41d6-8a3a-e5fd6d2c2fca,list,0,1,0,218691,0
1775756905,2778adb7-8d25-4998-840b-d5914a0c3d4c,download,0,4,0,3559320,0
1775776076,15dbe71f-eca0-41d6-8a3a-e5fd6d2c2fca,upload,0,0,0,463869,0
1775776091,f33ea619-379b-4fe8-8607-92f27dba7c4a,upload,0,1,0,73381,0
1775766522,3797b81a-52e7-4e52-b1c1-6a9fc51bf6c4,upload,0,0,0,623034,0
1775752156,9e93a6a6-b5c3-47bd-9b46-2b2d28bc37f7,login,0,2,0,740202,0
1775780930,b49ce9ef-011a-422b-8b81-2506dc0fe127,list,0,2,0,524646,0
1775795331,12991671-ea7d-4165-971a-36942f3fa1d2,login,0,1,0,735986,0
1775747390,cc6a7b0a-aac4-45a5-89b8-538fccc1db40,download,0,3,0,2209853,0
1775709023,7019fef8-eee1-4780-8866-3cf355f39326,list,0,1,0,295475,0
1775733014,ae00c3fa-f6d5-419b-8612-52db300d9dd9,upload,0,2,0,544028,0
1775766613,0a847b66-6bdd-4f6c-9e30-f67be2e768e9,list,0,2,0,196483,0
1775752226,4b67bf97-823a-4df1-bde9-f0a99700964b,upload,0,2,0,937119,0
1775766639,ae00c3fa-f6d5-419b-8612-52db300d9dd9,login,0,2,1,242113,0
1775733038,367f1ba0-3a73-4e8c-8daa-67458bf346b5,download,0,2,0,3013642,0
1775800286,15dbe71f-eca0-41d6-8a3a-e5fd6d2c2fca,download,0,2,0,1752544,0
1775795502,032b1a57-8090-46a1-b4e2-919eecba5a54,upload,0,2,0,352267,0
1775776301,b635daa1-ee9f-43f2-9a34-e1d43caad67b,list,0,2,0,212317,0
1775781122,3797b81a-52e7-4e52-b1c1-6a9fc51bf6c4,login,0,0,1,449425,0
1775795559,9e0ad054-903f-4afb-93ab-d3f19bcb3be2,list,0,0,0,919168,0
1775795578,032b1a57-8090-46a1-b4e2-919eecba5a54,upload,0,2,0,57539,0
1775776361,2778adb7-8d25-4998-840b-d5914a0c3d4c,login,0,2,0,736781,0
1775737896,cfeed54f-cb0f-4fcb-a16f-f26aa8f69416,list,0,0,0,719124,0
1775771580,25a72f32-e37a-4cab-b3f6-77192fc0aa35,download,0,5,0,4353874,0
1775790842,15dbe71f-eca0-41d6-8a3a-e5fd6d2c2fca,upload,0,1,0,544961,0
1775728291,c74fcfdf-af81-457e-a423-f6336477d65e,download,0,2,0,66610,0
1775781250,fc4fad76-16bc-401b-88b4-73eedb5baf39,list,0,2,0,764869,0
1775709041,af8ebf32-c726-48e0-b053-6e07e853a46c,list,0,2,0,243766,0
1775762018,eafb92c7-9925-4cf6-9c62-aaf2d611150b,login,0,2,0,517613,0
1775723494,b49ce9ef-011a-422b-8b81-2506dc0fe127,list,0,1,0,581120,0
1775733134,4a209499-fcdb-4d47-9fba-19deb77f4b7b,list,0,1,0,518133,0
1775800606,9b308c90-9a9b-4ab3-be08-0ca6d6041471,upload,0,0,0,835051,0
1775737966,24981836-1892-4695-a7ba-6ea35f397c4d,upload,0,2,0,165019,0
1775733152,94ebcab9-38b7-432d-8cff-b96fbc75dfcb,login,0,0,1,516440,0
1775752446,fd0692da-82f4-4c34-a563-b3e73b085db8,login,0,0,1,998517,0
1775728341,4b67bf97-823a-4df1-bde9-f0a99700964b,download,0,3,0,1395120,0
1775709050,24981836-1892-4695-a7ba-6ea35f397c4d,upload,0,0,0,519315,0
1775791076,af8ebf32-c726-48e0-b053-6e07e853a46c,download,0,5,0,929697,0
1775762138,b635daa1-ee9f-43f2-9a34-e1d43caad67b,download,0,4,0,1004046,0
1775728361,0c0ce9ee-9ada-4d72-a3f2-eb9483feabe8,download,0,5,0,672384,0
1775728366,0c0ce9ee-9ada-4d72-a3f2-eb9483feabe8,upload,0,2,0,843073,0
1775733200,167a8f34-3eb0-427e-b067-859df37c0547,upload,0,2,0,458236,0
1775713886,8dfb3116-3ac3-4112-be98-a2662c81ae72,upload,0,1,0,116996,0
1775786353,e26907cb-e617-4ac2-b726-bea132470922,login,0,1,0,39267,0
1775747714,167a8f34-3eb0-427e-b067-859df37c0547,list,0,1,0,487145,0
1775796053,032b1a57-8090-46a1-b4e2-919eecba5a54,login,0,0,0,857492,0
1775728396,ab380f02-12bc-473b-a535-28f832822074,download,1,87,0,695620750,1
1775738071,25a72f32-e37a-4cab-b3f6-77192fc0aa35,download,0,5,0,2503706,0
1775738078,0a847b66-6bdd-4f6c-9e30-f67be2e768e9,login,0,2,1,26393,0
1775709063,af8ebf32-c726-48e0-b053-6e07e853a46c,list,0,0,0,645026,0
1775733254,ae00c3fa-f6d5-419b-8612-52db300d9dd9,download,0,2,0,4320267,0
1775771972,94ebcab9-38b7-432d-8cff-b96fbc75dfcb,list,0,2,0,59253,0
1775786506,24981836-1892-4695-a7ba-6ea35f397c4d,upload,0,2,0,631419,0
1775738113,9e93a6a6-b5c3-47bd-9b46-2b2d28bc37f7,upload,0,0,0,589466,0
1775752646,eafb92c7-9925-4cf6-9c62-aaf2d611150b,upload,0,2,0,31989,0
1775728441,15dbe71f-eca0-41d6-8a3a-e5fd6d2c2fca,upload,0,2,0,1004611,0
1775713914,fd0692da-82f4-4c34-a563-b3e73b085db8,download,0,5,0,843818,0
1775742986,94ebcab9-38b7-432d-8cff-b96fbc75dfcb,list,0,0,0,140238,0
1775728456,3797b81a-52e7-4e52-b1c1-6a9fc51bf6c4,login,0,2,0,523324,0
1775723614,6ced1eb4-5e32-4d6c-8280-0946d4f05bef,upload,0,2,0,776085,0
1775772098,ab380f02-12bc-473b-a535-28f832822074,download,1,277,2,797763893,1
1775718773,f33ea619-379b-4fe8-8607-92f27dba7c4a,list,0,2,0,160716,0
1775718776,3e43f9fe-09aa-428c-895e-344049e5f0eb,download,0,2,0,826532,0
1775723630,3f213bee-6235-480e-9e70-d5e80fd9ddc3,login,0,0,0,183985,0
1775752746,94ebcab9-38b7-432d-8cff-b96fbc75dfcb,list,0,0,0,448076,0
1775801286,3797b81a-52e7-4e52-b1c1-6a9fc51bf6c4,upload,1,1,0,392633,0
1775733350,9e0ad054-903f-4afb-93ab-d3f19bcb3be2,download,0,5,0,1641109,0
1775786761,67b0661e-1123-49dd-9aab-466dbffefb05,login,0,1,1,602531,0
1775718794,b49ce9ef-011a-422b-8b81-2506dc0fe127,upload,0,0,0,597809,0
1775738225,4a209499-fcdb-4d47-9fba-19deb77f4b7b,list,0,1,0,496834,0
1775738232,67b0661e-1123-49dd-9aab-466dbffefb05,login,0,1,0,996290,0
1775752816,9e0ad054-903f-4afb-93ab-d3f19bcb3be2,list,0,2,0,776826,0
1775772266,4b67bf97-823a-4df1-bde9-f0a99700964b,list,0,2,0,607654,0
1775757697,ace9ed8f-794e-41b0-ab66-c2ba52f19d0f,list,0,1,0,40002,0
1775762570,12991671-ea7d-4165-971a-36942f3fa1d2,upload,0,1,0,299203,0
1775733404,c8fc1656-71fd-4515-acfb-7ef374d44fe6,list,0,0,0,43674,0
1775752866,ab380f02-12bc-473b-a535-28f832822074,download,1,389,0,204110607,1
1775777201,ab380f02-12bc-473b-a535-28f832822074,download,0,4,0,976629,0
1775757752,3797b81a-52e7-4e52-b1c1-6a9fc51bf6c4,upload,0,0,0,879677,0
1775786965,7019fef8-eee1-4780-8866-3cf355f39326,login,0,2,0,902783,0
1775791850,cc6a7b0a-aac4-45a5-89b8-538fccc1db40,download,0,3,0,4416708,0
1775748047,c89fde94-1c9a-4e8a-90a3-c263cb7eb17e,download,0,2,0,3770199,0
1775723706,c8fc1656-71fd-4515-acfb-7ef374d44fe6,list,0,1,0,159110,0
1775743194,72e59186-4ee7-4a1e-9d41-155f00e06a95,list,0,1,0,1014670,0
1775777306,ace9ed8f-794e-41b0-ab66-c2ba52f19d0f,download,0,5,0,3488620,0
1775718845,e26907cb-e617-4ac2-b726-bea132470922,download,0,3,0,2102386,0
1775777336,bf43f002-7707-4271-b479-7bd6660b6627,list,0,2,0,751186,0
1775791976,b635daa1-ee9f-43f2-9a34-e1d43caad67b,upload,0,1,0,577673,0
1775713978,ad53681e-c36e-4b3f-a8ad-22cf2bd4a765,upload,0,1,0,1018432,0
1775723734,4b67bf97-823a-4df1-bde9-f0a99700964b,list,0,2,0,804494,0
1775782274,cfeed54f-cb0f-4fcb-a16f-f26aa8f69416,upload,0,2,0,646232,0
1775762774,2cfa69c9-d3d1-4780-967c-3e5e2ff36998,upload,0,2,0,313891,0
1775787186,ab380f02-12bc-473b-a535-28f832822074,download,0,322,0,344636920,1
1775787203,16220f75-189c-4d49-b1b9-5a289a9f3df4,list,0,0,0,44858,0
1775713990,24981836-1892-4695-a7ba-6ea35f397c4d,login,0,1,1,270501,0
1775748173,c8fc1656-71fd-4515-acfb-7ef374d44fe6,download,0,4,0,510694,0
1775709110,e26907cb-e617-4ac2-b726-bea132470922,list,0,1,0,866841,0
1775792156,fc4fad76-16bc-401b-88b4-73eedb5baf39,upload,0,0,0,788506,0
1775797060,2778adb7-8d25-4998-840b-d5914a0c3d4c,upload,0,0,0,178084,0
1775738435,cfeed54f-cb0f-4fcb-a16f-f26aa8f69416,list,0,1,0,378952,0
1775718890,ae00c3fa-f6d5-419b-8612-52db300d9dd9,login,0,2,1,188172,0
1775709115,eafb92c7-9925-4cf6-9c62-aaf2d611150b,download,0,3,0,3631638,0
1775777576,94ebcab9-38b7-432d-8cff-b96fbc75dfcb,list,0,1,0,150637,0
1775723790,367f1ba0-3a73-4e8c-8daa-67458bf346b5,list,0,2,0,830891,0
1775743362,c89fde94-1c9a-4e8a-90a3-c263cb7eb17e,upload,0,2,0,97809,0
1775728691,25a72f32-e37a-4cab-b3f6-77192fc0aa35,download,0,2,0,1122746,0
1775787424,12991671-ea7d-4165-971a-36942f3fa1d2,login,0,2,0,819611,0
1775753176,15dbe71f-eca0-41d6-8a3a-e5fd6d2c2fca,download,0,4,0,3204955,0
1775782562,7019fef8-eee1-4780-8866-3cf355f39326,upload,0,2,0,187054,0
1775723814,c737d5c8-b53d-4464-a1d2-9e2bd7456966,login,0,2,0,425976,0
1775718920,ab380f02-12bc-473b-a535-28f832822074,download,1,209,1,949413200,1
1775738519,3e43f9fe-09aa-428c-895e-344049e5f0eb,list,0,2,0,289560,0
1775767926,fc4fad76-16bc-401b-88b4-73eedb5baf39,login,0,0,0,283390,0
1775718929,c89fde94-1c9a-4e8a-90a3-c263cb7eb17e,download,0,3,0,3994073,0
1775763050,eafb92c7-9925-4cf6-9c62-aaf2d611150b,login,0,1,0,566826,0
1775758159,3797b81a-52e7-4e52-b1c1-6a9fc51bf6c4,list,0,0,0,556108,0
1775718938,f33ea619-379b-4fe8-8607-92f27dba7c4a,list,0,1,0,112053,0
1775787611,3f213bee-6235-480e-9e70-d5e80fd9ddc3,list,0,1,0,613839,0
1775777816,032b1a57-8090-46a1-b4e2-919eecba5a54,login,0,1,0,1002948,0
1775748389,16220f75-189c-4d49-b1b9-5a289a9f3df4,login,0,0,1,423588,0
1775743490,c74fcfdf-af81-457e-a423-f6336477d65e,download,0,1,0,2687136,0
1775777861,4b67bf97-823a-4df1-bde9-f0a99700964b,login,0,2,0,86602,0
1775797516,b635daa1-ee9f-43f2-9a34-e1d43caad67b,login,0,0,1,353103,0
1775738603,15dbe71f-eca0-41d6-8a3a-e5fd6d2c2fca,login,0,0,1,278594,0
1775714050,7019fef8-eee1-4780-8866-3cf355f39326,login,0,2,0,852342,0
1775777921,ad53681e-c36e-4b3f-a8ad-22cf2bd4a765,download,0,5,0,1657583,0
1775777936,c74fcfdf-af81-457e-a423-f6336477d65e,list,0,1,0,204841,0
1775787781,6ced1eb4-5e32-4d6c-8280-0946d4f05bef,login,0,0,0,840643,0
1775728806,25a72f32-e37a-4cab-b3f6-77192fc0aa35,list,0,0,0,875732,0
1775738645,7019fef8-eee1-4780-8866-3cf355f39326,upload,0,0,0,181374,0
1775768160,2778adb7-8d25-4998-840b-d5914a0c3d4c,list,0,0,0,96045,0
1775773092,16220f75-189c-4d49-b1b9-5a289a9f3df4,list,0,2,0,36424,0
1775743586,ab380f02-12bc-473b-a535-28f832822074,download,0,435,2,952355400,1
1775768199,25a72f32-e37a-4cab-b3f6-77192fc0aa35,download,0,2,0,2205453,0
1775797744,63ed13fc-16ff-4c73-adea-2135300ae355,list,0,1,0,130060,0
1775723918,bf43f002-7707-4271-b479-7bd6660b6627,download,0,2,0,5219716,0
1775718998,cfeed54f-cb0f-4fcb-a16f-f26aa8f69416,list,0,0,0,420943,0
1775748551,2cfa69c9-d3d1-4780-967c-3e5e2ff36998,login,0,1,1,658854,0
1775728856,12991671-ea7d-4165-971a-36942f3fa1d2,download,0,5,0,3423205,0
1775728861,8dfb3116-3ac3-4112-be98-a2662c81ae72,upload,0,1,0,883289,0
1775802786,ab380f02-12bc-473b-a535-28f832822074,list,0,0,0,614658,0
1775773232,24981836-1892-4695-a7ba-6ea35f397c4d,upload,0,0,0,118180,0
1775738736,c89fde94-1c9a-4e8a-90a3-c263cb7eb17e,upload,0,0,0,547694,0
1775714088,eafb92c7-9925-4cf6-9c62-aaf2d611150b,upload,0,1,0,919022,0
1775733818,c89fde94-1c9a-4e8a-90a3-c263cb7eb17e,list,0,0,0,506640,0
1775733824,e26907cb-e617-4ac2-b726-bea132470922,download,0,4,0,2449793,0
1775748632,0a847b66-6bdd-4f6c-9e30-f67be2e768e9,download,0,4,0,493264,0
1775778251,ae00c3fa-f6d5-419b-8612-52db300d9dd9,download,0,5,0,4606106,0
1775758522,cc6a7b0a-aac4-45a5-89b8-538fccc1db40,login,0,0,1,689658,0
1775714100,49dda7ce-0e05-4a40-a128-6349450ff1a6,download,0,3,0,3328186,0
1775802986,94ebcab9-38b7-432d-8cff-b96fbc75dfcb,list,0,0,0,73390,0
1775788189,367f1ba0-3a73-4e8c-8daa-67458bf346b5,list,0,1,0,59936,0
1775728926,4b67bf97-823a-4df1-bde9-f0a99700964b,login,0,2,0,449392,0
1775738813,c74fcfdf-af81-457e-a423-f6336477d65e,download,0,2,0,2193133,0
1775783298,3f213bee-6235-480e-9e70-d5e80fd9ddc3,upload,0,2,0,930635,0
1775793200,25a72f32-e37a-4cab-b3f6-77192fc0aa35,upload,0,0,0,342698,0
1775753666,ab380f02-12bc-473b-a535-28f832822074,download,0,327,0,327913945,1
1775738841,b49ce9ef-011a-422b-8b81-2506dc0fe127,login,0,1,0,711012,0
1775758632,8f4bb3f7-7f34-4857-9345-cc7b691ec121,list,0,0,0,677309,0
1775709173,c8fc1656-71fd-4515-acfb-7ef374d44fe6,download,0,5,0,4930076,0
1775728966,7019fef8-eee1-4780-8866-3cf355f39326,upload,0,2,0,62463,0
1775714124,032b1a57-8090-46a1-b4e2-919eecba5a54,download,0,5,0,640741,0
1775768576,8f4bb3f7-7f34-4857-9345-cc7b691ec121,list,0,1,0,938571,0
1775728981,af8ebf32-c726-48e0-b053-6e07e853a46c,upload,0,1,0,991674,0
1775778506,3e43f9fe-09aa-428c-895e-344049e5f0eb,list,0,2,0,76716,0
1775753756,63ed13fc-16ff-4c73-adea-2135300ae355,login,0,1,1,427444,0
1775778536,fd0692da-82f4-4c34-a563-b3e73b085db8,login,0,1,0,752747,0
1775758731,e26907cb-e617-4ac2-b726-bea132470922,list,0,1,0,609536,0
1775778566,fd0692da-82f4-4c34-a563-b3e73b085db8,list,0,1,0,856370,0
1775753796,367f1ba0-3a73-4e8c-8daa-67458bf346b5,login,0,1,1,240251,0
1775724058,ab380f02-12bc-473b-a535-28f832822074,download,1,152,0,211734118,1
1775788529,9e93a6a6-b5c3-47bd-9b46-2b2d28bc37f7,upload,0,2,0,679431,0
1775753826,ace9ed8f-794e-41b0-ab66-c2ba52f19d0f,list,0,0,0,599849,0
1775748875,fd0692da-82f4-4c34-a563-b3e73b085db8,login,0,1,0,421242,0
1775709188,ad53681e-c36e-4b3f-a8ad-22cf2bd4a765,upload,0,2,0,50390,0
1775758819,3f213bee-6235-480e-9e70-d5e80fd9ddc3,login,0,1,0,852573,0
1775714154,15dbe71f-eca0-41d6-8a3a-e5fd6d2c2fca,login,0,0,0,861744,0
1775709191,ab380f02-12bc-473b-a535-28f832822074,login,0,1,0,4333,0
1775709192,25a72f32-e37a-4cab-b3f6-77192fc0aa35,list,0,0,0,604195,0
1775788665,25a72f32-e37a-4cab-b3f6-77192fc0aa35,download,0,3,0,4538161,0
1775793650,ad53681e-c36e-4b3f-a8ad-22cf2bd4a765,download,0,5,0,1488165,0
1775748947,eafb92c7-9925-4cf6-9c62-aaf2d611150b,login,0,1,1,639926,0
1775773806,032b1a57-8090-46a1-b4e2-919eecba5a54,list,0,0,0,700510,0
1775734052,7019fef8-eee1-4780-8866-3cf355f39326,upload,0,2,0,895638,0
1775763890,67b0661e-1123-49dd-9aab-466dbffefb05,list,0,2,0,14847,0
1775778821,9e93a6a6-b5c3-47bd-9b46-2b2d28bc37f7,list,0,1,0,789696,0
1775758940,72e59186-4ee7-4a1e-9d41-155f00e06a95,login,0,2,0,258804,0
1775758951,ae00c3fa-f6d5-419b-8612-52db300d9dd9,download,0,4,0,527508,0
1775763938,fd0692da-82f4-4c34-a563-b3e73b085db8,download,0,1,0,825503,0
1775753996,e26907cb-e617-4ac2-b726-bea132470922,list,0,0,0,442752,0
1775773918,367f1ba0-3a73-4e8c-8daa-67458bf346b5,download,0,3,0,2993766,0
1775788869,15dbe71f-eca0-41d6-8a3a-e5fd6d2c2fca,list,0,2,0,696715,0
1775788886,4a209499-fcdb-4d47-9fba-19deb77f4b7b,login,0,1,1,454134,0
1775724150,3797b81a-52e7-4e52-b1c1-6a9fc51bf6c4,list,0,1,0,915873,0
1775778956,af8ebf32-c726-48e0-b053-6e07e853a46c,upload,0,2,0,820552,0
1775803886,fc4fad76-16bc-401b-88b4-73eedb5baf39,download,0,1,0,1127314,0
1775774002,72e59186-4ee7-4a1e-9d41-155f00e06a95,login,0,0,1,704456,0
1775764046,e26907cb-e617-4ac2-b726-bea132470922,upload,0,2,0,912126,0
1775784002,3e43f9fe-09aa-428c-895e-344049e5f0eb,download,0,5,0,2996131,0
1775724174,6ced1eb4-5e32-4d6c-8280-0946d4f05bef,list,0,1,0,107959,0
1775709214,af8ebf32-c726-48e0-b053-6e07e853a46c,list,0,2,0,481329,0
1775739149,12991671-ea7d-4165-971a-36942f3fa1d2,upload,0,0,0,832125,0
1775789056,b49ce9ef-011a-422b-8b81-2506dc0fe127,list,0,2,0,931973,0
1775789073,6ced1eb4-5e32-4d6c-8280-0946d4f05bef,upload,0,0,0,706151,0
1775794082,fd0692da-82f4-4c34-a563-b3e73b085db8,upload,0,0,0,318682,0
1775734184,ae00c3fa-f6d5-419b-8612-52db300d9dd9,upload,1,1,0,625298,0
1775744178,9e0ad054-903f-4afb-93ab-d3f19bcb3be2,upload,0,0,0,503199,0
1775724206,c737d5c8-b53d-4464-a1d2-9e2bd7456966,download,0,2,0,5042840,0
1775789158,2cfa69c9-d3d1-4780-967c-3e5e2ff36998,upload,0,2,0,458443,0
1775709223,c74fcfdf-af81-457e-a423-f6336477d65e,login,0,0,0,965093,0
1775759204,ab380f02-12bc-473b-a535-28f832822074,download,0,458,1,133041857,1
1775709225,ab380f02-12bc-473b-a535-28f832822074,download,1,69,0,444098836,1
